transaction_id,account_id,transaction_date,transaction_type,amount,currency,merchant_id,status
TXN00000850,ACCT000053,2024-01-01,purchase,-122.1,EUR,MERCH0007,failed
TXN00001280,ACCT000072,2024-01-01,purchase,-125.17,USD,MERCH0008,posted
TXN00001565,ACCT000086,2024-01-01,deposit,1537.97,GBP,,pending
TXN00002791,ACCT000144,2024-01-01,purchase,-25.36,EUR,MERCH0010,posted
TXN00002808,ACCT000145,2024-01-01,purchase,-376.42,EUR,MERCH0010,posted
TXN00002828,ACCT000145,2024-01-01,purchase,-67.53,EUR,MERCH0008,posted
TXN00003149,ACCT000163,2024-01-01,fee,-24.68,GBP,,posted
TXN00003580,ACCT000185,2024-01-01,transfer,-1962.4,USD,,posted
TXN00004080,ACCT000218,2024-01-01,deposit,1051.67,USD,,posted
TXN00004141,ACCT000223,2024-01-01,purchase,-72.31,USD,MERCH0004,pending
TXN00004920,ACCT000264,2024-01-01,purchase,-278.73,EUR,MERCH0007,posted
TXN00005301,ACCT000286,2024-01-01,fee,-21.49,EUR,,posted
TXN00005457,ACCT000294,2024-01-01,purchase,-200.84,GBP,MERCH0001,posted
TXN00005853,ACCT000316,2024-01-01,withdrawal,-582.03,USD,,failed
TXN00001094,ACCT000064,2024-01-02,fee,-7.8,GBP,,posted
TXN00001307,ACCT000073,2024-01-02,fee,-22.79,USD,,failed
TXN00001504,ACCT000084,2024-01-02,transfer,-1274.88,USD,,posted
TXN00001903,ACCT000102,2024-01-02,purchase,-227.95,USD,MERCH0003,failed
TXN00003058,ACCT000157,2024-01-02,deposit,376.61,USD,,posted
TXN00003589,ACCT000185,2024-01-02,fee,-16.7,USD,,pending
TXN00003842,ACCT000203,2024-01-02,purchase,-322.72,EUR,MERCH0006,pending
TXN00003906,ACCT000206,2024-01-02,purchase,-410.23,GBP,MERCH0005,failed
TXN00004941,ACCT000266,2024-01-02,fee,-29.23,USD,,posted
TXN00005142,ACCT000277,2024-01-02,purchase,-370.42,GBP,MERCH0007,failed
TXN00005500,ACCT000298,2024-01-02,withdrawal,-685.81,GBP,,pending
TXN00005648,ACCT000305,2024-01-02,purchase,-242.33,USD,MERCH0004,pending
TXN00006155,ACCT000329,2024-01-02,fee,-21.81,USD,,failed
TXN00001861,ACCT000099,2024-01-03,refund,28.82,USD,MERCH0005,posted
TXN00001990,ACCT000106,2024-01-03,transfer,1145.22,EUR,,posted
TXN00003091,ACCT000158,2024-01-03,purchase,-22.01,EUR,MERCH0008,posted
TXN00003257,ACCT000168,2024-01-03,refund,70.49,USD,MERCH0004,posted
TXN00004382,ACCT000235,2024-01-03,purchase,-235.93,USD,MERCH0009,pending
TXN00005237,ACCT000283,2024-01-03,purchase,-251.37,USD,MERCH0009,failed
TXN00005451,ACCT000294,2024-01-03,refund,188.45,GBP,MERCH0004,posted
TXN00000800,ACCT000050,2024-01-04,refund,143.29,USD,MERCH0004,posted
TXN00001343,ACCT000077,2024-01-04,transfer,-165.99,USD,,posted
TXN00002774,ACCT000143,2024-01-04,transfer,-1171.53,USD,,posted
TXN00002776,ACCT000143,2024-01-04,withdrawal,-227.2,USD,,posted
TXN00003187,ACCT000165,2024-01-04,withdrawal,-710.92,EUR,,posted
TXN00003374,ACCT000176,2024-01-04,deposit,1567.77,USD,,pending
TXN00003410,ACCT000178,2024-01-04,purchase,-381.15,USD,MERCH0006,failed
TXN00003415,ACCT000178,2024-01-04,withdrawal,-506.77,USD,,posted
TXN00003806,ACCT000199,2024-01-04,withdrawal,-719.18,GBP,,posted
TXN00003815,ACCT000200,2024-01-04,purchase,-195.86,EUR,MERCH0004,posted
TXN00004207,ACCT000226,2024-01-04,refund,193.98,USD,MERCH0002,posted
TXN00004588,ACCT000244,2024-01-04,purchase,-162.81,USD,MERCH0004,posted
TXN00005044,ACCT000271,2024-01-04,fee,-14.19,USD,,pending
TXN00005446,ACCT000294,2024-01-04,purchase,-155.41,GBP,MERCH0009,posted
TXN00000113,ACCT000007,2024-01-05,purchase,-368.25,USD,MERCH0006,posted
TXN00000659,ACCT000040,2024-01-05,purchase,-298.19,GBP,MERCH0007,failed
TXN00001295,ACCT000073,2024-01-05,purchase,-168.6,USD,MERCH0008,posted
TXN00001743,ACCT000093,2024-01-05,transfer,1918.3,USD,,pending
TXN00002945,ACCT000151,2024-01-05,transfer,-1537.37,GBP,,pending
TXN00003003,ACCT000154,2024-01-05,purchase,-194.56,USD,MERCH0009,posted
TXN00003759,ACCT000197,2024-01-05,purchase,-421.8,GBP,MERCH0009,posted
TXN00003811,ACCT000200,2024-01-05,purchase,-168.41,EUR,MERCH0008,pending
TXN00004314,ACCT000232,2024-01-05,purchase,-411.18,USD,MERCH0010,posted
TXN00004543,ACCT000242,2024-01-05,transfer,-1369.99,USD,,failed
TXN00004757,ACCT000254,2024-01-05,purchase,-409.53,USD,MERCH0009,pending
TXN00005751,ACCT000311,2024-01-05,withdrawal,-100.38,USD,,posted
TXN00005875,ACCT000317,2024-01-05,purchase,-232.81,USD,MERCH0006,posted
TXN00005966,ACCT000320,2024-01-05,purchase,-430.07,USD,MERCH0010,posted
TXN00005975,ACCT000321,2024-01-05,deposit,1022.85,EUR,,posted
TXN00000562,ACCT000035,2024-01-06,purchase,-367.47,USD,MERCH0009,posted
TXN00000636,ACCT000039,2024-01-06,fee,-2.84,USD,,pending
TXN00000732,ACCT000046,2024-01-06,purchase,-155.59,USD,MERCH0006,failed
TXN00001852,ACCT000099,2024-01-06,transfer,-941.45,USD,,posted
TXN00002176,ACCT000116,2024-01-06,transfer,374.87,USD,,posted
TXN00002200,ACCT000117,2024-01-06,deposit,2238.3,USD,,pending
TXN00002845,ACCT000146,2024-01-06,purchase,-388.63,GBP,MERCH0010,posted
TXN00004084,ACCT000218,2024-01-06,transfer,1536.59,USD,,failed
TXN00004614,ACCT000246,2024-01-06,transfer,-556.39,USD,,failed
TXN00004692,ACCT000250,2024-01-06,withdrawal,-280.93,GBP,,failed
TXN00006052,ACCT000324,2024-01-06,purchase,-304.07,EUR,MERCH0008,posted
TXN00006079,ACCT000325,2024-01-06,fee,-23.49,USD,,posted
TXN00001432,ACCT000081,2024-01-07,fee,-8.23,GBP,,posted
TXN00001645,ACCT000089,2024-01-07,purchase,-164.17,USD,MERCH0006,posted
TXN00001685,ACCT000090,2024-01-07,purchase,-114.01,USD,MERCH0003,posted
TXN00002306,ACCT000123,2024-01-07,transfer,652.89,GBP,,posted
TXN00002490,ACCT000130,2024-01-07,fee,-11.08,GBP,,pending
TXN00002513,ACCT000131,2024-01-07,purchase,-111.51,EUR,MERCH0008,posted
TXN00003779,ACCT000198,2024-01-07,deposit,3465.65,GBP,,pending
TXN00004083,ACCT000218,2024-01-07,withdrawal,-382.41,USD,,posted
TXN00004341,ACCT000233,2024-01-07,purchase,-99.64,USD,MERCH0008,posted
TXN00004398,ACCT000237,2024-01-07,purchase,-93.94,EUR,MERCH0006,posted
TXN00004886,ACCT000263,2024-01-07,deposit,4849.06,GBP,,posted
TXN00004992,ACCT000268,2024-01-07,fee,-22.69,USD,,pending
TXN00004996,ACCT000268,2024-01-07,withdrawal,-267.86,USD,,posted
TXN00005351,ACCT000289,2024-01-07,purchase,-135.18,EUR,MERCH0010,posted
TXN00005711,ACCT000309,2024-01-07,refund,86.93,GBP,MERCH0002,posted
TXN00000501,ACCT000032,2024-01-08,purchase,-248.67,USD,MERCH0002,failed
TXN00000589,ACCT000036,2024-01-08,purchase,-264.36,EUR,MERCH0005,posted
TXN00000870,ACCT000054,2024-01-08,purchase,-407.38,USD,MERCH0001,posted
TXN00003052,ACCT000157,2024-01-08,fee,-3.71,USD,,failed
TXN00003119,ACCT000159,2024-01-08,refund,15.86,USD,MERCH0009,posted
TXN00003331,ACCT000175,2024-01-08,transfer,-764.71,USD,,posted
TXN00003804,ACCT000199,2024-01-08,purchase,-42.51,GBP,MERCH0002,posted
TXN00004183,ACCT000225,2024-01-08,purchase,-355.37,EUR,MERCH0008,posted
TXN00004486,ACCT000241,2024-01-08,transfer,941.73,USD,,pending
TXN00000011,ACCT000001,2024-01-09,deposit,2955.83,USD,,failed
TXN00000130,ACCT000008,2024-01-09,purchase,-120.2,GBP,MERCH0001,posted
TXN00000864,ACCT000054,2024-01-09,purchase,-28.06,USD,MERCH0006,failed
TXN00000915,ACCT000055,2024-01-09,refund,34.88,EUR,MERCH0005,posted
TXN00001161,ACCT000066,2024-01-09,purchase,-83.26,GBP,MERCH0008,posted
TXN00002213,ACCT000118,2024-01-09,transfer,1797.52,GBP,,posted
TXN00002914,ACCT000149,2024-01-09,purchase,-258.34,USD,MERCH0002,pending
TXN00002961,ACCT000152,2024-01-09,deposit,4523.14,USD,,posted
TXN00003072,ACCT000157,2024-01-09,transfer,842.76,USD,,posted
TXN00003123,ACCT000159,2024-01-09,deposit,3243.84,USD,,posted
TXN00003262,ACCT000169,2024-01-09,refund,117.83,USD,MERCH0005,posted
TXN00003676,ACCT000193,2024-01-09,purchase,-175.52,USD,MERCH0009,posted
TXN00004447,ACCT000239,2024-01-09,fee,-23.44,USD,,posted
TXN00004890,ACCT000263,2024-01-09,purchase,-160.93,GBP,MERCH0004,posted
TXN00004985,ACCT000267,2024-01-09,deposit,4190.66,GBP,,posted
TXN00005005,ACCT000269,2024-01-09,refund,169.34,GBP,MERCH0004,posted
TXN00005038,ACCT000271,2024-01-09,refund,18.62,USD,MERCH0007,posted
TXN00005468,ACCT000295,2024-01-09,transfer,-339.72,USD,,posted
TXN00005861,ACCT000316,2024-01-09,transfer,1679.59,USD,,failed
TXN00005980,ACCT000321,2024-01-09,transfer,-1179.83,EUR,,posted
TXN00000666,ACCT000040,2024-01-10,transfer,723.65,GBP,,posted
TXN00001182,ACCT000068,2024-01-10,fee,-20.6,EUR,,pending
TXN00001194,ACCT000068,2024-01-10,transfer,726.95,EUR,,posted
TXN00003247,ACCT000168,2024-01-10,purchase,-394.05,USD,MERCH0004,posted
TXN00003895,ACCT000205,2024-01-10,purchase,-291.59,EUR,MERCH0009,failed
TXN00003959,ACCT000209,2024-01-10,withdrawal,-151.61,EUR,,posted
TXN00004519,ACCT000242,2024-01-10,purchase,-354.69,USD,MERCH0005,posted
TXN00006026,ACCT000323,2024-01-10,refund,52.57,USD,MERCH0002,pending
TXN00001069,ACCT000063,2024-01-11,purchase,-143.32,EUR,MERCH0002,posted
TXN00002135,ACCT000113,2024-01-11,fee,-4.07,USD,,failed
TXN00002222,ACCT000119,2024-01-11,purchase,-100.23,USD,MERCH0001,posted
TXN00002483,ACCT000130,2024-01-11,purchase,-369.55,GBP,MERCH0007,pending
TXN00002663,ACCT000137,2024-01-11,purchase,-151.18,USD,MERCH0001,posted
TXN00002946,ACCT000152,2024-01-11,purchase,-63.32,USD,MERCH0007,posted
TXN00003205,ACCT000166,2024-01-11,deposit,4403.26,USD,,failed
TXN00003268,ACCT000169,2024-01-11,withdrawal,-464.2,USD,,posted
TXN00004146,ACCT000223,2024-01-11,fee,-33.39,USD,,posted
TXN00000184,ACCT000010,2024-01-12,purchase,-406.42,EUR,MERCH0004,posted
TXN00000575,ACCT000035,2024-01-12,purchase,-129.11,USD,MERCH0002,posted
TXN00001262,ACCT000070,2024-01-12,transfer,377.41,USD,,posted
TXN00001306,ACCT000073,2024-01-12,withdrawal,-550.93,USD,,posted
TXN00001655,ACCT000089,2024-01-12,purchase,-125.54,USD,MERCH0010,posted
TXN00001835,ACCT000099,2024-01-12,purchase,-390.49,USD,MERCH0004,posted
TXN00002328,ACCT000124,2024-01-12,transfer,-349.59,USD,,failed
TXN00002693,ACCT000138,2024-01-12,purchase,-111.6,USD,MERCH0002,posted
TXN00003212,ACCT000166,2024-01-12,purchase,-171.64,USD,MERCH0008,posted
TXN00003582,ACCT000185,2024-01-12,purchase,-408.17,USD,MERCH0006,posted
TXN00004384,ACCT000236,2024-01-12,purchase,-256.77,USD,MERCH0007,failed
TXN00005834,ACCT000316,2024-01-12,refund,95.05,USD,MERCH0007,posted
TXN00006153,ACCT000329,2024-01-12,fee,-28.69,USD,,posted
TXN00000862,ACCT000054,2024-01-13,deposit,2471.7,USD,,posted
TXN00001315,ACCT000074,2024-01-13,transfer,509.36,USD,,posted
TXN00001369,ACCT000078,2024-01-13,purchase,-107.5,USD,MERCH0008,failed
TXN00001448,ACCT000081,2024-01-13,deposit,4242.33,GBP,,posted
TXN00001747,ACCT000093,2024-01-13,fee,-17.22,USD,,posted
TXN00002155,ACCT000115,2024-01-13,fee,-27.22,EUR,,posted
TXN00002593,ACCT000134,2024-01-13,refund,66.34,GBP,MERCH0002,posted
TXN00003606,ACCT000186,2024-01-13,withdrawal,-649.45,USD,,posted
TXN00003813,ACCT000200,2024-01-13,purchase,-408.58,EUR,MERCH0001,posted
TXN00003976,ACCT000210,2024-01-13,transfer,1618.96,USD,,posted
TXN00004503,ACCT000241,2024-01-13,purchase,-411.06,USD,MERCH0005,failed
TXN00005507,ACCT000298,2024-01-13,purchase,-443.32,GBP,MERCH0003,failed
TXN00000124,ACCT000008,2024-01-14,withdrawal,-180.25,GBP,,pending
TXN00001267,ACCT000070,2024-01-14,purchase,-177.3,USD,MERCH0005,posted
TXN00001326,ACCT000074,2024-01-14,refund,67.65,USD,MERCH0009,posted
TXN00003229,ACCT000168,2024-01-14,purchase,-50.72,USD,MERCH0010,posted
TXN00003917,ACCT000206,2024-01-14,purchase,-327.64,GBP,MERCH0010,posted
TXN00004418,ACCT000238,2024-01-14,purchase,-254.02,USD,MERCH0003,pending
TXN00004541,ACCT000242,2024-01-14,purchase,-92.41,USD,MERCH0008,posted
TXN00005025,ACCT000270,2024-01-14,purchase,-104.92,USD,MERCH0003,failed
TXN00005109,ACCT000276,2024-01-14,purchase,-112.66,GBP,MERCH0004,posted
TXN00005210,ACCT000282,2024-01-14,fee,-24.19,USD,,pending
TXN00005331,ACCT000288,2024-01-14,withdrawal,-87.87,USD,,posted
TXN00005405,ACCT000292,2024-01-14,purchase,-133.6,USD,MERCH0009,posted
TXN00005631,ACCT000304,2024-01-14,transfer,-1138.46,GBP,,failed
TXN00006032,ACCT000323,2024-01-14,deposit,3061.99,USD,,posted
TXN00000342,ACCT000022,2024-01-15,purchase,-414.42,USD,MERCH0008,posted
TXN00000555,ACCT000034,2024-01-15,purchase,-387.58,USD,MERCH0006,posted
TXN00001064,ACCT000063,2024-01-15,deposit,3995.37,EUR,,posted
TXN00001067,ACCT000063,2024-01-15,withdrawal,-635.94,EUR,,posted
TXN00001474,ACCT000083,2024-01-15,purchase,-273.63,EUR,MERCH0005,failed
TXN00001513,ACCT000084,2024-01-15,purchase,-406.48,USD,MERCH0006,posted
TXN00001737,ACCT000093,2024-01-15,deposit,1446.92,USD,,pending
TXN00001867,ACCT000099,2024-01-15,deposit,286.78,USD,,posted
TXN00002558,ACCT000133,2024-01-15,refund,141.73,USD,MERCH0007,posted
TXN00002576,ACCT000134,2024-01-15,transfer,-1912.31,GBP,,posted
TXN00002598,ACCT000134,2024-01-15,purchase,-175.05,GBP,MERCH0005,posted
TXN00003761,ACCT000197,2024-01-15,purchase,-47.58,GBP,MERCH0004,posted
TXN00003969,ACCT000209,2024-01-15,refund,140.0,EUR,MERCH0006,pending
TXN00004031,ACCT000215,2024-01-15,purchase,-356.79,USD,MERCH0009,failed
TXN00004093,ACCT000219,2024-01-15,transfer,-318.8,GBP,,posted
TXN00004326,ACCT000232,2024-01-15,refund,149.65,USD,MERCH0003,posted
TXN00005193,ACCT000281,2024-01-15,deposit,164.45,EUR,,posted
TXN00005321,ACCT000288,2024-01-15,fee,-6.92,USD,,posted
TXN00005738,ACCT000310,2024-01-15,refund,26.84,GBP,MERCH0003,failed
TXN00000018,ACCT000001,2024-01-16,withdrawal,-631.17,USD,,posted
TXN00000179,ACCT000010,2024-01-16,fee,-30.06,EUR,,pending
TXN00000678,ACCT000040,2024-01-16,transfer,1923.17,GBP,,posted
TXN00001383,ACCT000078,2024-01-16,transfer,-1163.47,USD,,posted
TXN00001721,ACCT000092,2024-01-16,purchase,-66.15,USD,MERCH0006,posted
TXN00002580,ACCT000134,2024-01-16,purchase,-400.04,GBP,MERCH0009,posted
TXN00003974,ACCT000210,2024-01-16,transfer,-481.69,USD,,posted
TXN00004192,ACCT000225,2024-01-16,purchase,-194.19,EUR,MERCH0004,failed
TXN00004742,ACCT000253,2024-01-16,purchase,-68.85,USD,MERCH0008,pending
TXN00005747,ACCT000310,2024-01-16,purchase,-112.36,GBP,MERCH0005,posted
TXN00006224,ACCT000334,2024-01-16,purchase,-131.32,USD,MERCH0010,pending
TXN00000902,ACCT000055,2024-01-17,purchase,-64.02,EUR,MERCH0005,posted
TXN00001810,ACCT000097,2024-01-17,purchase,-71.56,USD,MERCH0001,posted
TXN00002482,ACCT000130,2024-01-17,transfer,916.08,GBP,,pending
TXN00003005,ACCT000154,2024-01-17,purchase,-442.71,USD,MERCH0005,posted
TXN00003639,ACCT000191,2024-01-17,fee,-9.65,USD,,failed
TXN00004487,ACCT000241,2024-01-17,purchase,-294.15,USD,MERCH0003,failed
TXN00005316,ACCT000288,2024-01-17,withdrawal,-82.41,USD,,failed
TXN00005477,ACCT000295,2024-01-17,purchase,-158.85,USD,MERCH0007,pending
TXN00005598,ACCT000302,2024-01-17,fee,-5.61,EUR,,posted
TXN00005734,ACCT000310,2024-01-17,purchase,-209.02,GBP,MERCH0002,failed
TXN00006159,ACCT000329,2024-01-17,fee,-30.29,USD,,posted
TXN00000224,ACCT000012,2024-01-18,withdrawal,-35.66,USD,,posted
TXN00000848,ACCT000053,2024-01-18,purchase,-258.39,EUR,MERCH0002,posted
TXN00001319,ACCT000074,2024-01-18,fee,-11.65,USD,,failed
TXN00002498,ACCT000130,2024-01-18,fee,-5.2,GBP,,failed
TXN00003024,ACCT000154,2024-01-18,transfer,-793.77,USD,,posted
TXN00003158,ACCT000163,2024-01-18,purchase,-51.51,GBP,MERCH0007,posted
TXN00003225,ACCT000167,2024-01-18,purchase,-413.4,GBP,MERCH0002,pending
TXN00004309,ACCT000232,2024-01-18,deposit,1560.08,USD,,posted
TXN00004335,ACCT000233,2024-01-18,purchase,-152.84,USD,MERCH0010,posted
TXN00004408,ACCT000238,2024-01-18,refund,138.7,USD,MERCH0005,posted
TXN00004586,ACCT000244,2024-01-18,deposit,908.1,USD,,posted
TXN00004695,ACCT000250,2024-01-18,transfer,-471.23,GBP,,posted
TXN00004802,ACCT000256,2024-01-18,transfer,1077.22,USD,,posted
TXN00005839,ACCT000316,2024-01-18,fee,-13.67,USD,,posted
TXN00006143,ACCT000328,2024-01-18,refund,178.4,USD,MERCH0008,posted
TXN00000498,ACCT000031,2024-01-19,transfer,-1316.94,GBP,,posted
TXN00001221,ACCT000069,2024-01-19,transfer,1455.7,USD,,failed
TXN00001862,ACCT000099,2024-01-19,purchase,-291.21,USD,MERCH0006,posted
TXN00002285,ACCT000122,2024-01-19,fee,-9.45,USD,,posted
TXN00002495,ACCT000130,2024-01-19,refund,153.62,GBP,MERCH0003,posted
TXN00002955,ACCT000152,2024-01-19,deposit,413.41,USD,,posted
TXN00003243,ACCT000168,2024-01-19,withdrawal,-121.44,USD,,pending
TXN00003385,ACCT000177,2024-01-19,transfer,-924.13,USD,,pending
TXN00003653,ACCT000192,2024-01-19,purchase,-33.9,USD,MERCH0009,posted
TXN00005045,ACCT000271,2024-01-19,purchase,-206.24,USD,MERCH0001,posted
TXN00006002,ACCT000322,2024-01-19,refund,74.24,EUR,MERCH0001,posted
TXN00006035,ACCT000323,2024-01-19,fee,-16.64,USD,,failed
TXN00000745,ACCT000047,2024-01-20,deposit,4571.1,EUR,,posted
TXN00001634,ACCT000089,2024-01-20,withdrawal,-792.51,USD,,posted
TXN00001983,ACCT000106,2024-01-20,purchase,-344.22,EUR,MERCH0008,pending
TXN00002168,ACCT000116,2024-01-20,fee,-17.84,USD,,failed
TXN00002290,ACCT000122,2024-01-20,purchase,-439.65,USD,MERCH0010,failed
TXN00002489,ACCT000130,2024-01-20,fee,-30.18,GBP,,posted
TXN00002803,ACCT000144,2024-01-20,refund,166.6,EUR,MERCH0007,posted
TXN00002840,ACCT000146,2024-01-20,refund,96.55,GBP,MERCH0002,pending
TXN00003042,ACCT000157,2024-01-20,deposit,3358.74,USD,,pending
TXN00003354,ACCT000176,2024-01-20,transfer,-809.22,USD,,posted
TXN00005154,ACCT000279,2024-01-20,purchase,-106.75,USD,MERCH0006,pending
TXN00005221,ACCT000282,2024-01-20,purchase,-409.19,USD,MERCH0005,posted
TXN00005243,ACCT000283,2024-01-20,refund,124.09,USD,MERCH0005,posted
TXN00005475,ACCT000295,2024-01-20,purchase,-33.95,USD,MERCH0001,failed
TXN00005498,ACCT000298,2024-01-20,purchase,-369.88,GBP,MERCH0009,pending
TXN00005622,ACCT000304,2024-01-20,purchase,-219.26,GBP,MERCH0010,posted
TXN00005726,ACCT000310,2024-01-20,purchase,-179.64,GBP,MERCH0009,pending
TXN00000879,ACCT000054,2024-01-21,purchase,-356.6,USD,MERCH0002,failed
TXN00001152,ACCT000066,2024-01-21,transfer,1359.35,GBP,,failed
TXN00001447,ACCT000081,2024-01-21,fee,-23.03,GBP,,posted
TXN00001761,ACCT000093,2024-01-21,transfer,813.86,USD,,pending
TXN00002244,ACCT000121,2024-01-21,deposit,3827.71,EUR,,pending
TXN00002280,ACCT000122,2024-01-21,purchase,-208.73,USD,MERCH0008,posted
TXN00002342,ACCT000124,2024-01-21,transfer,1438.92,USD,,pending
TXN00002519,ACCT000131,2024-01-21,transfer,1707.42,EUR,,pending
TXN00003008,ACCT000154,2024-01-21,purchase,-355.93,USD,MERCH0004,posted
TXN00003037,ACCT000156,2024-01-21,refund,110.78,USD,MERCH0010,pending
TXN00003338,ACCT000175,2024-01-21,withdrawal,-203.47,USD,,pending
TXN00003399,ACCT000178,2024-01-21,purchase,-361.32,USD,MERCH0003,posted
TXN00003847,ACCT000203,2024-01-21,purchase,-337.84,EUR,MERCH0010,pending
TXN00004174,ACCT000225,2024-01-21,fee,-14.61,EUR,,pending
TXN00004942,ACCT000266,2024-01-21,deposit,3547.61,USD,,posted
TXN00005006,ACCT000269,2024-01-21,deposit,527.03,GBP,,failed
TXN00005227,ACCT000282,2024-01-21,deposit,1495.29,USD,,posted
TXN00005267,ACCT000283,2024-01-21,refund,175.76,USD,MERCH0002,posted
TXN00005490,ACCT000297,2024-01-21,purchase,-12.29,USD,MERCH0003,posted
TXN00005981,ACCT000321,2024-01-21,fee,-17.47,EUR,,posted
TXN00000519,ACCT000032,2024-01-22,refund,125.27,USD,MERCH0006,posted
TXN00000637,ACCT000039,2024-01-22,transfer,-667.13,USD,,failed
TXN00000865,ACCT000054,2024-01-22,fee,-5.02,USD,,failed
TXN00002488,ACCT000130,2024-01-22,deposit,4224.03,GBP,,failed
TXN00002717,ACCT000139,2024-01-22,transfer,940.59,USD,,posted
TXN00002782,ACCT000144,2024-01-22,fee,-28.36,EUR,,failed
TXN00002950,ACCT000152,2024-01-22,purchase,-63.75,USD,MERCH0007,posted
TXN00002979,ACCT000153,2024-01-22,purchase,-8.42,USD,MERCH0005,posted
TXN00003840,ACCT000203,2024-01-22,purchase,-44.81,EUR,MERCH0009,posted
TXN00004294,ACCT000230,2024-01-22,transfer,-94.2,USD,,failed
TXN00004986,ACCT000267,2024-01-22,purchase,-11.89,GBP,MERCH0008,posted
TXN00000891,ACCT000055,2024-01-23,purchase,-130.42,EUR,MERCH0006,posted
TXN00000995,ACCT000059,2024-01-23,purchase,-301.41,USD,MERCH0005,posted
TXN00001249,ACCT000070,2024-01-23,fee,-17.36,USD,,posted
TXN00001434,ACCT000081,2024-01-23,purchase,-186.76,GBP,MERCH0004,pending
TXN00001698,ACCT000091,2024-01-23,purchase,-194.6,EUR,MERCH0003,posted
TXN00004102,ACCT000219,2024-01-23,withdrawal,-467.64,GBP,,posted
TXN00004195,ACCT000225,2024-01-23,fee,-17.45,EUR,,failed
TXN00004412,ACCT000238,2024-01-23,purchase,-45.33,USD,MERCH0010,pending
TXN00004787,ACCT000255,2024-01-23,purchase,-135.98,EUR,MERCH0005,failed
TXN00005003,ACCT000269,2024-01-23,deposit,4848.76,GBP,,posted
TXN00005501,ACCT000298,2024-01-23,purchase,-290.73,GBP,MERCH0009,posted
TXN00006023,ACCT000323,2024-01-23,purchase,-348.72,USD,MERCH0009,posted
TXN00000105,ACCT000006,2024-01-24,purchase,-10.28,USD,MERCH0008,posted
TXN00000334,ACCT000021,2024-01-24,purchase,-299.52,GBP,MERCH0003,posted
TXN00000869,ACCT000054,2024-01-24,deposit,3521.42,USD,,posted
TXN00000876,ACCT000054,2024-01-24,purchase,-31.26,USD,MERCH0006,posted
TXN00001198,ACCT000068,2024-01-24,withdrawal,-719.13,EUR,,failed
TXN00001355,ACCT000077,2024-01-24,deposit,4279.46,USD,,posted
TXN00001742,ACCT000093,2024-01-24,purchase,-44.67,USD,MERCH0006,posted
TXN00003246,ACCT000168,2024-01-24,purchase,-336.62,USD,MERCH0002,posted
TXN00003907,ACCT000206,2024-01-24,transfer,-1631.07,GBP,,pending
TXN00003975,ACCT000210,2024-01-24,purchase,-264.98,USD,MERCH0002,posted
TXN00004052,ACCT000217,2024-01-24,purchase,-135.31,USD,MERCH0009,posted
TXN00004505,ACCT000241,2024-01-24,purchase,-167.63,USD,MERCH0002,posted
TXN00004518,ACCT000242,2024-01-24,refund,47.74,USD,MERCH0003,posted
TXN00004621,ACCT000247,2024-01-24,withdrawal,-621.9,EUR,,posted
TXN00005327,ACCT000288,2024-01-24,withdrawal,-35.8,USD,,posted
TXN00002415,ACCT000128,2024-01-25,purchase,-169.94,GBP,MERCH0009,pending
TXN00002484,ACCT000130,2024-01-25,purchase,-349.83,GBP,MERCH0004,posted
TXN00002810,ACCT000145,2024-01-25,withdrawal,-303.95,EUR,,pending
TXN00003197,ACCT000166,2024-01-25,purchase,-116.01,USD,MERCH0007,pending
TXN00003316,ACCT000173,2024-01-25,purchase,-134.43,GBP,MERCH0007,posted
TXN00003635,ACCT000190,2024-01-25,refund,72.02,EUR,MERCH0009,failed
TXN00003755,ACCT000197,2024-01-25,transfer,125.08,GBP,,posted
TXN00003841,ACCT000203,2024-01-25,fee,-9.62,EUR,,posted
TXN00004038,ACCT000215,2024-01-25,purchase,-367.33,USD,MERCH0003,pending
TXN00004184,ACCT000225,2024-01-25,purchase,-23.53,EUR,MERCH0004,posted
TXN00004574,ACCT000243,2024-01-25,withdrawal,-780.45,EUR,,pending
TXN00004737,ACCT000253,2024-01-25,deposit,203.88,USD,,failed
TXN00004990,ACCT000268,2024-01-25,deposit,200.46,USD,,pending
TXN00005304,ACCT000286,2024-01-25,fee,-12.27,EUR,,posted
TXN00005640,ACCT000305,2024-01-25,withdrawal,-26.64,USD,,failed
TXN00005939,ACCT000320,2024-01-25,transfer,-629.1,USD,,posted
TXN00006221,ACCT000334,2024-01-25,deposit,1387.54,USD,,pending
TXN00000186,ACCT000010,2024-01-26,purchase,-196.62,EUR,MERCH0010,failed
TXN00000641,ACCT000039,2024-01-26,fee,-9.93,USD,,posted
TXN00001103,ACCT000064,2024-01-26,fee,-22.01,GBP,,pending
TXN00003025,ACCT000155,2024-01-26,purchase,-177.13,USD,MERCH0005,posted
TXN00003192,ACCT000166,2024-01-26,transfer,1646.72,USD,,pending
TXN00003597,ACCT000186,2024-01-26,purchase,-277.32,USD,MERCH0002,failed
TXN00003610,ACCT000186,2024-01-26,transfer,539.02,USD,,posted
TXN00003836,ACCT000201,2024-01-26,withdrawal,-750.94,EUR,,failed
TXN00003925,ACCT000206,2024-01-26,refund,103.76,GBP,MERCH0001,posted
TXN00003978,ACCT000210,2024-01-26,purchase,-191.13,USD,MERCH0003,pending
TXN00004529,ACCT000242,2024-01-26,purchase,-80.22,USD,MERCH0010,posted
TXN00004971,ACCT000267,2024-01-26,purchase,-396.39,GBP,MERCH0010,posted
TXN00005416,ACCT000292,2024-01-26,purchase,-51.4,USD,MERCH0002,posted
TXN00005657,ACCT000305,2024-01-26,refund,92.98,USD,MERCH0001,posted
TXN00005974,ACCT000321,2024-01-26,purchase,-436.96,EUR,MERCH0009,posted
TXN00000272,ACCT000016,2024-01-27,deposit,1893.71,USD,,pending
TXN00000893,ACCT000055,2024-01-27,purchase,-354.11,EUR,MERCH0003,posted
TXN00001269,ACCT000071,2024-01-27,deposit,1236.13,GBP,,pending
TXN00001308,ACCT000073,2024-01-27,transfer,1691.8,USD,,posted
TXN00001423,ACCT000081,2024-01-27,purchase,-348.27,GBP,MERCH0001,posted
TXN00001666,ACCT000090,2024-01-27,deposit,4948.2,USD,,posted
TXN00002940,ACCT000151,2024-01-27,purchase,-247.93,GBP,MERCH0005,posted
TXN00002964,ACCT000152,2024-01-27,deposit,4741.24,USD,,failed
TXN00003049,ACCT000157,2024-01-27,refund,45.04,USD,MERCH0010,failed
TXN00004190,ACCT000225,2024-01-27,refund,131.76,EUR,MERCH0001,pending
TXN00004782,ACCT000255,2024-01-27,withdrawal,-114.71,EUR,,posted
TXN00004978,ACCT000267,2024-01-27,fee,-18.81,GBP,,posted
TXN00005112,ACCT000277,2024-01-27,purchase,-174.53,GBP,MERCH0009,posted
TXN00005133,ACCT000277,2024-01-27,purchase,-326.22,GBP,MERCH0002,pending
TXN00000016,ACCT000001,2024-01-28,purchase,-106.77,USD,MERCH0007,posted
TXN00000269,ACCT000016,2024-01-28,refund,183.85,USD,MERCH0001,failed
TXN00000788,ACCT000049,2024-01-28,purchase,-369.88,EUR,MERCH0009,posted
TXN00001335,ACCT000077,2024-01-28,fee,-12.69,USD,,posted
TXN00002553,ACCT000133,2024-01-28,refund,89.26,USD,MERCH0010,pending
TXN00002906,ACCT000149,2024-01-28,purchase,-126.98,USD,MERCH0002,pending
TXN00003444,ACCT000179,2024-01-28,deposit,907.67,USD,,posted
TXN00003617,ACCT000189,2024-01-28,purchase,-285.78,USD,MERCH0007,pending
TXN00003632,ACCT000190,2024-01-28,deposit,2667.37,EUR,,posted
TXN00003827,ACCT000201,2024-01-28,purchase,-64.73,EUR,MERCH0009,failed
TXN00004403,ACCT000237,2024-01-28,purchase,-249.09,EUR,MERCH0001,posted
TXN00004428,ACCT000238,2024-01-28,purchase,-108.76,USD,MERCH0006,posted
TXN00004443,ACCT000239,2024-01-28,withdrawal,-586.33,USD,,failed
TXN00005141,ACCT000277,2024-01-28,fee,-22.84,GBP,,failed
TXN00005145,ACCT000278,2024-01-28,purchase,-27.24,USD,MERCH0004,pending
TXN00005167,ACCT000280,2024-01-28,transfer,-885.79,USD,,posted
TXN00005388,ACCT000291,2024-01-28,fee,-27.04,USD,,posted
TXN00000145,ACCT000009,2024-01-29,refund,35.88,EUR,MERCH0010,posted
TXN00000204,ACCT000011,2024-01-29,deposit,3028.23,GBP,,posted
TXN00000579,ACCT000036,2024-01-29,withdrawal,-625.01,EUR,,posted
TXN00001079,ACCT000063,2024-01-29,refund,76.82,EUR,MERCH0009,posted
TXN00001321,ACCT000074,2024-01-29,withdrawal,-496.38,USD,,posted
TXN00001717,ACCT000092,2024-01-29,purchase,-433.04,USD,MERCH0002,failed
TXN00003271,ACCT000169,2024-01-29,fee,-22.16,USD,,posted
TXN00003852,ACCT000203,2024-01-29,transfer,1123.22,EUR,,posted
TXN00004765,ACCT000255,2024-01-29,deposit,4374.83,EUR,,failed
TXN00005717,ACCT000310,2024-01-29,deposit,2407.3,GBP,,posted
TXN00000197,ACCT000010,2024-01-30,refund,73.41,EUR,MERCH0009,pending
TXN00000495,ACCT000031,2024-01-30,purchase,-199.22,GBP,MERCH0008,posted
TXN00001007,ACCT000060,2024-01-30,purchase,-223.69,USD,MERCH0006,posted
TXN00003300,ACCT000173,2024-01-30,refund,146.03,GBP,MERCH0003,posted
TXN00003871,ACCT000205,2024-01-30,transfer,-465.33,EUR,,posted
TXN00004055,ACCT000217,2024-01-30,refund,183.51,USD,MERCH0007,posted
TXN00004416,ACCT000238,2024-01-30,purchase,-210.7,USD,MERCH0001,posted
TXN00004553,ACCT000243,2024-01-30,withdrawal,-142.94,EUR,,pending
TXN00005309,ACCT000287,2024-01-30,purchase,-101.32,EUR,MERCH0006,posted
TXN00005341,ACCT000288,2024-01-30,purchase,-319.8,USD,MERCH0003,failed
TXN00005354,ACCT000289,2024-01-30,transfer,-1324.49,EUR,,failed
TXN00005495,ACCT000298,2024-01-30,deposit,4942.34,GBP,,posted
TXN00005880,ACCT000317,2024-01-30,withdrawal,-570.59,USD,,failed
TXN00000094,ACCT000006,2024-01-31,withdrawal,-696.3,USD,,posted
TXN00000131,ACCT000008,2024-01-31,fee,-18.22,GBP,,failed
TXN00000207,ACCT000011,2024-01-31,purchase,-265.21,GBP,MERCH0003,posted
TXN00000537,ACCT000033,2024-01-31,deposit,4078.4,EUR,,posted
TXN00001330,ACCT000075,2024-01-31,purchase,-264.28,GBP,MERCH0005,pending
TXN00001726,ACCT000092,2024-01-31,purchase,-338.76,USD,MERCH0010,pending
TXN00002341,ACCT000124,2024-01-31,withdrawal,-653.1,USD,,failed
TXN00002712,ACCT000139,2024-01-31,fee,-3.72,USD,,failed
TXN00002876,ACCT000147,2024-01-31,fee,-2.46,USD,,posted
TXN00003387,ACCT000177,2024-01-31,purchase,-6.01,USD,MERCH0008,posted
TXN00004133,ACCT000222,2024-01-31,refund,108.19,USD,MERCH0007,posted
TXN00004759,ACCT000254,2024-01-31,deposit,3069.72,USD,,failed
TXN00005230,ACCT000282,2024-01-31,deposit,1630.29,USD,,posted
TXN00005608,ACCT000303,2024-01-31,withdrawal,-281.76,EUR,,failed
TXN00005647,ACCT000305,2024-01-31,purchase,-141.8,USD,MERCH0009,posted
TXN00006075,ACCT000325,2024-01-31,purchase,-85.51,USD,MERCH0002,posted
TXN00000168,ACCT000009,2024-02-01,fee,-23.52,EUR,,posted
TXN00000401,ACCT000024,2024-02-01,purchase,-202.21,USD,MERCH0006,failed
TXN00000843,ACCT000053,2024-02-01,fee,-14.21,EUR,,posted
TXN00002129,ACCT000113,2024-02-01,transfer,1356.48,USD,,posted
TXN00002179,ACCT000116,2024-02-01,refund,33.82,USD,MERCH0010,posted
TXN00002497,ACCT000130,2024-02-01,transfer,-468.08,GBP,,posted
TXN00002574,ACCT000133,2024-02-01,purchase,-45.68,USD,MERCH0006,posted
TXN00004379,ACCT000235,2024-02-01,purchase,-248.2,USD,MERCH0001,posted
TXN00004560,ACCT000243,2024-02-01,fee,-19.58,EUR,,posted
TXN00004712,ACCT000252,2024-02-01,purchase,-344.06,USD,MERCH0007,pending
TXN00004989,ACCT000268,2024-02-01,purchase,-359.4,USD,MERCH0001,posted
TXN00005174,ACCT000280,2024-02-01,fee,-15.16,USD,,posted
TXN00005420,ACCT000292,2024-02-01,withdrawal,-67.92,USD,,posted
TXN00000873,ACCT000054,2024-02-02,deposit,2159.75,USD,,failed
TXN00001070,ACCT000063,2024-02-02,fee,-31.49,EUR,,failed
TXN00001183,ACCT000068,2024-02-02,withdrawal,-716.44,EUR,,posted
TXN00002805,ACCT000144,2024-02-02,withdrawal,-573.72,EUR,,failed
TXN00003141,ACCT000161,2024-02-02,withdrawal,-29.12,EUR,,pending
TXN00003350,ACCT000176,2024-02-02,refund,123.26,USD,MERCH0008,posted
TXN00003908,ACCT000206,2024-02-02,purchase,-148.49,GBP,MERCH0006,pending
TXN00004145,ACCT000223,2024-02-02,refund,142.52,USD,MERCH0006,failed
TXN00004422,ACCT000238,2024-02-02,purchase,-426.09,USD,MERCH0005,failed
TXN00004433,ACCT000238,2024-02-02,refund,80.67,USD,MERCH0003,posted
TXN00004613,ACCT000246,2024-02-02,transfer,-1722.92,USD,,posted
TXN00004678,ACCT000250,2024-02-02,purchase,-269.24,GBP,MERCH0001,posted
TXN00005110,ACCT000276,2024-02-02,refund,170.74,GBP,MERCH0005,posted
TXN00005129,ACCT000277,2024-02-02,purchase,-132.41,GBP,MERCH0001,pending
TXN00005378,ACCT000291,2024-02-02,purchase,-84.84,USD,MERCH0008,posted
TXN00005421,ACCT000292,2024-02-02,transfer,782.22,USD,,pending
TXN00005736,ACCT000310,2024-02-02,purchase,-99.46,GBP,MERCH0004,pending
TXN00000769,ACCT000049,2024-02-03,refund,72.23,EUR,MERCH0002,posted
TXN00001091,ACCT000064,2024-02-03,transfer,1212.19,GBP,,pending
TXN00001304,ACCT000073,2024-02-03,purchase,-420.3,USD,MERCH0005,posted
TXN00001320,ACCT000074,2024-02-03,purchase,-413.84,USD,MERCH0001,posted
TXN00001322,ACCT000074,2024-02-03,purchase,-252.99,USD,MERCH0001,posted
TXN00001433,ACCT000081,2024-02-03,withdrawal,-526.96,GBP,,posted
TXN00001517,ACCT000084,2024-02-03,transfer,1822.13,USD,,failed
TXN00002333,ACCT000124,2024-02-03,purchase,-261.19,USD,MERCH0004,posted
TXN00002711,ACCT000139,2024-02-03,purchase,-223.78,USD,MERCH0002,failed
TXN00002882,ACCT000147,2024-02-03,purchase,-348.49,USD,MERCH0003,posted
TXN00003777,ACCT000198,2024-02-03,purchase,-442.21,GBP,MERCH0001,posted
TXN00005886,ACCT000317,2024-02-03,withdrawal,-695.6,USD,,posted
TXN00006225,ACCT000334,2024-02-03,fee,-24.77,USD,,posted
TXN00001023,ACCT000061,2024-02-04,refund,194.5,GBP,MERCH0001,posted
TXN00001705,ACCT000092,2024-02-04,purchase,-194.07,USD,MERCH0010,failed
TXN00001948,ACCT000104,2024-02-04,refund,93.66,GBP,MERCH0009,posted
TXN00001955,ACCT000104,2024-02-04,refund,138.49,GBP,MERCH0010,posted
TXN00002177,ACCT000116,2024-02-04,purchase,-316.55,USD,MERCH0005,posted
TXN00002418,ACCT000128,2024-02-04,purchase,-44.19,GBP,MERCH0010,pending
TXN00002969,ACCT000152,2024-02-04,transfer,403.09,USD,,pending
TXN00003304,ACCT000173,2024-02-04,withdrawal,-37.73,GBP,,pending
TXN00003649,ACCT000192,2024-02-04,fee,-33.72,USD,,posted
TXN00003953,ACCT000209,2024-02-04,transfer,-867.68,EUR,,failed
TXN00004218,ACCT000226,2024-02-04,purchase,-412.56,USD,MERCH0006,pending
TXN00005858,ACCT000316,2024-02-04,withdrawal,-580.3,USD,,failed
TXN00005863,ACCT000316,2024-02-04,withdrawal,-62.74,USD,,posted
TXN00000780,ACCT000049,2024-02-05,purchase,-347.79,EUR,MERCH0010,posted
TXN00000853,ACCT000053,2024-02-05,deposit,66.37,EUR,,failed
TXN00002676,ACCT000138,2024-02-05,purchase,-281.94,USD,MERCH0003,failed
TXN00004413,ACCT000238,2024-02-05,transfer,-1106.93,USD,,failed
TXN00004983,ACCT000267,2024-02-05,refund,3.97,GBP,MERCH0005,posted
TXN00001536,ACCT000086,2024-02-06,withdrawal,-240.24,GBP,,posted
TXN00003107,ACCT000159,2024-02-06,fee,-5.52,USD,,posted
TXN00003236,ACCT000168,2024-02-06,purchase,-288.76,USD,MERCH0009,pending
TXN00003786,ACCT000198,2024-02-06,purchase,-185.18,GBP,MERCH0001,posted
TXN00003845,ACCT000203,2024-02-06,purchase,-445.83,EUR,MERCH0003,posted
TXN00003947,ACCT000207,2024-02-06,deposit,3885.1,EUR,,posted
TXN00004419,ACCT000238,2024-02-06,refund,8.84,USD,MERCH0002,failed
TXN00005220,ACCT000282,2024-02-06,fee,-17.78,USD,,posted
TXN00000022,ACCT000001,2024-02-07,purchase,-71.94,USD,MERCH0005,failed
TXN00001115,ACCT000064,2024-02-07,purchase,-29.26,GBP,MERCH0009,posted
TXN00001829,ACCT000098,2024-02-07,refund,44.43,GBP,MERCH0002,posted
TXN00002421,ACCT000128,2024-02-07,fee,-28.8,GBP,,posted
TXN00003336,ACCT000175,2024-02-07,purchase,-441.82,USD,MERCH0002,posted
TXN00003401,ACCT000178,2024-02-07,deposit,699.08,USD,,posted
TXN00004023,ACCT000215,2024-02-07,deposit,4676.02,USD,,pending
TXN00004812,ACCT000258,2024-02-07,refund,15.24,USD,MERCH0006,posted
TXN00000171,ACCT000010,2024-02-08,deposit,723.75,EUR,,pending
TXN00001313,ACCT000074,2024-02-08,deposit,1024.54,USD,,posted
TXN00001370,ACCT000078,2024-02-08,transfer,-603.15,USD,,pending
TXN00001650,ACCT000089,2024-02-08,transfer,1456.19,USD,,posted
TXN00001871,ACCT000100,2024-02-08,withdrawal,-276.88,USD,,pending
TXN00002492,ACCT000130,2024-02-08,purchase,-115.34,GBP,MERCH0002,pending
TXN00002706,ACCT000138,2024-02-08,deposit,975.89,USD,,posted
TXN00003046,ACCT000157,2024-02-08,withdrawal,-437.5,USD,,pending
TXN00003321,ACCT000173,2024-02-08,purchase,-288.66,GBP,MERCH0003,posted
TXN00004117,ACCT000222,2024-02-08,deposit,955.96,USD,,posted
TXN00004551,ACCT000243,2024-02-08,refund,131.3,EUR,MERCH0006,posted
TXN00005349,ACCT000289,2024-02-08,withdrawal,-278.57,EUR,,posted
TXN00005836,ACCT000316,2024-02-08,transfer,1537.73,USD,,failed
TXN00005881,ACCT000317,2024-02-08,purchase,-440.71,USD,MERCH0009,posted
TXN00000217,ACCT000012,2024-02-09,deposit,1766.71,USD,,posted
TXN00000405,ACCT000024,2024-02-09,transfer,983.87,USD,,posted
TXN00000778,ACCT000049,2024-02-09,refund,119.66,EUR,MERCH0002,posted
TXN00000992,ACCT000059,2024-02-09,purchase,-341.53,USD,MERCH0008,posted
TXN00001158,ACCT000066,2024-02-09,purchase,-51.11,GBP,MERCH0009,posted
TXN00001703,ACCT000092,2024-02-09,purchase,-350.67,USD,MERCH0003,posted
TXN00001722,ACCT000092,2024-02-09,purchase,-374.49,USD,MERCH0010,posted
TXN00002967,ACCT000152,2024-02-09,withdrawal,-296.72,USD,,pending
TXN00004105,ACCT000219,2024-02-09,transfer,1032.5,GBP,,posted
TXN00004584,ACCT000244,2024-02-09,transfer,1766.59,USD,,posted
TXN00005715,ACCT000309,2024-02-09,refund,172.61,GBP,MERCH0010,posted
TXN00000550,ACCT000034,2024-02-10,deposit,876.21,USD,,posted
TXN00000634,ACCT000039,2024-02-10,purchase,-158.52,USD,MERCH0006,posted
TXN00000803,ACCT000050,2024-02-10,purchase,-442.66,USD,MERCH0009,posted
TXN00001459,ACCT000083,2024-02-10,transfer,767.88,EUR,,posted
TXN00002292,ACCT000122,2024-02-10,transfer,856.61,USD,,posted
TXN00002294,ACCT000122,2024-02-10,fee,-33.82,USD,,posted
TXN00002704,ACCT000138,2024-02-10,purchase,-120.68,USD,MERCH0004,pending
TXN00003309,ACCT000173,2024-02-10,refund,43.37,GBP,MERCH0001,posted
TXN00003365,ACCT000176,2024-02-10,transfer,-1075.42,USD,,posted
TXN00003601,ACCT000186,2024-02-10,fee,-24.21,USD,,posted
TXN00003628,ACCT000190,2024-02-10,purchase,-269.2,EUR,MERCH0010,posted
TXN00003882,ACCT000205,2024-02-10,purchase,-130.64,EUR,MERCH0006,posted
TXN00004020,ACCT000215,2024-02-10,deposit,4724.69,USD,,posted
TXN00004328,ACCT000233,2024-02-10,refund,159.31,USD,MERCH0005,posted
TXN00004439,ACCT000238,2024-02-10,purchase,-164.64,USD,MERCH0004,posted
TXN00005207,ACCT000282,2024-02-10,purchase,-289.99,USD,MERCH0003,failed
TXN00005877,ACCT000317,2024-02-10,transfer,-1902.72,USD,,pending
TXN00005934,ACCT000320,2024-02-10,purchase,-230.5,USD,MERCH0004,posted
TXN00000857,ACCT000054,2024-02-11,refund,130.62,USD,MERCH0005,posted
TXN00001089,ACCT000064,2024-02-11,refund,148.18,GBP,MERCH0008,posted
TXN00001234,ACCT000069,2024-02-11,purchase,-192.92,USD,MERCH0001,posted
TXN00001312,ACCT000074,2024-02-11,purchase,-440.21,USD,MERCH0004,posted
TXN00001478,ACCT000083,2024-02-11,deposit,4386.23,EUR,,posted
TXN00002223,ACCT000120,2024-02-11,deposit,1573.52,USD,,failed
TXN00002821,ACCT000145,2024-02-11,fee,-30.94,EUR,,pending
TXN00005183,ACCT000281,2024-02-11,purchase,-388.94,EUR,MERCH0008,failed
TXN00005215,ACCT000282,2024-02-11,deposit,1170.79,USD,,posted
TXN00005661,ACCT000306,2024-02-11,withdrawal,-642.87,USD,,posted
TXN00000133,ACCT000008,2024-02-12,purchase,-40.37,GBP,MERCH0005,posted
TXN00001276,ACCT000071,2024-02-12,deposit,3925.26,GBP,,posted
TXN00001824,ACCT000097,2024-02-12,purchase,-288.36,USD,MERCH0001,pending
TXN00001878,ACCT000101,2024-02-12,transfer,-1325.77,USD,,failed
TXN00002210,ACCT000117,2024-02-12,fee,-29.36,USD,,posted
TXN00002310,ACCT000123,2024-02-12,deposit,3752.65,GBP,,pending
TXN00003002,ACCT000154,2024-02-12,purchase,-39.79,USD,MERCH0002,failed
TXN00003679,ACCT000193,2024-02-12,withdrawal,-167.69,USD,,posted
TXN00004354,ACCT000234,2024-02-12,purchase,-263.75,EUR,MERCH0001,posted
TXN00004542,ACCT000242,2024-02-12,transfer,869.55,USD,,posted
TXN00004972,ACCT000267,2024-02-12,fee,-14.63,GBP,,posted
TXN00005264,ACCT000283,2024-02-12,withdrawal,-690.04,USD,,failed
TXN00005326,ACCT000288,2024-02-12,transfer,-1060.21,USD,,posted
TXN00005365,ACCT000290,2024-02-12,withdrawal,-679.73,USD,,pending
TXN00005627,ACCT000304,2024-02-12,purchase,-221.66,GBP,MERCH0009,pending
TXN00000553,ACCT000034,2024-02-13,fee,-11.52,USD,,posted
TXN00000651,ACCT000040,2024-02-13,purchase,-111.64,GBP,MERCH0001,pending
TXN00000796,ACCT000050,2024-02-13,purchase,-387.49,USD,MERCH0007,failed
TXN00001207,ACCT000068,2024-02-13,withdrawal,-310.5,EUR,,posted
TXN00001563,ACCT000086,2024-02-13,purchase,-136.46,GBP,MERCH0009,pending
TXN00001890,ACCT000101,2024-02-13,transfer,439.89,USD,,posted
TXN00001958,ACCT000104,2024-02-13,refund,13.96,GBP,MERCH0007,posted
TXN00002477,ACCT000130,2024-02-13,transfer,-525.46,GBP,,posted
TXN00003332,ACCT000175,2024-02-13,purchase,-103.09,USD,MERCH0003,posted
TXN00003855,ACCT000203,2024-02-13,fee,-13.31,EUR,,posted
TXN00003868,ACCT000205,2024-02-13,fee,-9.96,EUR,,posted
TXN00004432,ACCT000238,2024-02-13,purchase,-341.32,USD,MERCH0006,failed
TXN00004924,ACCT000265,2024-02-13,transfer,1386.29,GBP,,posted
TXN00005620,ACCT000304,2024-02-13,deposit,3252.14,GBP,,posted
TXN00000233,ACCT000012,2024-02-14,withdrawal,-662.64,USD,,failed
TXN00000499,ACCT000031,2024-02-14,withdrawal,-628.14,GBP,,posted
TXN00000906,ACCT000055,2024-02-14,fee,-30.14,EUR,,posted
TXN00001191,ACCT000068,2024-02-14,refund,37.14,EUR,MERCH0003,posted
TXN00001989,ACCT000106,2024-02-14,purchase,-93.98,EUR,MERCH0002,posted
TXN00002220,ACCT000119,2024-02-14,refund,25.9,USD,MERCH0002,posted
TXN00002695,ACCT000138,2024-02-14,purchase,-326.23,USD,MERCH0001,failed
TXN00002799,ACCT000144,2024-02-14,deposit,2303.46,EUR,,pending
TXN00002816,ACCT000145,2024-02-14,withdrawal,-710.12,EUR,,posted
TXN00003064,ACCT000157,2024-02-14,purchase,-68.18,USD,MERCH0003,posted
TXN00003378,ACCT000177,2024-02-14,transfer,-801.17,USD,,posted
TXN00004420,ACCT000238,2024-02-14,deposit,4918.87,USD,,posted
TXN00004690,ACCT000250,2024-02-14,transfer,-1878.0,GBP,,posted
TXN00004813,ACCT000258,2024-02-14,purchase,-68.54,USD,MERCH0001,posted
TXN00005261,ACCT000283,2024-02-14,refund,79.77,USD,MERCH0003,posted
TXN00005601,ACCT000302,2024-02-14,transfer,761.61,EUR,,posted
TXN00005849,ACCT000316,2024-02-14,purchase,-227.56,USD,MERCH0006,failed
TXN00000115,ACCT000007,2024-02-15,purchase,-143.07,USD,MERCH0002,posted
TXN00000329,ACCT000020,2024-02-15,purchase,-302.05,EUR,MERCH0010,posted
TXN00001145,ACCT000066,2024-02-15,purchase,-75.83,GBP,MERCH0004,posted
TXN00001253,ACCT000070,2024-02-15,fee,-14.17,USD,,posted
TXN00001255,ACCT000070,2024-02-15,purchase,-258.68,USD,MERCH0001,failed
TXN00001265,ACCT000070,2024-02-15,purchase,-428.62,USD,MERCH0005,failed
TXN00001920,ACCT000102,2024-02-15,deposit,4607.2,USD,,posted
TXN00002116,ACCT000112,2024-02-15,deposit,65.83,EUR,,posted
TXN00002567,ACCT000133,2024-02-15,purchase,-259.58,USD,MERCH0007,failed
TXN00002596,ACCT000134,2024-02-15,withdrawal,-715.83,GBP,,failed
TXN00003148,ACCT000163,2024-02-15,deposit,4627.81,GBP,,posted
TXN00003182,ACCT000165,2024-02-15,purchase,-301.66,EUR,MERCH0010,pending
TXN00003576,ACCT000185,2024-02-15,withdrawal,-77.61,USD,,posted
TXN00003667,ACCT000192,2024-02-15,fee,-25.16,USD,,posted
TXN00003862,ACCT000203,2024-02-15,withdrawal,-775.55,EUR,,posted
TXN00003982,ACCT000210,2024-02-15,fee,-28.75,USD,,posted
TXN00004034,ACCT000215,2024-02-15,refund,178.19,USD,MERCH0008,posted
TXN00004342,ACCT000233,2024-02-15,deposit,3775.54,USD,,posted
TXN00005238,ACCT000283,2024-02-15,withdrawal,-91.77,USD,,posted
TXN00000024,ACCT000001,2024-02-16,purchase,-201.8,USD,MERCH0005,posted
TXN00000175,ACCT000010,2024-02-16,purchase,-372.39,EUR,MERCH0005,failed
TXN00000330,ACCT000020,2024-02-16,purchase,-407.44,EUR,MERCH0002,failed
TXN00001150,ACCT000066,2024-02-16,fee,-28.57,GBP,,pending
TXN00001454,ACCT000083,2024-02-16,purchase,-248.33,EUR,MERCH0010,posted
TXN00001516,ACCT000084,2024-02-16,transfer,-1864.92,USD,,pending
TXN00002250,ACCT000121,2024-02-16,withdrawal,-638.43,EUR,,posted
TXN00002529,ACCT000132,2024-02-16,fee,-11.64,USD,,posted
TXN00002571,ACCT000133,2024-02-16,purchase,-182.44,USD,MERCH0005,posted
TXN00003346,ACCT000176,2024-02-16,transfer,-485.86,USD,,pending
TXN00003814,ACCT000200,2024-02-16,transfer,-466.79,EUR,,pending
TXN00003973,ACCT000210,2024-02-16,fee,-12.18,USD,,posted
TXN00004405,ACCT000237,2024-02-16,purchase,-294.72,EUR,MERCH0003,pending
TXN00005019,ACCT000270,2024-02-16,refund,101.63,USD,MERCH0009,posted
TXN00005885,ACCT000317,2024-02-16,purchase,-446.76,USD,MERCH0001,pending
TXN00000108,ACCT000007,2024-02-17,transfer,183.19,USD,,failed
TXN00000336,ACCT000021,2024-02-17,transfer,382.08,GBP,,posted
TXN00000717,ACCT000045,2024-02-17,purchase,-147.3,USD,MERCH0005,posted
TXN00001050,ACCT000062,2024-02-17,purchase,-153.57,EUR,MERCH0010,posted
TXN00001827,ACCT000098,2024-02-17,purchase,-380.55,GBP,MERCH0008,posted
TXN00001838,ACCT000099,2024-02-17,transfer,944.75,USD,,posted
TXN00002841,ACCT000146,2024-02-17,purchase,-326.75,GBP,MERCH0004,failed
TXN00002936,ACCT000151,2024-02-17,purchase,-38.43,GBP,MERCH0005,posted
TXN00002978,ACCT000153,2024-02-17,fee,-10.38,USD,,posted
TXN00003062,ACCT000157,2024-02-17,transfer,-788.0,USD,,posted
TXN00003624,ACCT000189,2024-02-17,transfer,1076.15,USD,,pending
TXN00003680,ACCT000193,2024-02-17,withdrawal,-68.14,USD,,failed
TXN00004510,ACCT000241,2024-02-17,purchase,-10.63,USD,MERCH0006,posted
TXN00004619,ACCT000246,2024-02-17,deposit,3555.57,USD,,posted
TXN00005117,ACCT000277,2024-02-17,withdrawal,-494.13,GBP,,posted
TXN00005277,ACCT000286,2024-02-17,purchase,-122.79,EUR,MERCH0009,pending
TXN00005852,ACCT000316,2024-02-17,fee,-18.38,USD,,failed
TXN00006129,ACCT000328,2024-02-17,transfer,58.68,USD,,posted
TXN00000551,ACCT000034,2024-02-18,purchase,-248.15,USD,MERCH0008,posted
TXN00000888,ACCT000054,2024-02-18,transfer,-939.15,USD,,failed
TXN00001129,ACCT000065,2024-02-18,refund,197.8,USD,MERCH0006,pending
TXN00003317,ACCT000173,2024-02-18,fee,-10.36,GBP,,posted
TXN00003818,ACCT000200,2024-02-18,fee,-4.62,EUR,,posted
TXN00005148,ACCT000278,2024-02-18,purchase,-355.35,USD,MERCH0005,posted
TXN00005338,ACCT000288,2024-02-18,purchase,-260.68,USD,MERCH0002,failed
TXN00005515,ACCT000298,2024-02-18,purchase,-65.55,GBP,MERCH0005,posted
TXN00001025,ACCT000061,2024-02-19,purchase,-346.1,GBP,MERCH0009,posted
TXN00001755,ACCT000093,2024-02-19,purchase,-345.54,USD,MERCH0003,posted
TXN00001942,ACCT000103,2024-02-19,purchase,-200.53,USD,MERCH0009,posted
TXN00002100,ACCT000112,2024-02-19,deposit,2783.21,EUR,,pending
TXN00002316,ACCT000123,2024-02-19,fee,-8.42,GBP,,posted
TXN00002578,ACCT000134,2024-02-19,purchase,-170.25,GBP,MERCH0010,posted
TXN00003584,ACCT000185,2024-02-19,fee,-11.81,USD,,posted
TXN00004124,ACCT000222,2024-02-19,purchase,-315.14,USD,MERCH0009,posted
TXN00004129,ACCT000222,2024-02-19,purchase,-285.42,USD,MERCH0006,posted
TXN00004627,ACCT000247,2024-02-19,transfer,1475.78,EUR,,pending
TXN00005232,ACCT000282,2024-02-19,refund,22.64,USD,MERCH0010,pending
TXN00001000,ACCT000059,2024-02-20,purchase,-100.0,USD,MERCH0009,posted
TXN00001264,ACCT000070,2024-02-20,purchase,-67.38,USD,MERCH0005,posted
TXN00001556,ACCT000086,2024-02-20,transfer,-1433.26,GBP,,pending
TXN00002496,ACCT000130,2024-02-20,purchase,-177.78,GBP,MERCH0007,posted
TXN00003816,ACCT000200,2024-02-20,purchase,-160.6,EUR,MERCH0002,pending
TXN00004973,ACCT000267,2024-02-20,fee,-11.97,GBP,,posted
TXN00005234,ACCT000282,2024-02-20,purchase,-54.85,USD,MERCH0008,posted
TXN00006038,ACCT000323,2024-02-20,fee,-31.73,USD,,posted
TXN00000526,ACCT000033,2024-02-21,transfer,1233.3,EUR,,posted
TXN00001494,ACCT000084,2024-02-21,purchase,-121.94,USD,MERCH0001,posted
TXN00001899,ACCT000102,2024-02-21,withdrawal,-196.64,USD,,pending
TXN00002150,ACCT000114,2024-02-21,withdrawal,-776.02,USD,,pending
TXN00002291,ACCT000122,2024-02-21,fee,-18.43,USD,,failed
TXN00002965,ACCT000152,2024-02-21,withdrawal,-311.75,USD,,posted
TXN00003139,ACCT000161,2024-02-21,purchase,-200.25,EUR,MERCH0009,posted
TXN00003251,ACCT000168,2024-02-21,purchase,-116.55,USD,MERCH0004,posted
TXN00003429,ACCT000179,2024-02-21,fee,-28.18,USD,,failed
TXN00003762,ACCT000197,2024-02-21,refund,188.46,GBP,MERCH0009,posted
TXN00003774,ACCT000198,2024-02-21,refund,169.37,GBP,MERCH0004,posted
TXN00004285,ACCT000230,2024-02-21,fee,-10.87,USD,,posted
TXN00005159,ACCT000279,2024-02-21,deposit,1177.73,USD,,posted
TXN00006033,ACCT000323,2024-02-21,purchase,-208.67,USD,MERCH0002,pending
TXN00000752,ACCT000047,2024-02-22,withdrawal,-37.53,EUR,,posted
TXN00001201,ACCT000068,2024-02-22,purchase,-50.12,EUR,MERCH0009,failed
TXN00001327,ACCT000075,2024-02-22,purchase,-321.84,GBP,MERCH0010,pending
TXN00001542,ACCT000086,2024-02-22,purchase,-427.83,GBP,MERCH0007,posted
TXN00001696,ACCT000091,2024-02-22,withdrawal,-298.7,EUR,,pending
TXN00001825,ACCT000097,2024-02-22,purchase,-417.46,USD,MERCH0008,posted
TXN00002141,ACCT000113,2024-02-22,fee,-27.91,USD,,posted
TXN00002184,ACCT000116,2024-02-22,deposit,1435.93,USD,,posted
TXN00003839,ACCT000203,2024-02-22,deposit,1896.01,EUR,,posted
TXN00004522,ACCT000242,2024-02-22,purchase,-94.0,USD,MERCH0008,pending
TXN00004583,ACCT000244,2024-02-22,purchase,-23.77,USD,MERCH0010,posted
TXN00004851,ACCT000261,2024-02-22,withdrawal,-795.47,EUR,,failed
TXN00004887,ACCT000263,2024-02-22,fee,-29.57,GBP,,posted
TXN00005286,ACCT000286,2024-02-22,withdrawal,-729.83,EUR,,failed
TXN00005429,ACCT000293,2024-02-22,fee,-31.51,GBP,,pending
TXN00005679,ACCT000308,2024-02-22,transfer,-605.13,USD,,posted
TXN00005702,ACCT000309,2024-02-22,purchase,-37.41,GBP,MERCH0007,posted
TXN00000225,ACCT000012,2024-02-23,purchase,-79.04,USD,MERCH0006,posted
TXN00000394,ACCT000024,2024-02-23,withdrawal,-402.63,USD,,pending
TXN00001232,ACCT000069,2024-02-23,transfer,-1649.23,USD,,posted
TXN00001339,ACCT000077,2024-02-23,refund,100.7,USD,MERCH0001,posted
TXN00001736,ACCT000093,2024-02-23,purchase,-272.63,USD,MERCH0006,posted
TXN00001868,ACCT000100,2024-02-23,transfer,468.16,USD,,posted
TXN00002491,ACCT000130,2024-02-23,refund,66.42,GBP,MERCH0008,failed
TXN00002510,ACCT000131,2024-02-23,withdrawal,-677.01,EUR,,failed
TXN00002539,ACCT000132,2024-02-23,withdrawal,-498.47,USD,,posted
TXN00003067,ACCT000157,2024-02-23,fee,-8.22,USD,,posted
TXN00003137,ACCT000161,2024-02-23,purchase,-403.48,EUR,MERCH0010,posted
TXN00004007,ACCT000212,2024-02-23,purchase,-202.16,EUR,MERCH0010,posted
TXN00004556,ACCT000243,2024-02-23,fee,-33.48,EUR,,posted
TXN00005222,ACCT000282,2024-02-23,fee,-1.35,USD,,posted
TXN00005979,ACCT000321,2024-02-23,transfer,537.21,EUR,,posted
TXN00006059,ACCT000324,2024-02-23,purchase,-303.48,EUR,MERCH0003,posted
TXN00000505,ACCT000032,2024-02-24,purchase,-134.53,USD,MERCH0009,posted
TXN00000715,ACCT000045,2024-02-24,purchase,-447.2,USD,MERCH0007,posted
TXN00000772,ACCT000049,2024-02-24,transfer,-1589.01,EUR,,pending
TXN00001687,ACCT000090,2024-02-24,transfer,-420.6,USD,,posted
TXN00001738,ACCT000093,2024-02-24,purchase,-269.91,USD,MERCH0004,posted
TXN00002480,ACCT000130,2024-02-24,purchase,-59.42,GBP,MERCH0009,posted
TXN00002991,ACCT000153,2024-02-24,purchase,-102.96,USD,MERCH0009,posted
TXN00003370,ACCT000176,2024-02-24,fee,-13.55,USD,,posted
TXN00003760,ACCT000197,2024-02-24,purchase,-284.14,GBP,MERCH0008,posted
TXN00004058,ACCT000217,2024-02-24,purchase,-25.37,USD,MERCH0005,posted
TXN00004101,ACCT000219,2024-02-24,deposit,3290.77,GBP,,posted
TXN00004182,ACCT000225,2024-02-24,transfer,1968.81,EUR,,posted
TXN00004485,ACCT000241,2024-02-24,purchase,-359.83,USD,MERCH0003,pending
TXN00004789,ACCT000255,2024-02-24,withdrawal,-598.13,EUR,,failed
TXN00005012,ACCT000270,2024-02-24,fee,-6.41,USD,,failed
TXN00005722,ACCT000310,2024-02-24,refund,16.74,GBP,MERCH0005,pending
TXN00006045,ACCT000323,2024-02-24,deposit,3079.85,USD,,posted
TXN00000172,ACCT000010,2024-02-25,purchase,-76.48,EUR,MERCH0002,posted
TXN00000246,ACCT000015,2024-02-25,purchase,-427.32,USD,MERCH0002,posted
TXN00000248,ACCT000015,2024-02-25,fee,-3.66,USD,,failed
TXN00001021,ACCT000061,2024-02-25,purchase,-221.74,GBP,MERCH0005,posted
TXN00001428,ACCT000081,2024-02-25,transfer,1132.87,GBP,,posted
TXN00001491,ACCT000084,2024-02-25,purchase,-134.03,USD,MERCH0002,posted
TXN00002245,ACCT000121,2024-02-25,fee,-15.48,EUR,,posted
TXN00002654,ACCT000137,2024-02-25,refund,181.22,USD,MERCH0005,pending
TXN00004028,ACCT000215,2024-02-25,purchase,-106.7,USD,MERCH0005,posted
TXN00004043,ACCT000215,2024-02-25,deposit,1061.84,USD,,posted
TXN00004331,ACCT000233,2024-02-25,purchase,-89.01,USD,MERCH0001,posted
TXN00000208,ACCT000011,2024-02-26,transfer,-759.71,GBP,,failed
TXN00000241,ACCT000015,2024-02-26,purchase,-41.31,USD,MERCH0002,posted
TXN00000653,ACCT000040,2024-02-26,withdrawal,-371.05,GBP,,posted
TXN00000789,ACCT000049,2024-02-26,withdrawal,-695.23,EUR,,posted
TXN00001243,ACCT000070,2024-02-26,purchase,-258.58,USD,MERCH0006,posted
TXN00001488,ACCT000084,2024-02-26,refund,163.43,USD,MERCH0010,posted
TXN00001887,ACCT000101,2024-02-26,deposit,132.11,USD,,posted
TXN00002851,ACCT000146,2024-02-26,purchase,-92.01,GBP,MERCH0002,posted
TXN00003109,ACCT000159,2024-02-26,purchase,-50.81,USD,MERCH0007,posted
TXN00003991,ACCT000210,2024-02-26,purchase,-75.01,USD,MERCH0009,posted
TXN00004369,ACCT000235,2024-02-26,purchase,-133.33,USD,MERCH0008,pending
TXN00004411,ACCT000238,2024-02-26,transfer,54.45,USD,,posted
TXN00004417,ACCT000238,2024-02-26,purchase,-193.63,USD,MERCH0005,posted
TXN00004427,ACCT000238,2024-02-26,withdrawal,-318.6,USD,,posted
TXN00004514,ACCT000241,2024-02-26,purchase,-347.38,USD,MERCH0009,posted
TXN00004791,ACCT000255,2024-02-26,deposit,1537.57,EUR,,posted
TXN00005212,ACCT000282,2024-02-26,purchase,-430.3,USD,MERCH0002,posted
TXN00005677,ACCT000308,2024-02-26,purchase,-188.99,USD,MERCH0008,posted
TXN00006039,ACCT000323,2024-02-26,transfer,-1335.87,USD,,pending
TXN00006067,ACCT000324,2024-02-26,purchase,-300.58,EUR,MERCH0009,failed
TXN00000275,ACCT000016,2024-02-27,withdrawal,-41.41,USD,,posted
TXN00000339,ACCT000021,2024-02-27,purchase,-441.76,GBP,MERCH0001,posted
TXN00000588,ACCT000036,2024-02-27,deposit,3182.9,EUR,,posted
TXN00000890,ACCT000054,2024-02-27,purchase,-225.39,USD,MERCH0008,posted
TXN00001695,ACCT000091,2024-02-27,refund,198.18,EUR,MERCH0003,posted
TXN00002123,ACCT000112,2024-02-27,withdrawal,-347.28,EUR,,posted
TXN00002345,ACCT000124,2024-02-27,purchase,-187.56,USD,MERCH0006,posted
TXN00002419,ACCT000128,2024-02-27,purchase,-381.3,GBP,MERCH0009,posted
TXN00003230,ACCT000168,2024-02-27,purchase,-237.17,USD,MERCH0010,posted
TXN00003441,ACCT000179,2024-02-27,deposit,2477.12,USD,,posted
TXN00003642,ACCT000191,2024-02-27,purchase,-71.91,USD,MERCH0004,failed
TXN00004304,ACCT000232,2024-02-27,deposit,4164.23,USD,,posted
TXN00004501,ACCT000241,2024-02-27,deposit,2910.54,USD,,posted
TXN00004566,ACCT000243,2024-02-27,refund,113.95,EUR,MERCH0003,posted
TXN00004746,ACCT000253,2024-02-27,fee,-30.19,USD,,posted
TXN00004776,ACCT000255,2024-02-27,refund,117.93,EUR,MERCH0010,posted
TXN00005404,ACCT000292,2024-02-27,purchase,-397.83,USD,MERCH0003,posted
TXN00005680,ACCT000308,2024-02-27,fee,-34.67,USD,,failed
TXN00000462,ACCT000028,2024-02-28,refund,97.37,GBP,MERCH0008,pending
TXN00000872,ACCT000054,2024-02-28,refund,160.44,USD,MERCH0010,posted
TXN00002475,ACCT000130,2024-02-28,withdrawal,-445.79,GBP,,posted
TXN00002481,ACCT000130,2024-02-28,purchase,-249.06,GBP,MERCH0002,posted
TXN00002671,ACCT000137,2024-02-28,purchase,-46.39,USD,MERCH0008,posted
TXN00003943,ACCT000207,2024-02-28,purchase,-180.38,EUR,MERCH0005,posted
TXN00004590,ACCT000244,2024-02-28,deposit,4947.09,USD,,posted
TXN00004831,ACCT000259,2024-02-28,withdrawal,-268.77,USD,,posted
TXN00004867,ACCT000261,2024-02-28,purchase,-399.53,EUR,MERCH0009,posted
TXN00004870,ACCT000261,2024-02-28,purchase,-29.24,EUR,MERCH0003,failed
TXN00005040,ACCT000271,2024-02-28,purchase,-332.99,USD,MERCH0006,pending
TXN00005127,ACCT000277,2024-02-28,withdrawal,-563.41,GBP,,pending
TXN00005414,ACCT000292,2024-02-28,deposit,770.58,USD,,pending
TXN00000138,ACCT000008,2024-02-29,refund,122.94,GBP,MERCH0010,posted
TXN00002235,ACCT000120,2024-02-29,purchase,-65.5,USD,MERCH0008,pending
TXN00002274,ACCT000122,2024-02-29,refund,76.45,USD,MERCH0009,posted
TXN00003256,ACCT000168,2024-02-29,deposit,1554.83,USD,,pending
TXN00004094,ACCT000219,2024-02-29,purchase,-416.06,GBP,MERCH0006,posted
TXN00004151,ACCT000223,2024-02-29,refund,139.87,USD,MERCH0009,posted
TXN00004496,ACCT000241,2024-02-29,fee,-31.42,USD,,posted
TXN00005278,ACCT000286,2024-02-29,deposit,1896.48,EUR,,posted
TXN00005295,ACCT000286,2024-02-29,purchase,-102.2,EUR,MERCH0002,failed
TXN00005455,ACCT000294,2024-02-29,purchase,-133.74,GBP,MERCH0009,posted
TXN00000088,ACCT000006,2024-03-01,deposit,1088.9,USD,,failed
TXN00000236,ACCT000015,2024-03-01,withdrawal,-632.2,USD,,posted
TXN00000677,ACCT000040,2024-03-01,purchase,-378.27,GBP,MERCH0006,posted
TXN00001202,ACCT000068,2024-03-01,deposit,4559.38,EUR,,posted
TXN00001372,ACCT000078,2024-03-01,purchase,-20.11,USD,MERCH0006,posted
TXN00002097,ACCT000112,2024-03-01,withdrawal,-233.6,EUR,,posted
TXN00002219,ACCT000119,2024-03-01,transfer,1144.98,USD,,failed
TXN00002833,ACCT000146,2024-03-01,fee,-33.13,GBP,,failed
TXN00002998,ACCT000154,2024-03-01,withdrawal,-203.83,USD,,posted
TXN00003019,ACCT000154,2024-03-01,purchase,-449.21,USD,MERCH0002,posted
TXN00003155,ACCT000163,2024-03-01,deposit,1864.88,GBP,,posted
TXN00003620,ACCT000189,2024-03-01,purchase,-134.47,USD,MERCH0003,posted
TXN00003780,ACCT000198,2024-03-01,purchase,-158.65,GBP,MERCH0005,posted
TXN00003851,ACCT000203,2024-03-01,fee,-17.55,EUR,,pending
TXN00004849,ACCT000261,2024-03-01,transfer,-1604.68,EUR,,posted
TXN00005024,ACCT000270,2024-03-01,refund,102.01,USD,MERCH0010,pending
TXN00006132,ACCT000328,2024-03-01,purchase,-25.9,USD,MERCH0002,pending
TXN00000397,ACCT000024,2024-03-02,purchase,-245.76,USD,MERCH0007,posted
TXN00003233,ACCT000168,2024-03-02,fee,-32.17,USD,,pending
TXN00003375,ACCT000176,2024-03-02,purchase,-411.5,USD,MERCH0002,pending
TXN00004067,ACCT000218,2024-03-02,refund,11.27,USD,MERCH0009,failed
TXN00004308,ACCT000232,2024-03-02,purchase,-378.1,USD,MERCH0007,posted
TXN00000250,ACCT000015,2024-03-03,withdrawal,-269.4,USD,,failed
TXN00000254,ACCT000015,2024-03-03,purchase,-254.52,USD,MERCH0002,posted
TXN00000258,ACCT000015,2024-03-03,fee,-2.32,USD,,posted
TXN00000540,ACCT000033,2024-03-03,transfer,-1162.17,EUR,,failed
TXN00000727,ACCT000046,2024-03-03,purchase,-282.58,USD,MERCH0008,posted
TXN00001016,ACCT000061,2024-03-03,deposit,4198.64,GBP,,failed
TXN00001284,ACCT000072,2024-03-03,purchase,-449.47,USD,MERCH0009,posted
TXN00001561,ACCT000086,2024-03-03,purchase,-260.06,GBP,MERCH0003,failed
TXN00001834,ACCT000099,2024-03-03,deposit,3050.25,USD,,pending
TXN00001875,ACCT000100,2024-03-03,deposit,2910.53,USD,,failed
TXN00002167,ACCT000116,2024-03-03,purchase,-198.61,USD,MERCH0004,posted
TXN00003896,ACCT000205,2024-03-03,refund,164.92,EUR,MERCH0009,posted
TXN00003946,ACCT000207,2024-03-03,transfer,-46.83,EUR,,failed
TXN00004193,ACCT000225,2024-03-03,purchase,-124.31,EUR,MERCH0004,posted
TXN00004383,ACCT000236,2024-03-03,withdrawal,-112.91,USD,,posted
TXN00004490,ACCT000241,2024-03-03,fee,-20.89,USD,,posted
TXN00004837,ACCT000259,2024-03-03,refund,109.48,USD,MERCH0009,posted
TXN00005272,ACCT000285,2024-03-03,transfer,-297.21,EUR,,posted
TXN00000718,ACCT000045,2024-03-04,fee,-29.67,USD,,posted
TXN00000996,ACCT000059,2024-03-04,deposit,2958.64,USD,,posted
TXN00001228,ACCT000069,2024-03-04,refund,115.77,USD,MERCH0005,posted
TXN00001492,ACCT000084,2024-03-04,withdrawal,-70.12,USD,,posted
TXN00001515,ACCT000084,2024-03-04,purchase,-286.2,USD,MERCH0009,posted
TXN00002144,ACCT000114,2024-03-04,fee,-23.28,USD,,posted
TXN00002434,ACCT000128,2024-03-04,fee,-1.86,GBP,,failed
TXN00003102,ACCT000159,2024-03-04,fee,-9.67,USD,,pending
TXN00003198,ACCT000166,2024-03-04,purchase,-282.63,USD,MERCH0005,posted
TXN00003817,ACCT000200,2024-03-04,refund,138.22,EUR,MERCH0001,pending
TXN00004786,ACCT000255,2024-03-04,purchase,-182.9,EUR,MERCH0003,posted
TXN00004904,ACCT000263,2024-03-04,deposit,1014.3,GBP,,posted
TXN00004927,ACCT000265,2024-03-04,purchase,-323.33,GBP,MERCH0001,posted
TXN00000239,ACCT000015,2024-03-05,refund,54.87,USD,MERCH0001,posted
TXN00000247,ACCT000015,2024-03-05,purchase,-364.38,USD,MERCH0004,posted
TXN00000794,ACCT000049,2024-03-05,purchase,-35.07,EUR,MERCH0001,posted
TXN00001171,ACCT000067,2024-03-05,purchase,-88.29,EUR,MERCH0001,posted
TXN00001222,ACCT000069,2024-03-05,withdrawal,-186.71,USD,,pending
TXN00001275,ACCT000071,2024-03-05,withdrawal,-463.23,GBP,,posted
TXN00001357,ACCT000077,2024-03-05,refund,146.28,USD,MERCH0004,posted
TXN00003414,ACCT000178,2024-03-05,deposit,3052.57,USD,,failed
TXN00003571,ACCT000185,2024-03-05,purchase,-435.54,USD,MERCH0009,posted
TXN00003604,ACCT000186,2024-03-05,purchase,-261.93,USD,MERCH0009,posted
TXN00003791,ACCT000199,2024-03-05,deposit,3327.95,GBP,,pending
TXN00003835,ACCT000201,2024-03-05,purchase,-19.14,EUR,MERCH0003,posted
TXN00004618,ACCT000246,2024-03-05,transfer,1722.74,USD,,posted
TXN00004834,ACCT000259,2024-03-05,deposit,2963.4,USD,,posted
TXN00005163,ACCT000279,2024-03-05,deposit,1556.18,USD,,pending
TXN00005317,ACCT000288,2024-03-05,withdrawal,-106.28,USD,,posted
TXN00005371,ACCT000291,2024-03-05,refund,143.58,USD,MERCH0009,posted
TXN00005406,ACCT000292,2024-03-05,fee,-28.78,USD,,pending
TXN00000185,ACCT000010,2024-03-06,purchase,-57.77,EUR,MERCH0006,posted
TXN00000214,ACCT000012,2024-03-06,purchase,-427.11,USD,MERCH0001,pending
TXN00000354,ACCT000023,2024-03-06,purchase,-187.32,USD,MERCH0007,pending
TXN00000464,ACCT000028,2024-03-06,purchase,-284.4,GBP,MERCH0003,posted
TXN00000522,ACCT000032,2024-03-06,purchase,-360.27,USD,MERCH0009,posted
TXN00000990,ACCT000059,2024-03-06,purchase,-140.42,USD,MERCH0004,posted
TXN00001956,ACCT000104,2024-03-06,purchase,-272.89,GBP,MERCH0003,posted
TXN00002550,ACCT000133,2024-03-06,purchase,-319.63,USD,MERCH0009,pending
TXN00002879,ACCT000147,2024-03-06,refund,190.03,USD,MERCH0010,pending
TXN00004150,ACCT000223,2024-03-06,refund,90.59,USD,MERCH0010,posted
TXN00004210,ACCT000226,2024-03-06,purchase,-418.94,USD,MERCH0002,posted
TXN00004855,ACCT000261,2024-03-06,purchase,-38.73,EUR,MERCH0004,posted
TXN00005103,ACCT000276,2024-03-06,purchase,-123.09,GBP,MERCH0004,pending
TXN00005113,ACCT000277,2024-03-06,fee,-8.42,GBP,,pending
TXN00005291,ACCT000286,2024-03-06,purchase,-41.0,EUR,MERCH0003,pending
TXN00005456,ACCT000294,2024-03-06,refund,184.54,GBP,MERCH0009,posted
TXN00005693,ACCT000309,2024-03-06,purchase,-217.48,GBP,MERCH0005,pending
TXN00005868,ACCT000317,2024-03-06,purchase,-149.31,USD,MERCH0004,posted
TXN00000104,ACCT000006,2024-03-07,refund,179.15,USD,MERCH0006,posted
TXN00000182,ACCT000010,2024-03-07,deposit,4127.18,EUR,,posted
TXN00000991,ACCT000059,2024-03-07,purchase,-311.8,USD,MERCH0007,posted
TXN00001005,ACCT000060,2024-03-07,transfer,-942.49,USD,,pending
TXN00001648,ACCT000089,2024-03-07,purchase,-265.19,USD,MERCH0001,failed
TXN00001821,ACCT000097,2024-03-07,refund,39.75,USD,MERCH0006,failed
TXN00002661,ACCT000137,2024-03-07,refund,123.24,USD,MERCH0006,pending
TXN00003206,ACCT000166,2024-03-07,transfer,443.47,USD,,posted
TXN00003388,ACCT000177,2024-03-07,deposit,4231.28,USD,,pending
TXN00003861,ACCT000203,2024-03-07,purchase,-63.21,EUR,MERCH0007,posted
TXN00003923,ACCT000206,2024-03-07,deposit,2144.97,GBP,,posted
TXN00004370,ACCT000235,2024-03-07,purchase,-137.45,USD,MERCH0007,posted
TXN00004425,ACCT000238,2024-03-07,withdrawal,-317.83,USD,,posted
TXN00004549,ACCT000243,2024-03-07,refund,38.51,EUR,MERCH0004,failed
TXN00004953,ACCT000266,2024-03-07,purchase,-324.21,USD,MERCH0003,pending
TXN00005011,ACCT000270,2024-03-07,transfer,1398.74,USD,,posted
TXN00005155,ACCT000279,2024-03-07,purchase,-24.09,USD,MERCH0003,posted
TXN00005656,ACCT000305,2024-03-07,purchase,-315.34,USD,MERCH0005,posted
TXN00006156,ACCT000329,2024-03-07,deposit,1738.07,USD,,pending
TXN00000025,ACCT000003,2024-03-08,purchase,-195.65,EUR,MERCH0003,pending
TXN00000112,ACCT000007,2024-03-08,deposit,2621.25,USD,,posted
TXN00000243,ACCT000015,2024-03-08,purchase,-368.83,USD,MERCH0007,posted
TXN00000680,ACCT000041,2024-03-08,purchase,-343.81,USD,MERCH0001,pending
TXN00002225,ACCT000120,2024-03-08,withdrawal,-61.6,USD,,failed
TXN00002315,ACCT000123,2024-03-08,fee,-21.64,GBP,,posted
TXN00002486,ACCT000130,2024-03-08,purchase,-165.11,GBP,MERCH0009,posted
TXN00002690,ACCT000138,2024-03-08,transfer,1113.72,USD,,posted
TXN00003307,ACCT000173,2024-03-08,transfer,1435.54,GBP,,posted
TXN00004012,ACCT000212,2024-03-08,purchase,-112.26,EUR,MERCH0001,posted
TXN00004361,ACCT000235,2024-03-08,purchase,-260.01,USD,MERCH0002,posted
TXN00005392,ACCT000291,2024-03-08,purchase,-198.38,USD,MERCH0005,failed
TXN00006142,ACCT000328,2024-03-08,fee,-27.58,USD,,posted
TXN00001113,ACCT000064,2024-03-09,transfer,1379.97,GBP,,failed
TXN00001438,ACCT000081,2024-03-09,transfer,-1278.0,GBP,,failed
TXN00001487,ACCT000083,2024-03-09,deposit,2458.03,EUR,,pending
TXN00002549,ACCT000133,2024-03-09,transfer,-1595.2,USD,,pending
TXN00004110,ACCT000220,2024-03-09,purchase,-358.19,GBP,MERCH0001,posted
TXN00004297,ACCT000231,2024-03-09,purchase,-286.29,USD,MERCH0005,failed
TXN00005023,ACCT000270,2024-03-09,refund,46.35,USD,MERCH0003,posted
TXN00006014,ACCT000322,2024-03-09,purchase,-424.34,EUR,MERCH0006,posted
TXN00000240,ACCT000015,2024-03-10,deposit,4193.54,USD,,pending
TXN00000643,ACCT000039,2024-03-10,refund,42.03,USD,MERCH0009,posted
TXN00000735,ACCT000047,2024-03-10,refund,126.56,EUR,MERCH0003,pending
TXN00002672,ACCT000137,2024-03-10,fee,-17.08,USD,,posted
TXN00003172,ACCT000163,2024-03-10,purchase,-194.19,GBP,MERCH0001,posted
TXN00003888,ACCT000205,2024-03-10,deposit,1871.32,EUR,,failed
TXN00004026,ACCT000215,2024-03-10,purchase,-90.12,USD,MERCH0004,posted
TXN00004042,ACCT000215,2024-03-10,purchase,-150.59,USD,MERCH0003,pending
TXN00004822,ACCT000259,2024-03-10,transfer,-976.98,USD,,posted
TXN00004936,ACCT000266,2024-03-10,withdrawal,-86.16,USD,,posted
TXN00005236,ACCT000282,2024-03-10,withdrawal,-726.85,USD,,failed
TXN00006158,ACCT000329,2024-03-10,transfer,-975.14,USD,,posted
TXN00000116,ACCT000007,2024-03-11,fee,-27.3,USD,,posted
TXN00000192,ACCT000010,2024-03-11,fee,-7.78,EUR,,pending
TXN00000674,ACCT000040,2024-03-11,deposit,4319.81,GBP,,posted
TXN00001375,ACCT000078,2024-03-11,withdrawal,-26.66,USD,,posted
TXN00002190,ACCT000117,2024-03-11,refund,133.97,USD,MERCH0007,posted
TXN00002569,ACCT000133,2024-03-11,transfer,-209.81,USD,,posted
TXN00002861,ACCT000146,2024-03-11,purchase,-75.41,GBP,MERCH0001,pending
TXN00003277,ACCT000170,2024-03-11,purchase,-373.12,EUR,MERCH0005,posted
TXN00003393,ACCT000177,2024-03-11,refund,103.51,USD,MERCH0006,failed
TXN00003442,ACCT000179,2024-03-11,deposit,696.81,USD,,posted
TXN00004436,ACCT000238,2024-03-11,purchase,-396.06,USD,MERCH0010,posted
TXN00004536,ACCT000242,2024-03-11,transfer,-451.42,USD,,pending
TXN00005469,ACCT000295,2024-03-11,fee,-24.19,USD,,posted
TXN00000181,ACCT000010,2024-03-12,purchase,-30.57,EUR,MERCH0001,posted
TXN00001072,ACCT000063,2024-03-12,deposit,604.07,EUR,,failed
TXN00002249,ACCT000121,2024-03-12,purchase,-355.49,EUR,MERCH0006,posted
TXN00002347,ACCT000125,2024-03-12,transfer,-927.32,EUR,,failed
TXN00002414,ACCT000128,2024-03-12,purchase,-194.02,GBP,MERCH0007,posted
TXN00002820,ACCT000145,2024-03-12,deposit,4132.19,EUR,,posted
TXN00002960,ACCT000152,2024-03-12,withdrawal,-329.16,USD,,posted
TXN00003239,ACCT000168,2024-03-12,fee,-7.62,USD,,failed
TXN00004216,ACCT000226,2024-03-12,transfer,-824.04,USD,,pending
TXN00004615,ACCT000246,2024-03-12,purchase,-289.01,USD,MERCH0010,posted
TXN00005156,ACCT000279,2024-03-12,purchase,-432.51,USD,MERCH0002,failed
TXN00005252,ACCT000283,2024-03-12,transfer,983.39,USD,,posted
TXN00005989,ACCT000321,2024-03-12,purchase,-175.67,EUR,MERCH0003,posted
TXN00000245,ACCT000015,2024-03-13,purchase,-406.54,USD,MERCH0007,failed
TXN00000656,ACCT000040,2024-03-13,purchase,-263.6,GBP,MERCH0007,failed
TXN00000877,ACCT000054,2024-03-13,fee,-6.71,USD,,posted
TXN00001246,ACCT000070,2024-03-13,fee,-2.65,USD,,posted
TXN00001692,ACCT000091,2024-03-13,purchase,-13.73,EUR,MERCH0004,posted
TXN00001826,ACCT000098,2024-03-13,withdrawal,-224.36,GBP,,posted
TXN00002173,ACCT000116,2024-03-13,withdrawal,-428.14,USD,,posted
TXN00002346,ACCT000124,2024-03-13,deposit,3987.99,USD,,posted
TXN00003118,ACCT000159,2024-03-13,withdrawal,-237.88,USD,,posted
TXN00003220,ACCT000167,2024-03-13,purchase,-45.27,GBP,MERCH0002,pending
TXN00003897,ACCT000205,2024-03-13,purchase,-167.66,EUR,MERCH0002,pending
TXN00004047,ACCT000217,2024-03-13,refund,123.16,USD,MERCH0010,posted
TXN00004116,ACCT000222,2024-03-13,fee,-28.49,USD,,posted
TXN00004198,ACCT000225,2024-03-13,purchase,-147.65,EUR,MERCH0002,posted
TXN00004346,ACCT000234,2024-03-13,purchase,-14.15,EUR,MERCH0002,posted
TXN00004609,ACCT000246,2024-03-13,purchase,-193.3,USD,MERCH0010,posted
TXN00005488,ACCT000295,2024-03-13,withdrawal,-326.42,USD,,posted
TXN00006058,ACCT000324,2024-03-13,fee,-15.59,EUR,,pending
TXN00000767,ACCT000049,2024-03-14,withdrawal,-732.03,EUR,,posted
TXN00001077,ACCT000063,2024-03-14,purchase,-98.71,EUR,MERCH0003,posted
TXN00001121,ACCT000065,2024-03-14,transfer,300.76,USD,,posted
TXN00001482,ACCT000083,2024-03-14,withdrawal,-604.01,EUR,,failed
TXN00001718,ACCT000092,2024-03-14,fee,-25.92,USD,,failed
TXN00003431,ACCT000179,2024-03-14,deposit,4488.7,USD,,posted
TXN00004212,ACCT000226,2024-03-14,refund,33.94,USD,MERCH0008,posted
TXN00004325,ACCT000232,2024-03-14,purchase,-246.16,USD,MERCH0005,posted
TXN00004912,ACCT000264,2024-03-14,refund,157.87,EUR,MERCH0004,posted
TXN00000261,ACCT000015,2024-03-15,withdrawal,-262.54,USD,,posted
TXN00000398,ACCT000024,2024-03-15,transfer,-1769.13,USD,,failed
TXN00001332,ACCT000075,2024-03-15,purchase,-140.98,GBP,MERCH0008,posted
TXN00001540,ACCT000086,2024-03-15,deposit,1129.78,GBP,,failed
TXN00001851,ACCT000099,2024-03-15,transfer,-39.07,USD,,failed
TXN00001949,ACCT000104,2024-03-15,purchase,-373.96,GBP,MERCH0005,failed
TXN00002344,ACCT000124,2024-03-15,withdrawal,-611.19,USD,,pending
TXN00002819,ACCT000145,2024-03-15,transfer,-1705.17,EUR,,pending
TXN00002873,ACCT000147,2024-03-15,purchase,-232.48,USD,MERCH0008,posted
TXN00003144,ACCT000161,2024-03-15,purchase,-356.62,EUR,MERCH0005,pending
TXN00003266,ACCT000169,2024-03-15,transfer,1280.82,USD,,pending
TXN00003590,ACCT000185,2024-03-15,purchase,-38.59,USD,MERCH0005,posted
TXN00003641,ACCT000191,2024-03-15,deposit,4235.27,USD,,posted
TXN00003674,ACCT000193,2024-03-15,purchase,-367.85,USD,MERCH0001,posted
TXN00003934,ACCT000207,2024-03-15,deposit,4899.41,EUR,,posted
TXN00005281,ACCT000286,2024-03-15,purchase,-267.65,EUR,MERCH0009,posted
TXN00005458,ACCT000294,2024-03-15,purchase,-372.79,GBP,MERCH0001,failed
TXN00005689,ACCT000309,2024-03-15,purchase,-218.7,GBP,MERCH0003,posted
TXN00005692,ACCT000309,2024-03-15,purchase,-245.82,GBP,MERCH0002,posted
TXN00005970,ACCT000321,2024-03-15,purchase,-128.5,EUR,MERCH0009,pending
TXN00000177,ACCT000010,2024-03-16,purchase,-435.87,EUR,MERCH0004,posted
TXN00000640,ACCT000039,2024-03-16,purchase,-39.9,USD,MERCH0006,pending
TXN00000652,ACCT000040,2024-03-16,withdrawal,-30.71,GBP,,failed
TXN00001059,ACCT000062,2024-03-16,deposit,794.84,EUR,,failed
TXN00001175,ACCT000067,2024-03-16,refund,7.3,EUR,MERCH0007,posted
TXN00001218,ACCT000069,2024-03-16,fee,-16.17,USD,,posted
TXN00001475,ACCT000083,2024-03-16,withdrawal,-212.98,EUR,,pending
TXN00002216,ACCT000118,2024-03-16,withdrawal,-85.5,GBP,,posted
TXN00002556,ACCT000133,2024-03-16,purchase,-32.24,USD,MERCH0006,failed
TXN00003030,ACCT000155,2024-03-16,purchase,-110.29,USD,MERCH0003,pending
TXN00003241,ACCT000168,2024-03-16,purchase,-204.73,USD,MERCH0004,posted
TXN00003280,ACCT000170,2024-03-16,fee,-21.08,EUR,,posted
TXN00003661,ACCT000192,2024-03-16,refund,103.96,USD,MERCH0009,posted
TXN00004064,ACCT000218,2024-03-16,deposit,2453.07,USD,,failed
TXN00004729,ACCT000252,2024-03-16,purchase,-326.93,USD,MERCH0008,posted
TXN00005020,ACCT000270,2024-03-16,fee,-28.99,USD,,posted
TXN00000407,ACCT000024,2024-03-17,purchase,-241.34,USD,MERCH0009,failed
TXN00000910,ACCT000055,2024-03-17,purchase,-441.14,EUR,MERCH0007,posted
TXN00001356,ACCT000077,2024-03-17,transfer,-125.45,USD,,posted
TXN00001723,ACCT000092,2024-03-17,purchase,-335.37,USD,MERCH0008,failed
TXN00002277,ACCT000122,2024-03-17,purchase,-426.85,USD,MERCH0006,failed
TXN00003020,ACCT000154,2024-03-17,purchase,-347.35,USD,MERCH0005,failed
TXN00003384,ACCT000177,2024-03-17,purchase,-427.82,USD,MERCH0005,posted
TXN00003837,ACCT000201,2024-03-17,deposit,4269.26,EUR,,posted
TXN00003962,ACCT000209,2024-03-17,withdrawal,-77.17,EUR,,posted
TXN00004077,ACCT000218,2024-03-17,purchase,-170.93,USD,MERCH0002,posted
TXN00000238,ACCT000015,2024-03-18,purchase,-398.82,USD,MERCH0006,posted
TXN00002307,ACCT000123,2024-03-18,refund,44.5,GBP,MERCH0008,failed
TXN00002660,ACCT000137,2024-03-18,fee,-11.76,USD,,posted
TXN00002981,ACCT000153,2024-03-18,fee,-19.6,USD,,posted
TXN00004830,ACCT000259,2024-03-18,withdrawal,-28.82,USD,,posted
TXN00004930,ACCT000265,2024-03-18,purchase,-203.88,GBP,MERCH0008,posted
TXN00005096,ACCT000275,2024-03-18,fee,-33.7,EUR,,failed
TXN00005182,ACCT000281,2024-03-18,withdrawal,-100.54,EUR,,posted
TXN00005361,ACCT000290,2024-03-18,deposit,3435.58,USD,,posted
TXN00005476,ACCT000295,2024-03-18,fee,-1.3,USD,,pending
TXN00000267,ACCT000015,2024-03-19,purchase,-396.06,USD,MERCH0009,posted
TXN00000672,ACCT000040,2024-03-19,fee,-34.0,GBP,,pending
TXN00001006,ACCT000060,2024-03-19,refund,141.83,USD,MERCH0006,pending
TXN00001176,ACCT000067,2024-03-19,refund,95.88,EUR,MERCH0008,posted
TXN00001204,ACCT000068,2024-03-19,transfer,1641.94,EUR,,posted
TXN00001883,ACCT000101,2024-03-19,purchase,-100.8,USD,MERCH0003,posted
TXN00002494,ACCT000130,2024-03-19,purchase,-340.56,GBP,MERCH0001,posted
TXN00002770,ACCT000143,2024-03-19,purchase,-145.8,USD,MERCH0009,posted
TXN00003293,ACCT000172,2024-03-19,purchase,-170.71,USD,MERCH0002,posted
TXN00004060,ACCT000217,2024-03-19,refund,69.88,USD,MERCH0003,posted
TXN00004143,ACCT000223,2024-03-19,purchase,-382.57,USD,MERCH0009,failed
TXN00004426,ACCT000238,2024-03-19,purchase,-440.38,USD,MERCH0003,posted
TXN00004589,ACCT000244,2024-03-19,transfer,701.22,USD,,posted
TXN00005986,ACCT000321,2024-03-19,transfer,-358.01,EUR,,posted
TXN00006054,ACCT000324,2024-03-19,fee,-29.03,EUR,,pending
TXN00001689,ACCT000090,2024-03-20,deposit,326.58,USD,,failed
TXN00002583,ACCT000134,2024-03-20,transfer,1858.64,GBP,,pending
TXN00003184,ACCT000165,2024-03-20,purchase,-227.13,EUR,MERCH0005,posted
TXN00003422,ACCT000178,2024-03-20,purchase,-66.67,USD,MERCH0006,posted
TXN00003428,ACCT000179,2024-03-20,deposit,3717.92,USD,,posted
TXN00003928,ACCT000207,2024-03-20,fee,-4.39,EUR,,failed
TXN00004037,ACCT000215,2024-03-20,deposit,2705.98,USD,,posted
TXN00004756,ACCT000254,2024-03-20,deposit,2319.72,USD,,posted
TXN00005275,ACCT000286,2024-03-20,deposit,1821.68,EUR,,pending
TXN00005400,ACCT000292,2024-03-20,purchase,-315.33,USD,MERCH0010,posted
TXN00005628,ACCT000304,2024-03-20,purchase,-268.39,GBP,MERCH0002,posted
TXN00000210,ACCT000011,2024-03-21,fee,-27.92,GBP,,posted
TXN00000249,ACCT000015,2024-03-21,deposit,4986.48,USD,,failed
TXN00000366,ACCT000023,2024-03-21,fee,-29.52,USD,,posted
TXN00000592,ACCT000036,2024-03-21,refund,138.13,EUR,MERCH0002,posted
TXN00002323,ACCT000124,2024-03-21,purchase,-131.92,USD,MERCH0007,pending
TXN00002656,ACCT000137,2024-03-21,fee,-32.86,USD,,posted
TXN00003240,ACCT000168,2024-03-21,deposit,3052.51,USD,,pending
TXN00004142,ACCT000223,2024-03-21,deposit,4505.34,USD,,failed
TXN00004572,ACCT000243,2024-03-21,refund,109.56,EUR,MERCH0003,posted
TXN00005173,ACCT000280,2024-03-21,transfer,-1747.23,USD,,pending
TXN00000263,ACCT000015,2024-03-22,transfer,1463.02,USD,,pending
TXN00001224,ACCT000069,2024-03-22,purchase,-400.97,USD,MERCH0001,pending
TXN00001534,ACCT000086,2024-03-22,purchase,-178.35,GBP,MERCH0009,posted
TXN00001979,ACCT000106,2024-03-22,deposit,527.88,EUR,,posted
TXN00002238,ACCT000120,2024-03-22,fee,-17.17,USD,,posted
TXN00002532,ACCT000132,2024-03-22,purchase,-10.12,USD,MERCH0006,posted
TXN00002668,ACCT000137,2024-03-22,purchase,-188.59,USD,MERCH0003,pending
TXN00003116,ACCT000159,2024-03-22,purchase,-337.5,USD,MERCH0001,pending
TXN00003157,ACCT000163,2024-03-22,refund,4.5,GBP,MERCH0007,posted
TXN00003340,ACCT000175,2024-03-22,purchase,-383.34,USD,MERCH0001,posted
TXN00003758,ACCT000197,2024-03-22,deposit,2844.63,GBP,,failed
TXN00004322,ACCT000232,2024-03-22,withdrawal,-309.56,USD,,posted
TXN00004573,ACCT000243,2024-03-22,purchase,-102.33,EUR,MERCH0007,failed
TXN00005356,ACCT000289,2024-03-22,purchase,-216.13,EUR,MERCH0006,posted
TXN00000226,ACCT000012,2024-03-23,purchase,-424.0,USD,MERCH0009,posted
TXN00000463,ACCT000028,2024-03-23,fee,-1.76,GBP,,posted
TXN00000918,ACCT000056,2024-03-23,purchase,-402.37,EUR,MERCH0007,posted
TXN00001562,ACCT000086,2024-03-23,purchase,-117.77,GBP,MERCH0009,posted
TXN00001727,ACCT000092,2024-03-23,purchase,-375.21,USD,MERCH0007,failed
TXN00001988,ACCT000106,2024-03-23,fee,-28.67,EUR,,posted
TXN00002331,ACCT000124,2024-03-23,refund,145.44,USD,MERCH0006,posted
TXN00003055,ACCT000157,2024-03-23,fee,-7.94,USD,,posted
TXN00003795,ACCT000199,2024-03-23,transfer,-164.3,GBP,,posted
TXN00004128,ACCT000222,2024-03-23,transfer,-1097.06,USD,,posted
TXN00005699,ACCT000309,2024-03-23,purchase,-222.18,GBP,MERCH0002,posted
TXN00000348,ACCT000023,2024-03-24,purchase,-228.99,USD,MERCH0003,posted
TXN00001239,ACCT000069,2024-03-24,purchase,-59.82,USD,MERCH0009,failed
TXN00002240,ACCT000120,2024-03-24,refund,39.67,USD,MERCH0009,posted
TXN00002850,ACCT000146,2024-03-24,purchase,-271.7,GBP,MERCH0005,posted
TXN00003014,ACCT000154,2024-03-24,refund,73.67,USD,MERCH0008,pending
TXN00004054,ACCT000217,2024-03-24,purchase,-26.3,USD,MERCH0005,posted
TXN00004134,ACCT000222,2024-03-24,refund,186.91,USD,MERCH0007,posted
TXN00004173,ACCT000225,2024-03-24,fee,-5.74,EUR,,posted
TXN00004424,ACCT000238,2024-03-24,deposit,4780.82,USD,,failed
TXN00004595,ACCT000244,2024-03-24,fee,-5.5,USD,,pending
TXN00000228,ACCT000012,2024-03-25,fee,-6.34,USD,,posted
TXN00000237,ACCT000015,2024-03-25,withdrawal,-91.09,USD,,pending
TXN00000257,ACCT000015,2024-03-25,refund,36.92,USD,MERCH0001,posted
TXN00000379,ACCT000023,2024-03-25,deposit,1371.54,USD,,posted
TXN00000448,ACCT000028,2024-03-25,purchase,-74.17,GBP,MERCH0008,pending
TXN00001213,ACCT000069,2024-03-25,fee,-3.09,USD,,posted
TXN00001456,ACCT000083,2024-03-25,deposit,1262.38,EUR,,posted
TXN00002818,ACCT000145,2024-03-25,purchase,-229.34,EUR,MERCH0006,failed
TXN00002970,ACCT000152,2024-03-25,purchase,-68.23,USD,MERCH0002,failed
TXN00003376,ACCT000177,2024-03-25,purchase,-236.13,USD,MERCH0004,failed
TXN00004674,ACCT000250,2024-03-25,transfer,1549.97,GBP,,posted
TXN00005015,ACCT000270,2024-03-25,refund,168.21,USD,MERCH0007,posted
TXN00005202,ACCT000281,2024-03-25,fee,-29.64,EUR,,posted
TXN00005323,ACCT000288,2024-03-25,transfer,141.64,USD,,posted
TXN00005383,ACCT000291,2024-03-25,withdrawal,-655.03,USD,,pending
TXN00005673,ACCT000307,2024-03-25,purchase,-310.26,GBP,MERCH0004,failed
TXN00006073,ACCT000325,2024-03-25,purchase,-119.68,USD,MERCH0002,pending
TXN00000032,ACCT000003,2024-03-26,fee,-10.38,EUR,,posted
TXN00000218,ACCT000012,2024-03-26,purchase,-202.64,USD,MERCH0006,posted
TXN00000266,ACCT000015,2024-03-26,purchase,-142.07,USD,MERCH0002,pending
TXN00000544,ACCT000033,2024-03-26,transfer,1269.92,EUR,,pending
TXN00001950,ACCT000104,2024-03-26,transfer,-1647.44,GBP,,pending
TXN00002313,ACCT000123,2024-03-26,transfer,842.48,GBP,,posted
TXN00002493,ACCT000130,2024-03-26,withdrawal,-182.83,GBP,,failed
TXN00002941,ACCT000151,2024-03-26,deposit,135.05,GBP,,posted
TXN00004317,ACCT000232,2024-03-26,purchase,-33.32,USD,MERCH0005,posted
TXN00004577,ACCT000244,2024-03-26,withdrawal,-297.6,USD,,posted
TXN00004769,ACCT000255,2024-03-26,deposit,2168.04,EUR,,posted
TXN00004884,ACCT000263,2024-03-26,transfer,-264.23,GBP,,pending
TXN00005195,ACCT000281,2024-03-26,purchase,-125.42,EUR,MERCH0002,pending
TXN00005409,ACCT000292,2024-03-26,fee,-17.96,USD,,failed
TXN00005454,ACCT000294,2024-03-26,refund,95.42,GBP,MERCH0008,failed
TXN00005602,ACCT000302,2024-03-26,fee,-9.75,EUR,,posted
TXN00005972,ACCT000321,2024-03-26,refund,83.81,EUR,MERCH0007,posted
TXN00006060,ACCT000324,2024-03-26,purchase,-283.1,EUR,MERCH0005,posted
TXN00000491,ACCT000030,2024-03-27,purchase,-213.84,GBP,MERCH0003,pending
TXN00001266,ACCT000070,2024-03-27,purchase,-432.62,USD,MERCH0010,posted
TXN00001757,ACCT000093,2024-03-27,withdrawal,-145.95,USD,,posted
TXN00002101,ACCT000112,2024-03-27,purchase,-406.44,EUR,MERCH0010,pending
TXN00003636,ACCT000190,2024-03-27,transfer,1897.02,EUR,,posted
TXN00003920,ACCT000206,2024-03-27,purchase,-104.4,GBP,MERCH0008,pending
TXN00004127,ACCT000222,2024-03-27,purchase,-5.41,USD,MERCH0001,posted
TXN00004582,ACCT000244,2024-03-27,purchase,-7.57,USD,MERCH0009,failed
TXN00004669,ACCT000250,2024-03-27,withdrawal,-457.08,GBP,,posted
TXN00004706,ACCT000251,2024-03-27,refund,7.74,EUR,MERCH0007,posted
TXN00005002,ACCT000269,2024-03-27,withdrawal,-230.81,GBP,,failed
TXN00005213,ACCT000282,2024-03-27,transfer,-244.91,USD,,failed
TXN00005649,ACCT000305,2024-03-27,transfer,-364.15,USD,,pending
TXN00000006,ACCT000001,2024-03-28,purchase,-380.86,USD,MERCH0008,failed
TXN00000235,ACCT000012,2024-03-28,withdrawal,-782.11,USD,,posted
TXN00000770,ACCT000049,2024-03-28,withdrawal,-618.99,EUR,,pending
TXN00001302,ACCT000073,2024-03-28,deposit,3316.2,USD,,pending
TXN00001436,ACCT000081,2024-03-28,withdrawal,-768.05,GBP,,pending
TXN00001564,ACCT000086,2024-03-28,fee,-34.22,GBP,,failed
TXN00001967,ACCT000105,2024-03-28,withdrawal,-376.52,USD,,pending
TXN00002308,ACCT000123,2024-03-28,fee,-9.69,GBP,,posted
TXN00002673,ACCT000137,2024-03-28,purchase,-310.59,USD,MERCH0010,posted
TXN00003131,ACCT000160,2024-03-28,withdrawal,-582.29,USD,,posted
TXN00003367,ACCT000176,2024-03-28,fee,-33.17,USD,,posted
TXN00004206,ACCT000226,2024-03-28,purchase,-241.87,USD,MERCH0004,posted
TXN00005713,ACCT000309,2024-03-28,purchase,-102.15,GBP,MERCH0007,failed
TXN00000188,ACCT000010,2024-03-29,transfer,-1818.44,EUR,,posted
TXN00000252,ACCT000015,2024-03-29,transfer,1048.98,USD,,posted
TXN00001290,ACCT000072,2024-03-29,fee,-19.9,USD,,failed
TXN00001840,ACCT000099,2024-03-29,deposit,3450.93,USD,,failed
TXN00002218,ACCT000119,2024-03-29,purchase,-125.37,USD,MERCH0005,posted
TXN00002487,ACCT000130,2024-03-29,purchase,-73.96,GBP,MERCH0006,failed
TXN00002871,ACCT000147,2024-03-29,fee,-19.8,USD,,failed
TXN00002917,ACCT000149,2024-03-29,deposit,1433.38,USD,,posted
TXN00003163,ACCT000163,2024-03-29,refund,65.2,GBP,MERCH0005,pending
TXN00003381,ACCT000177,2024-03-29,transfer,-1638.73,USD,,posted
TXN00003826,ACCT000201,2024-03-29,withdrawal,-278.73,EUR,,posted
TXN00004415,ACCT000238,2024-03-29,purchase,-300.5,USD,MERCH0005,posted
TXN00004959,ACCT000266,2024-03-29,purchase,-180.77,USD,MERCH0006,posted
TXN00005611,ACCT000303,2024-03-29,deposit,1437.97,EUR,,posted
TXN00000332,ACCT000021,2024-03-30,purchase,-164.02,GBP,MERCH0005,failed
TXN00000481,ACCT000029,2024-03-30,purchase,-6.22,GBP,MERCH0009,failed
TXN00000524,ACCT000032,2024-03-30,refund,140.55,USD,MERCH0002,posted
TXN00001195,ACCT000068,2024-03-30,purchase,-153.97,EUR,MERCH0002,posted
TXN00001347,ACCT000077,2024-03-30,transfer,-373.51,USD,,posted
TXN00002332,ACCT000124,2024-03-30,refund,66.58,USD,MERCH0004,posted
TXN00002804,ACCT000144,2024-03-30,purchase,-404.14,EUR,MERCH0010,failed
TXN00002949,ACCT000152,2024-03-30,purchase,-75.45,USD,MERCH0004,pending
TXN00003269,ACCT000169,2024-03-30,deposit,586.36,USD,,posted
TXN00004074,ACCT000218,2024-03-30,purchase,-425.57,USD,MERCH0008,failed
TXN00004680,ACCT000250,2024-03-30,purchase,-327.57,GBP,MERCH0007,posted
TXN00004921,ACCT000264,2024-03-30,withdrawal,-248.8,EUR,,posted
TXN00004982,ACCT000267,2024-03-30,withdrawal,-692.03,GBP,,posted
TXN00005251,ACCT000283,2024-03-30,refund,179.0,USD,MERCH0005,posted
TXN00005315,ACCT000287,2024-03-30,deposit,1542.33,EUR,,posted
TXN00006055,ACCT000324,2024-03-30,transfer,-1898.2,EUR,,failed
TXN00000534,ACCT000033,2024-03-31,fee,-17.99,EUR,,failed
TXN00001348,ACCT000077,2024-03-31,withdrawal,-730.31,USD,,posted
TXN00001672,ACCT000090,2024-03-31,withdrawal,-777.85,USD,,pending
TXN00002125,ACCT000112,2024-03-31,refund,133.14,EUR,MERCH0006,posted
TXN00002570,ACCT000133,2024-03-31,fee,-30.89,USD,,posted
TXN00002853,ACCT000146,2024-03-31,fee,-2.49,GBP,,posted
TXN00003326,ACCT000175,2024-03-31,transfer,77.73,USD,,posted
TXN00003359,ACCT000176,2024-03-31,transfer,551.28,USD,,posted
TXN00003623,ACCT000189,2024-03-31,withdrawal,-573.13,USD,,posted
TXN00003765,ACCT000198,2024-03-31,purchase,-184.54,GBP,MERCH0001,pending
TXN00004104,ACCT000219,2024-03-31,purchase,-427.54,GBP,MERCH0002,posted
TXN00004135,ACCT000222,2024-03-31,deposit,4415.97,USD,,pending
TXN00004550,ACCT000243,2024-03-31,purchase,-218.52,EUR,MERCH0003,posted
TXN00005635,ACCT000304,2024-03-31,purchase,-349.92,GBP,MERCH0003,posted
TXN00000149,ACCT000009,2024-04-01,purchase,-361.99,EUR,MERCH0009,failed
TXN00000153,ACCT000009,2024-04-01,deposit,4031.47,EUR,,posted
TXN00001144,ACCT000066,2024-04-01,deposit,4826.99,GBP,,posted
TXN00001533,ACCT000085,2024-04-01,refund,61.92,EUR,MERCH0007,failed
TXN00001544,ACCT000086,2024-04-01,purchase,-441.18,GBP,MERCH0002,failed
TXN00002268,ACCT000121,2024-04-01,purchase,-308.01,EUR,MERCH0007,posted
TXN00002535,ACCT000132,2024-04-01,fee,-22.03,USD,,posted
TXN00002600,ACCT000134,2024-04-01,transfer,-1823.11,GBP,,posted
TXN00002943,ACCT000151,2024-04-01,purchase,-250.39,GBP,MERCH0008,posted
TXN00002944,ACCT000151,2024-04-01,purchase,-419.67,GBP,MERCH0009,posted
TXN00003059,ACCT000157,2024-04-01,purchase,-153.88,USD,MERCH0008,pending
TXN00004130,ACCT000222,2024-04-01,withdrawal,-210.53,USD,,pending
TXN00004154,ACCT000223,2024-04-01,purchase,-316.57,USD,MERCH0003,posted
TXN00004453,ACCT000239,2024-04-01,purchase,-234.02,USD,MERCH0009,pending
TXN00005706,ACCT000309,2024-04-01,fee,-4.51,GBP,,pending
TXN00005725,ACCT000310,2024-04-01,purchase,-318.88,GBP,MERCH0003,posted
TXN00005883,ACCT000317,2024-04-01,deposit,2713.28,USD,,posted
TXN00000937,ACCT000056,2024-04-02,withdrawal,-167.47,EUR,,posted
TXN00001259,ACCT000070,2024-04-02,purchase,-354.68,USD,MERCH0005,posted
TXN00001560,ACCT000086,2024-04-02,purchase,-250.96,GBP,MERCH0001,posted
TXN00002566,ACCT000133,2024-04-02,purchase,-328.71,USD,MERCH0008,posted
TXN00002582,ACCT000134,2024-04-02,purchase,-225.45,GBP,MERCH0002,pending
TXN00002657,ACCT000137,2024-04-02,refund,139.71,USD,MERCH0001,posted
TXN00004061,ACCT000217,2024-04-02,purchase,-270.66,USD,MERCH0006,pending
TXN00004201,ACCT000226,2024-04-02,purchase,-6.54,USD,MERCH0010,posted
TXN00004233,ACCT000226,2024-04-02,purchase,-312.1,USD,MERCH0008,posted
TXN00004353,ACCT000234,2024-04-02,deposit,4561.28,EUR,,posted
TXN00004826,ACCT000259,2024-04-02,purchase,-403.15,USD,MERCH0006,posted
TXN00005313,ACCT000287,2024-04-02,transfer,-1072.38,EUR,,failed
TXN00005740,ACCT000310,2024-04-02,withdrawal,-123.43,GBP,,posted
TXN00005843,ACCT000316,2024-04-02,deposit,4331.35,USD,,posted
TXN00000572,ACCT000035,2024-04-03,purchase,-52.33,USD,MERCH0005,posted
TXN00000768,ACCT000049,2024-04-03,transfer,917.5,EUR,,posted
TXN00000935,ACCT000056,2024-04-03,withdrawal,-344.9,EUR,,failed
TXN00001641,ACCT000089,2024-04-03,purchase,-26.3,USD,MERCH0001,failed
TXN00001707,ACCT000092,2024-04-03,fee,-12.99,USD,,posted
TXN00002221,ACCT000119,2024-04-03,purchase,-144.92,USD,MERCH0003,failed
TXN00002485,ACCT000130,2024-04-03,transfer,-1134.51,GBP,,pending
TXN00003291,ACCT000172,2024-04-03,purchase,-228.24,USD,MERCH0007,posted
TXN00003887,ACCT000205,2024-04-03,purchase,-9.06,EUR,MERCH0004,posted
TXN00004076,ACCT000218,2024-04-03,purchase,-164.24,USD,MERCH0001,posted
TXN00004087,ACCT000218,2024-04-03,fee,-15.52,USD,,failed
TXN00004700,ACCT000250,2024-04-03,fee,-14.95,GBP,,posted
TXN00004919,ACCT000264,2024-04-03,purchase,-44.98,EUR,MERCH0010,failed
TXN00005471,ACCT000295,2024-04-03,purchase,-262.02,USD,MERCH0002,posted
TXN00000264,ACCT000015,2024-04-04,purchase,-200.45,USD,MERCH0004,posted
TXN00000276,ACCT000016,2024-04-04,deposit,4292.7,USD,,failed
TXN00000997,ACCT000059,2024-04-04,transfer,-199.74,USD,,failed
TXN00001557,ACCT000086,2024-04-04,fee,-28.64,GBP,,posted
TXN00002293,ACCT000122,2024-04-04,withdrawal,-582.84,USD,,failed
TXN00002864,ACCT000146,2024-04-04,fee,-4.94,GBP,,posted
TXN00003082,ACCT000158,2024-04-04,purchase,-419.34,EUR,MERCH0003,pending
TXN00003592,ACCT000185,2024-04-04,fee,-22.3,USD,,posted
TXN00003616,ACCT000189,2024-04-04,fee,-12.44,USD,,posted
TXN00003675,ACCT000193,2024-04-04,deposit,919.86,USD,,posted
TXN00003797,ACCT000199,2024-04-04,withdrawal,-102.5,GBP,,pending
TXN00003958,ACCT000209,2024-04-04,purchase,-362.13,EUR,MERCH0008,posted
TXN00003968,ACCT000209,2024-04-04,purchase,-294.46,EUR,MERCH0008,failed
TXN00004559,ACCT000243,2024-04-04,fee,-10.13,EUR,,posted
TXN00004929,ACCT000265,2024-04-04,fee,-34.76,GBP,,failed
TXN00005314,ACCT000287,2024-04-04,deposit,3732.54,EUR,,posted
TXN00005343,ACCT000288,2024-04-04,transfer,1436.77,USD,,failed
TXN00000527,ACCT000033,2024-04-05,withdrawal,-204.97,EUR,,posted
TXN00001151,ACCT000066,2024-04-05,fee,-22.44,GBP,,posted
TXN00001888,ACCT000101,2024-04-05,withdrawal,-42.3,USD,,failed
TXN00001906,ACCT000102,2024-04-05,transfer,300.83,USD,,posted
TXN00002476,ACCT000130,2024-04-05,withdrawal,-531.26,GBP,,pending
TXN00002699,ACCT000138,2024-04-05,purchase,-4.72,USD,MERCH0002,failed
TXN00002862,ACCT000146,2024-04-05,deposit,2258.21,GBP,,pending
TXN00003808,ACCT000199,2024-04-05,purchase,-268.26,GBP,MERCH0003,pending
TXN00003812,ACCT000200,2024-04-05,purchase,-209.49,EUR,MERCH0005,posted
TXN00004066,ACCT000218,2024-04-05,purchase,-40.79,USD,MERCH0003,posted
TXN00004376,ACCT000235,2024-04-05,purchase,-78.17,USD,MERCH0001,posted
TXN00004423,ACCT000238,2024-04-05,purchase,-331.74,USD,MERCH0008,posted
TXN00004531,ACCT000242,2024-04-05,withdrawal,-797.68,USD,,posted
TXN00004914,ACCT000264,2024-04-05,purchase,-110.31,EUR,MERCH0006,posted
TXN00005482,ACCT000295,2024-04-05,purchase,-257.99,USD,MERCH0005,posted
TXN00000352,ACCT000023,2024-04-06,refund,160.85,USD,MERCH0008,posted
TXN00000574,ACCT000035,2024-04-06,transfer,-321.26,USD,,pending
TXN00001337,ACCT000077,2024-04-06,refund,121.15,USD,MERCH0008,posted
TXN00001381,ACCT000078,2024-04-06,fee,-27.18,USD,,failed
TXN00001679,ACCT000090,2024-04-06,refund,130.57,USD,MERCH0003,posted
TXN00001739,ACCT000093,2024-04-06,deposit,3210.03,USD,,posted
TXN00001881,ACCT000101,2024-04-06,refund,70.07,USD,MERCH0002,pending
TXN00001885,ACCT000101,2024-04-06,purchase,-192.12,USD,MERCH0005,failed
TXN00002326,ACCT000124,2024-04-06,purchase,-103.21,USD,MERCH0010,pending
TXN00002870,ACCT000147,2024-04-06,refund,97.31,USD,MERCH0008,posted
TXN00003098,ACCT000159,2024-04-06,refund,49.87,USD,MERCH0009,posted
TXN00004065,ACCT000218,2024-04-06,refund,154.58,USD,MERCH0010,posted
TXN00004397,ACCT000237,2024-04-06,withdrawal,-647.84,EUR,,failed
TXN00005242,ACCT000283,2024-04-06,purchase,-250.69,USD,MERCH0004,posted
TXN00005735,ACCT000310,2024-04-06,transfer,-848.7,GBP,,pending
TXN00006069,ACCT000324,2024-04-06,purchase,-67.54,EUR,MERCH0006,posted
TXN00000259,ACCT000015,2024-04-07,deposit,293.99,USD,,posted
TXN00000747,ACCT000047,2024-04-07,transfer,1470.23,EUR,,pending
TXN00001107,ACCT000064,2024-04-07,withdrawal,-244.61,GBP,,posted
TXN00001353,ACCT000077,2024-04-07,deposit,2686.15,USD,,failed
TXN00001649,ACCT000089,2024-04-07,deposit,3538.07,USD,,posted
TXN00001657,ACCT000089,2024-04-07,fee,-17.83,USD,,pending
TXN00001869,ACCT000100,2024-04-07,transfer,-1869.54,USD,,posted
TXN00002199,ACCT000117,2024-04-07,fee,-13.72,USD,,failed
TXN00002351,ACCT000125,2024-04-07,withdrawal,-40.23,EUR,,posted
TXN00002479,ACCT000130,2024-04-07,withdrawal,-69.23,GBP,,posted
TXN00002831,ACCT000145,2024-04-07,purchase,-16.9,EUR,MERCH0001,posted
TXN00003921,ACCT000206,2024-04-07,purchase,-131.44,GBP,MERCH0001,posted
TXN00004025,ACCT000215,2024-04-07,fee,-6.36,USD,,failed
TXN00004086,ACCT000218,2024-04-07,refund,53.7,USD,MERCH0008,failed
TXN00001186,ACCT000068,2024-04-08,refund,89.31,EUR,MERCH0006,pending
TXN00001453,ACCT000083,2024-04-08,purchase,-422.41,EUR,MERCH0003,posted
TXN00001813,ACCT000097,2024-04-08,fee,-29.17,USD,,pending
TXN00002181,ACCT000116,2024-04-08,withdrawal,-241.67,USD,,posted
TXN00002478,ACCT000130,2024-04-08,refund,134.6,GBP,MERCH0002,posted
TXN00003585,ACCT000185,2024-04-08,withdrawal,-233.41,USD,,pending
TXN00004315,ACCT000232,2024-04-08,fee,-33.96,USD,,posted
TXN00004594,ACCT000244,2024-04-08,purchase,-382.86,USD,MERCH0005,posted
TXN00005017,ACCT000270,2024-04-08,purchase,-183.08,USD,MERCH0007,pending
TXN00005694,ACCT000309,2024-04-08,purchase,-242.8,GBP,MERCH0002,posted
TXN00005968,ACCT000321,2024-04-08,purchase,-342.09,EUR,MERCH0002,posted
TXN00000901,ACCT000055,2024-04-09,transfer,420.38,EUR,,posted
TXN00000946,ACCT000056,2024-04-09,transfer,312.93,EUR,,posted
TXN00001328,ACCT000075,2024-04-09,purchase,-117.56,GBP,MERCH0009,posted
TXN00001744,ACCT000093,2024-04-09,transfer,1456.86,USD,,posted
TXN00001894,ACCT000101,2024-04-09,withdrawal,-167.77,USD,,posted
TXN00002148,ACCT000114,2024-04-09,withdrawal,-632.12,USD,,posted
TXN00002201,ACCT000117,2024-04-09,purchase,-141.74,USD,MERCH0010,posted
TXN00002565,ACCT000133,2024-04-09,deposit,4899.92,USD,,posted
TXN00002980,ACCT000153,2024-04-09,fee,-20.36,USD,,posted
TXN00003364,ACCT000176,2024-04-09,purchase,-183.99,USD,MERCH0006,posted
TXN00003752,ACCT000197,2024-04-09,withdrawal,-774.78,GBP,,posted
TXN00004435,ACCT000238,2024-04-09,transfer,1906.35,USD,,posted
TXN00004815,ACCT000258,2024-04-09,deposit,2325.13,USD,,posted
TXN00005132,ACCT000277,2024-04-09,purchase,-362.56,GBP,MERCH0009,pending
TXN00005467,ACCT000295,2024-04-09,withdrawal,-627.6,USD,,posted
TXN00005714,ACCT000309,2024-04-09,fee,-32.31,GBP,,posted
TXN00000265,ACCT000015,2024-04-10,refund,173.84,USD,MERCH0009,posted
TXN00000533,ACCT000033,2024-04-10,purchase,-214.43,EUR,MERCH0003,posted
TXN00000993,ACCT000059,2024-04-10,purchase,-357.5,USD,MERCH0001,pending
TXN00001466,ACCT000083,2024-04-10,purchase,-4.87,EUR,MERCH0004,pending
TXN00001541,ACCT000086,2024-04-10,purchase,-327.5,GBP,MERCH0006,pending
TXN00001934,ACCT000103,2024-04-10,fee,-20.9,USD,,posted
TXN00002678,ACCT000138,2024-04-10,transfer,1428.59,USD,,posted
TXN00003361,ACCT000176,2024-04-10,purchase,-372.43,USD,MERCH0006,pending
TXN00003858,ACCT000203,2024-04-10,withdrawal,-491.63,EUR,,posted
TXN00003891,ACCT000205,2024-04-10,deposit,3973.56,EUR,,posted
TXN00004407,ACCT000238,2024-04-10,purchase,-240.3,USD,MERCH0001,pending
TXN00005352,ACCT000289,2024-04-10,purchase,-302.53,EUR,MERCH0002,posted
TXN00005425,ACCT000293,2024-04-10,purchase,-288.71,GBP,MERCH0010,posted
TXN00005470,ACCT000295,2024-04-10,refund,42.46,USD,MERCH0010,failed
TXN00005650,ACCT000305,2024-04-10,purchase,-236.77,USD,MERCH0007,failed
TXN00006077,ACCT000325,2024-04-10,purchase,-218.31,USD,MERCH0009,posted
TXN00000353,ACCT000023,2024-04-11,refund,65.26,USD,MERCH0008,posted
TXN00000587,ACCT000036,2024-04-11,transfer,-1730.04,EUR,,posted
TXN00000764,ACCT000049,2024-04-11,purchase,-256.8,EUR,MERCH0008,posted
TXN00001102,ACCT000064,2024-04-11,withdrawal,-566.98,GBP,,posted
TXN00001346,ACCT000077,2024-04-11,withdrawal,-155.83,USD,,posted
TXN00001857,ACCT000099,2024-04-11,deposit,295.82,USD,,posted
TXN00002536,ACCT000132,2024-04-11,purchase,-321.11,USD,MERCH0002,failed
TXN00002591,ACCT000134,2024-04-11,withdrawal,-756.51,GBP,,posted
TXN00003153,ACCT000163,2024-04-11,purchase,-209.0,GBP,MERCH0005,failed
TXN00003222,ACCT000167,2024-04-11,deposit,2986.92,GBP,,failed
TXN00003306,ACCT000173,2024-04-11,deposit,2296.64,GBP,,posted
TXN00003915,ACCT000206,2024-04-11,purchase,-172.0,GBP,MERCH0004,posted
TXN00004677,ACCT000250,2024-04-11,fee,-25.95,GBP,,posted
TXN00006041,ACCT000323,2024-04-11,fee,-17.55,USD,,posted
TXN00000156,ACCT000009,2024-04-12,withdrawal,-459.77,EUR,,posted
TXN00000325,ACCT000020,2024-04-12,withdrawal,-668.57,EUR,,posted
TXN00000658,ACCT000040,2024-04-12,withdrawal,-61.41,GBP,,failed
TXN00000923,ACCT000056,2024-04-12,transfer,367.03,EUR,,pending
TXN00001489,ACCT000084,2024-04-12,purchase,-364.7,USD,MERCH0003,posted
TXN00002228,ACCT000120,2024-04-12,purchase,-118.93,USD,MERCH0005,posted
TXN00002590,ACCT000134,2024-04-12,withdrawal,-269.85,GBP,,posted
TXN00002687,ACCT000138,2024-04-12,refund,79.51,USD,MERCH0007,failed
TXN00002773,ACCT000143,2024-04-12,purchase,-105.59,USD,MERCH0004,posted
TXN00003121,ACCT000159,2024-04-12,withdrawal,-674.79,USD,,posted
TXN00003933,ACCT000207,2024-04-12,transfer,1512.43,EUR,,posted
TXN00004377,ACCT000235,2024-04-12,refund,173.65,USD,MERCH0003,posted
TXN00004735,ACCT000252,2024-04-12,refund,25.54,USD,MERCH0001,posted
TXN00004873,ACCT000262,2024-04-12,refund,114.98,USD,MERCH0006,failed
TXN00005228,ACCT000282,2024-04-12,withdrawal,-411.52,USD,,failed
TXN00005497,ACCT000298,2024-04-12,purchase,-408.46,GBP,MERCH0002,posted
TXN00000206,ACCT000011,2024-04-13,purchase,-323.47,GBP,MERCH0006,posted
TXN00000253,ACCT000015,2024-04-13,fee,-4.83,USD,,posted
TXN00000255,ACCT000015,2024-04-13,withdrawal,-696.63,USD,,posted
TXN00000473,ACCT000028,2024-04-13,fee,-29.1,GBP,,pending
TXN00001026,ACCT000061,2024-04-13,withdrawal,-536.43,GBP,,posted
TXN00001131,ACCT000065,2024-04-13,purchase,-44.83,USD,MERCH0006,posted
TXN00001205,ACCT000068,2024-04-13,refund,154.54,EUR,MERCH0007,posted
TXN00002353,ACCT000125,2024-04-13,withdrawal,-390.72,EUR,,posted
TXN00003308,ACCT000173,2024-04-13,transfer,235.25,GBP,,pending
TXN00003449,ACCT000179,2024-04-13,purchase,-440.16,USD,MERCH0005,posted
TXN00003872,ACCT000205,2024-04-13,purchase,-37.66,EUR,MERCH0004,failed
TXN00004386,ACCT000236,2024-04-13,refund,135.63,USD,MERCH0010,pending
TXN00004638,ACCT000247,2024-04-13,deposit,4614.19,EUR,,posted
TXN00004984,ACCT000267,2024-04-13,fee,-32.01,GBP,,posted
TXN00000242,ACCT000015,2024-04-14,fee,-34.0,USD,,pending
TXN00000655,ACCT000040,2024-04-14,withdrawal,-448.06,GBP,,pending
TXN00001061,ACCT000063,2024-04-14,fee,-10.08,EUR,,posted
TXN00001902,ACCT000102,2024-04-14,transfer,1417.59,USD,,posted
TXN00003433,ACCT000179,2024-04-14,transfer,548.22,USD,,posted
TXN00004225,ACCT000226,2024-04-14,purchase,-106.42,USD,MERCH0006,pending
TXN00005407,ACCT000292,2024-04-14,deposit,4964.61,USD,,posted
TXN00005676,ACCT000308,2024-04-14,deposit,54.2,USD,,failed
TXN00005874,ACCT000317,2024-04-14,transfer,-1020.86,USD,,posted
TXN00000090,ACCT000006,2024-04-15,deposit,4036.93,USD,,pending
TXN00000359,ACCT000023,2024-04-15,deposit,60.87,USD,,posted
TXN00001660,ACCT000090,2024-04-15,purchase,-74.52,USD,MERCH0001,posted
TXN00001879,ACCT000101,2024-04-15,purchase,-437.38,USD,MERCH0002,posted
TXN00002429,ACCT000128,2024-04-15,withdrawal,-161.64,GBP,,posted
TXN00002783,ACCT000144,2024-04-15,deposit,3810.81,EUR,,failed
TXN00002788,ACCT000144,2024-04-15,refund,144.83,EUR,MERCH0007,posted
TXN00003645,ACCT000192,2024-04-15,deposit,3339.27,USD,,failed
TXN00003992,ACCT000212,2024-04-15,fee,-11.19,EUR,,posted
TXN00004440,ACCT000238,2024-04-15,purchase,-138.58,USD,MERCH0009,pending
TXN00005481,ACCT000295,2024-04-15,transfer,1790.97,USD,,pending
TXN00005641,ACCT000305,2024-04-15,withdrawal,-338.31,USD,,failed
TXN00006145,ACCT000328,2024-04-15,fee,-5.91,USD,,posted
TXN00000174,ACCT000010,2024-04-16,refund,94.28,EUR,MERCH0005,posted
TXN00000393,ACCT000024,2024-04-16,purchase,-418.1,USD,MERCH0003,pending
TXN00001800,ACCT000096,2024-04-16,purchase,-293.38,USD,MERCH0002,pending
TXN00002158,ACCT000115,2024-04-16,refund,52.24,EUR,MERCH0010,posted
TXN00002300,ACCT000123,2024-04-16,purchase,-296.77,GBP,MERCH0007,posted
TXN00002435,ACCT000128,2024-04-16,fee,-2.67,GBP,,posted
TXN00002832,ACCT000145,2024-04-16,purchase,-32.96,EUR,MERCH0002,posted
TXN00003292,ACCT000172,2024-04-16,deposit,4080.85,USD,,posted
TXN00004356,ACCT000235,2024-04-16,purchase,-289.77,USD,MERCH0007,posted
TXN00004557,ACCT000243,2024-04-16,purchase,-16.23,EUR,MERCH0003,posted
TXN00004564,ACCT000243,2024-04-16,purchase,-376.3,EUR,MERCH0007,posted
TXN00004861,ACCT000261,2024-04-16,fee,-3.5,EUR,,pending
TXN00005198,ACCT000281,2024-04-16,purchase,-440.71,EUR,MERCH0003,posted
TXN00005369,ACCT000290,2024-04-16,purchase,-198.5,USD,MERCH0005,pending
TXN00005437,ACCT000293,2024-04-16,transfer,-526.06,GBP,,failed
TXN00005478,ACCT000295,2024-04-16,withdrawal,-678.86,USD,,posted
TXN00005486,ACCT000295,2024-04-16,purchase,-312.62,USD,MERCH0008,failed
TXN00005728,ACCT000310,2024-04-16,withdrawal,-268.3,GBP,,posted
TXN00005837,ACCT000316,2024-04-16,purchase,-266.0,USD,MERCH0010,posted
TXN00000219,ACCT000012,2024-04-17,deposit,3481.22,USD,,posted
TXN00000262,ACCT000015,2024-04-17,purchase,-63.07,USD,MERCH0004,failed
TXN00000529,ACCT000033,2024-04-17,fee,-24.82,EUR,,posted
TXN00001285,ACCT000072,2024-04-17,transfer,1277.64,USD,,failed
TXN00001379,ACCT000078,2024-04-17,refund,104.62,USD,MERCH0004,pending
TXN00001532,ACCT000085,2024-04-17,deposit,3517.02,EUR,,posted
TXN00002095,ACCT000112,2024-04-17,fee,-18.65,EUR,,pending
TXN00002137,ACCT000113,2024-04-17,transfer,-1970.73,USD,,pending
TXN00002526,ACCT000132,2024-04-17,transfer,1511.57,USD,,posted
TXN00002982,ACCT000153,2024-04-17,purchase,-76.04,USD,MERCH0002,posted
TXN00003899,ACCT000205,2024-04-17,transfer,1483.47,EUR,,posted
TXN00004049,ACCT000217,2024-04-17,purchase,-423.88,USD,MERCH0002,posted
TXN00004088,ACCT000218,2024-04-17,purchase,-334.26,USD,MERCH0010,posted
TXN00004414,ACCT000238,2024-04-17,purchase,-354.48,USD,MERCH0003,posted
TXN00004431,ACCT000238,2024-04-17,purchase,-449.63,USD,MERCH0008,pending
TXN00004624,ACCT000247,2024-04-17,fee,-13.05,EUR,,posted
TXN00004913,ACCT000264,2024-04-17,fee,-10.83,EUR,,posted
TXN00004995,ACCT000268,2024-04-17,transfer,1226.6,USD,,pending
TXN00005036,ACCT000271,2024-04-17,withdrawal,-449.39,USD,,posted
TXN00005374,ACCT000291,2024-04-17,purchase,-45.13,USD,MERCH0001,posted
TXN00006004,ACCT000322,2024-04-17,withdrawal,-193.67,EUR,,posted
TXN00006009,ACCT000322,2024-04-17,transfer,943.91,EUR,,posted
TXN00006137,ACCT000328,2024-04-17,withdrawal,-415.39,USD,,posted
TXN00000008,ACCT000001,2024-04-18,refund,12.17,USD,MERCH0005,posted
TXN00000477,ACCT000029,2024-04-18,fee,-8.8,GBP,,posted
TXN00000728,ACCT000046,2024-04-18,fee,-15.08,USD,,posted
TXN00000792,ACCT000049,2024-04-18,purchase,-65.16,EUR,MERCH0008,pending
TXN00001165,ACCT000066,2024-04-18,purchase,-336.92,GBP,MERCH0002,pending
TXN00001241,ACCT000070,2024-04-18,refund,9.42,USD,MERCH0008,posted
TXN00001282,ACCT000072,2024-04-18,withdrawal,-55.48,USD,,failed
TXN00001731,ACCT000092,2024-04-18,fee,-22.05,USD,,posted
TXN00001880,ACCT000101,2024-04-18,purchase,-212.26,USD,MERCH0004,posted
TXN00003099,ACCT000159,2024-04-18,fee,-7.54,USD,,pending
TXN00003129,ACCT000160,2024-04-18,purchase,-346.52,USD,MERCH0006,pending
TXN00003159,ACCT000163,2024-04-18,purchase,-188.53,GBP,MERCH0003,posted
TXN00003957,ACCT000209,2024-04-18,transfer,1103.3,EUR,,posted
TXN00000256,ACCT000015,2024-04-19,fee,-9.98,USD,,failed
TXN00000268,ACCT000016,2024-04-19,deposit,4193.03,USD,,posted
TXN00000368,ACCT000023,2024-04-19,fee,-23.36,USD,,pending
TXN00000392,ACCT000024,2024-04-19,withdrawal,-24.4,USD,,posted
TXN00000721,ACCT000046,2024-04-19,purchase,-258.4,USD,MERCH0002,failed
TXN00002411,ACCT000128,2024-04-19,purchase,-212.34,GBP,MERCH0006,posted
TXN00003164,ACCT000163,2024-04-19,purchase,-184.4,GBP,MERCH0004,posted
TXN00003771,ACCT000198,2024-04-19,purchase,-435.08,GBP,MERCH0006,failed
TXN00003781,ACCT000198,2024-04-19,fee,-2.55,GBP,,pending
TXN00003829,ACCT000201,2024-04-19,withdrawal,-438.59,EUR,,failed
TXN00003893,ACCT000205,2024-04-19,purchase,-256.26,EUR,MERCH0008,posted
TXN00004137,ACCT000222,2024-04-19,refund,180.33,USD,MERCH0007,posted
TXN00004489,ACCT000241,2024-04-19,fee,-33.78,USD,,posted
TXN00004845,ACCT000260,2024-04-19,purchase,-378.08,USD,MERCH0009,failed
TXN00004899,ACCT000263,2024-04-19,purchase,-313.4,GBP,MERCH0006,posted
TXN00005018,ACCT000270,2024-04-19,purchase,-44.25,USD,MERCH0006,pending
TXN00005161,ACCT000279,2024-04-19,purchase,-330.62,USD,MERCH0004,posted
TXN00005866,ACCT000316,2024-04-19,purchase,-205.84,USD,MERCH0005,failed
TXN00006025,ACCT000323,2024-04-19,withdrawal,-366.35,USD,,posted
TXN00000378,ACCT000023,2024-04-20,purchase,-67.96,USD,MERCH0007,failed
TXN00000744,ACCT000047,2024-04-20,withdrawal,-156.51,EUR,,posted
TXN00000907,ACCT000055,2024-04-20,refund,58.0,EUR,MERCH0008,failed
TXN00001109,ACCT000064,2024-04-20,withdrawal,-586.83,GBP,,posted
TXN00001954,ACCT000104,2024-04-20,withdrawal,-510.03,GBP,,failed
TXN00002188,ACCT000117,2024-04-20,purchase,-68.48,USD,MERCH0010,posted
TXN00002802,ACCT000144,2024-04-20,purchase,-306.07,EUR,MERCH0007,posted
TXN00003147,ACCT000163,2024-04-20,fee,-31.17,GBP,,posted
TXN00003426,ACCT000179,2024-04-20,deposit,2242.35,USD,,failed
TXN00003863,ACCT000203,2024-04-20,fee,-23.63,EUR,,failed
TXN00004202,ACCT000226,2024-04-20,withdrawal,-362.87,USD,,posted
TXN00004333,ACCT000233,2024-04-20,purchase,-8.36,USD,MERCH0008,pending
TXN00004755,ACCT000253,2024-04-20,fee,-21.29,USD,,pending
TXN00004847,ACCT000261,2024-04-20,fee,-13.87,EUR,,posted
TXN00005118,ACCT000277,2024-04-20,transfer,-1946.15,GBP,,failed
TXN00005864,ACCT000316,2024-04-20,purchase,-176.68,USD,MERCH0009,posted
TXN00005971,ACCT000321,2024-04-20,withdrawal,-622.39,EUR,,pending
TXN00006152,ACCT000329,2024-04-20,deposit,1298.54,USD,,posted
TXN00000102,ACCT000006,2024-04-21,fee,-29.04,USD,,posted
TXN00000120,ACCT000008,2024-04-21,purchase,-65.59,GBP,MERCH0002,posted
TXN00000251,ACCT000015,2024-04-21,purchase,-176.48,USD,MERCH0002,posted
TXN00000260,ACCT000015,2024-04-21,withdrawal,-719.68,USD,,posted
TXN00000577,ACCT000036,2024-04-21,transfer,636.92,EUR,,posted
TXN00000847,ACCT000053,2024-04-21,purchase,-322.78,EUR,MERCH0008,posted
TXN00001836,ACCT000099,2024-04-21,purchase,-64.94,USD,MERCH0006,posted
TXN00002433,ACCT000128,2024-04-21,transfer,-291.88,GBP,,posted
TXN00002474,ACCT000130,2024-04-21,fee,-16.37,GBP,,posted
TXN00002709,ACCT000139,2024-04-21,fee,-9.53,USD,,posted
TXN00002972,ACCT000152,2024-04-21,transfer,-907.75,USD,,posted
TXN00003427,ACCT000179,2024-04-21,purchase,-148.64,USD,MERCH0001,posted
TXN00003848,ACCT000203,2024-04-21,purchase,-120.86,EUR,MERCH0001,failed
TXN00004095,ACCT000219,2024-04-21,purchase,-267.36,GBP,MERCH0003,posted
TXN00004115,ACCT000220,2024-04-21,withdrawal,-533.63,GBP,,posted
TXN00004227,ACCT000226,2024-04-21,fee,-3.83,USD,,posted
TXN00004498,ACCT000241,2024-04-21,deposit,1851.69,USD,,failed
TXN00004931,ACCT000265,2024-04-21,deposit,4699.21,GBP,,posted
TXN00004946,ACCT000266,2024-04-21,refund,168.21,USD,MERCH0010,failed
TXN00005248,ACCT000283,2024-04-21,transfer,-833.71,USD,,failed
TXN00005347,ACCT000289,2024-04-21,purchase,-40.03,EUR,MERCH0004,posted
TXN00005721,ACCT000310,2024-04-21,purchase,-410.12,GBP,MERCH0003,posted
TXN00000270,ACCT000016,2024-04-22,withdrawal,-307.31,USD,,posted
TXN00000450,ACCT000028,2024-04-22,refund,15.38,GBP,MERCH0004,posted
TXN00000510,ACCT000032,2024-04-22,deposit,4010.8,USD,,posted
TXN00000904,ACCT000055,2024-04-22,withdrawal,-490.84,EUR,,failed
TXN00001125,ACCT000065,2024-04-22,transfer,1532.08,USD,,posted
TXN00001187,ACCT000068,2024-04-22,transfer,279.69,EUR,,posted
TXN00001514,ACCT000084,2024-04-22,withdrawal,-539.43,USD,,failed
TXN00001901,ACCT000102,2024-04-22,withdrawal,-406.23,USD,,posted
TXN00002826,ACCT000145,2024-04-22,transfer,1381.85,EUR,,posted
TXN00002911,ACCT000149,2024-04-22,withdrawal,-743.72,USD,,posted
TXN00002913,ACCT000149,2024-04-22,purchase,-93.8,USD,MERCH0007,pending
TXN00002934,ACCT000151,2024-04-22,deposit,4237.22,GBP,,posted
TXN00003124,ACCT000159,2024-04-22,purchase,-122.65,USD,MERCH0002,posted
TXN00004832,ACCT000259,2024-04-22,withdrawal,-788.08,USD,,posted
TXN00005013,ACCT000270,2024-04-22,purchase,-16.91,USD,MERCH0007,failed
TXN00005046,ACCT000271,2024-04-22,refund,119.13,USD,MERCH0003,posted
TXN00005403,ACCT000292,2024-04-22,purchase,-193.57,USD,MERCH0009,posted
TXN00005480,ACCT000295,2024-04-22,transfer,1025.05,USD,,failed
TXN00005511,ACCT000298,2024-04-22,purchase,-19.24,GBP,MERCH0002,posted
TXN00005977,ACCT000321,2024-04-22,refund,76.82,EUR,MERCH0004,pending
TXN00000216,ACCT000012,2024-04-23,purchase,-65.87,USD,MERCH0008,failed
TXN00000638,ACCT000039,2024-04-23,purchase,-304.11,USD,MERCH0001,posted
TXN00001451,ACCT000081,2024-04-23,fee,-18.73,GBP,,posted
TXN00001525,ACCT000085,2024-04-23,purchase,-7.11,EUR,MERCH0007,posted
TXN00001822,ACCT000097,2024-04-23,withdrawal,-171.19,USD,,posted
TXN00002108,ACCT000112,2024-04-23,purchase,-73.06,EUR,MERCH0006,posted
TXN00002514,ACCT000131,2024-04-23,fee,-23.63,EUR,,posted
TXN00002916,ACCT000149,2024-04-23,deposit,2324.56,USD,,posted
TXN00003408,ACCT000178,2024-04-23,fee,-16.27,USD,,failed
TXN00004177,ACCT000225,2024-04-23,purchase,-395.14,EUR,MERCH0009,pending
TXN00004684,ACCT000250,2024-04-23,refund,191.37,GBP,MERCH0009,pending
TXN00004952,ACCT000266,2024-04-23,withdrawal,-716.69,USD,,posted
TXN00005324,ACCT000288,2024-04-23,purchase,-358.29,USD,MERCH0010,failed
TXN00000244,ACCT000015,2024-04-24,refund,176.69,USD,MERCH0010,posted
TXN00001100,ACCT000064,2024-04-24,purchase,-415.63,GBP,MERCH0001,failed
TXN00001120,ACCT000065,2024-04-24,refund,175.95,USD,MERCH0006,posted
TXN00001664,ACCT000090,2024-04-24,purchase,-109.48,USD,MERCH0009,posted
TXN00001807,ACCT000097,2024-04-24,withdrawal,-228.74,USD,,failed
TXN00002098,ACCT000112,2024-04-24,purchase,-422.82,EUR,MERCH0005,posted
TXN00002473,ACCT000129,2024-04-24,refund,171.96,GBP,MERCH0008,posted
TXN00002854,ACCT000146,2024-04-24,transfer,472.89,GBP,,posted
TXN00003041,ACCT000156,2024-04-24,refund,62.16,USD,MERCH0005,failed
TXN00003989,ACCT000210,2024-04-24,transfer,-118.1,USD,,posted
TXN00004144,ACCT000223,2024-04-24,transfer,-932.95,USD,,pending
TXN00005185,ACCT000281,2024-04-24,transfer,440.75,EUR,,failed
TXN00005211,ACCT000282,2024-04-24,deposit,1676.75,USD,,pending
TXN00000503,ACCT000032,2024-04-25,deposit,2301.06,USD,,posted
TXN00000931,ACCT000056,2024-04-25,deposit,4464.92,EUR,,posted
TXN00001877,ACCT000101,2024-04-25,purchase,-345.49,USD,MERCH0005,failed
TXN00002827,ACCT000145,2024-04-25,refund,167.37,EUR,MERCH0003,posted
TXN00002988,ACCT000153,2024-04-25,purchase,-219.08,USD,MERCH0007,posted
TXN00003669,ACCT000192,2024-04-25,refund,105.73,USD,MERCH0003,posted
TXN00003793,ACCT000199,2024-04-25,purchase,-178.51,GBP,MERCH0001,posted
TXN00003859,ACCT000203,2024-04-25,fee,-12.69,EUR,,posted
TXN00004071,ACCT000218,2024-04-25,purchase,-49.3,USD,MERCH0006,pending
TXN00004235,ACCT000226,2024-04-25,refund,12.85,USD,MERCH0009,pending
TXN00004675,ACCT000250,2024-04-25,fee,-29.63,GBP,,posted
TXN00004774,ACCT000255,2024-04-25,fee,-7.27,EUR,,posted
TXN00004880,ACCT000262,2024-04-25,purchase,-252.17,USD,MERCH0002,failed
TXN00005739,ACCT000310,2024-04-25,withdrawal,-780.2,GBP,,failed
TXN00006049,ACCT000323,2024-04-25,transfer,1430.29,USD,,failed
TXN00000147,ACCT000009,2024-04-26,purchase,-386.83,EUR,MERCH0001,posted
TXN00000756,ACCT000048,2024-04-26,purchase,-245.51,USD,MERCH0004,pending
TXN00000897,ACCT000055,2024-04-26,purchase,-332.77,EUR,MERCH0004,posted
TXN00000924,ACCT000056,2024-04-26,deposit,735.11,EUR,,posted
TXN00002528,ACCT000132,2024-04-26,transfer,220.57,USD,,failed
TXN00002707,ACCT000138,2024-04-26,purchase,-286.98,USD,MERCH0007,pending
TXN00003069,ACCT000157,2024-04-26,refund,154.86,USD,MERCH0009,posted
TXN00003573,ACCT000185,2024-04-26,purchase,-64.44,USD,MERCH0007,posted
TXN00003602,ACCT000186,2024-04-26,fee,-8.04,USD,,posted
TXN00003753,ACCT000197,2024-04-26,fee,-32.32,GBP,,failed
TXN00004484,ACCT000241,2024-04-26,purchase,-395.6,USD,MERCH0008,pending
TXN00004777,ACCT000255,2024-04-26,transfer,1228.34,EUR,,pending
TXN00006048,ACCT000323,2024-04-26,fee,-14.78,USD,,failed
TXN00006226,ACCT000334,2024-04-26,refund,28.11,USD,MERCH0007,posted
TXN00000516,ACCT000032,2024-04-27,deposit,4182.96,USD,,pending
TXN00002264,ACCT000121,2024-04-27,purchase,-87.02,EUR,MERCH0008,posted
TXN00003044,ACCT000157,2024-04-27,purchase,-428.55,USD,MERCH0004,posted
TXN00003160,ACCT000163,2024-04-27,purchase,-322.02,GBP,MERCH0005,failed
TXN00003651,ACCT000192,2024-04-27,transfer,-548.2,USD,,posted
TXN00003830,ACCT000201,2024-04-27,purchase,-29.44,EUR,MERCH0003,posted
TXN00004044,ACCT000215,2024-04-27,purchase,-91.18,USD,MERCH0004,posted
TXN00004221,ACCT000226,2024-04-27,transfer,-726.11,USD,,posted
TXN00004299,ACCT000231,2024-04-27,transfer,-1854.6,USD,,pending
TXN00004610,ACCT000246,2024-04-27,purchase,-258.27,USD,MERCH0001,posted
TXN00004852,ACCT000261,2024-04-27,purchase,-143.15,EUR,MERCH0001,pending
TXN00005504,ACCT000298,2024-04-27,purchase,-318.71,GBP,MERCH0005,failed
TXN00000331,ACCT000020,2024-04-28,refund,55.03,EUR,MERCH0005,posted
TXN00000682,ACCT000041,2024-04-28,deposit,1193.02,USD,,posted
TXN00001002,ACCT000060,2024-04-28,refund,140.53,USD,MERCH0006,posted
TXN00002865,ACCT000146,2024-04-28,deposit,779.57,GBP,,posted
TXN00003106,ACCT000159,2024-04-28,deposit,3737.16,USD,,failed
TXN00003169,ACCT000163,2024-04-28,purchase,-408.88,GBP,MERCH0004,pending
TXN00003843,ACCT000203,2024-04-28,refund,93.54,EUR,MERCH0008,posted
TXN00004050,ACCT000217,2024-04-28,withdrawal,-656.53,USD,,posted
TXN00004368,ACCT000235,2024-04-28,refund,195.36,USD,MERCH0009,pending
TXN00004606,ACCT000246,2024-04-28,fee,-5.36,USD,,posted
TXN00004628,ACCT000247,2024-04-28,purchase,-315.66,EUR,MERCH0006,failed
TXN00005955,ACCT000320,2024-04-28,transfer,-180.7,USD,,posted
TXN00000160,ACCT000009,2024-04-29,transfer,-1902.96,EUR,,posted
TXN00000198,ACCT000010,2024-04-29,purchase,-113.79,EUR,MERCH0002,posted
TXN00000451,ACCT000028,2024-04-29,purchase,-234.49,GBP,MERCH0004,posted
TXN00000650,ACCT000039,2024-04-29,deposit,3442.53,USD,,posted
TXN00000867,ACCT000054,2024-04-29,purchase,-331.75,USD,MERCH0001,posted
TXN00001299,ACCT000073,2024-04-29,refund,10.25,USD,MERCH0006,posted
TXN00001324,ACCT000074,2024-04-29,purchase,-174.61,USD,MERCH0008,posted
TXN00001441,ACCT000081,2024-04-29,purchase,-12.48,GBP,MERCH0004,posted
TXN00001853,ACCT000099,2024-04-29,purchase,-129.78,USD,MERCH0007,posted
TXN00002160,ACCT000115,2024-04-29,purchase,-115.65,EUR,MERCH0008,posted
TXN00002700,ACCT000138,2024-04-29,deposit,297.49,USD,,posted
TXN00003152,ACCT000163,2024-04-29,purchase,-90.55,GBP,MERCH0003,posted
TXN00003579,ACCT000185,2024-04-29,deposit,2401.8,USD,,posted
TXN00003638,ACCT000190,2024-04-29,transfer,736.82,EUR,,posted
TXN00004089,ACCT000218,2024-04-29,withdrawal,-164.29,USD,,posted
TXN00004312,ACCT000232,2024-04-29,deposit,2053.28,USD,,posted
TXN00004318,ACCT000232,2024-04-29,purchase,-18.58,USD,MERCH0010,failed
TXN00004409,ACCT000238,2024-04-29,deposit,3958.86,USD,,posted
TXN00005859,ACCT000316,2024-04-29,deposit,67.86,USD,,posted
TXN00000515,ACCT000032,2024-04-30,deposit,4370.08,USD,,posted
TXN00000549,ACCT000034,2024-04-30,withdrawal,-753.54,USD,,failed
TXN00000667,ACCT000040,2024-04-30,withdrawal,-653.28,GBP,,failed
TXN00001116,ACCT000064,2024-04-30,refund,199.36,GBP,MERCH0006,failed
TXN00001132,ACCT000065,2024-04-30,purchase,-370.69,USD,MERCH0009,pending
TXN00001455,ACCT000083,2024-04-30,purchase,-327.07,EUR,MERCH0007,posted
TXN00001797,ACCT000096,2024-04-30,purchase,-194.49,USD,MERCH0008,posted
TXN00002262,ACCT000121,2024-04-30,transfer,692.9,EUR,,posted
TXN00002456,ACCT000129,2024-04-30,purchase,-23.79,GBP,MERCH0007,posted
TXN00002548,ACCT000133,2024-04-30,transfer,172.54,USD,,failed
TXN00003330,ACCT000175,2024-04-30,fee,-18.62,USD,,posted
TXN00003681,ACCT000193,2024-04-30,withdrawal,-744.27,USD,,failed
TXN00004051,ACCT000217,2024-04-30,purchase,-124.07,USD,MERCH0004,posted
TXN00004131,ACCT000222,2024-04-30,purchase,-250.26,USD,MERCH0006,posted
TXN00004466,ACCT000240,2024-04-30,purchase,-136.12,USD,MERCH0004,posted
TXN00005499,ACCT000298,2024-04-30,purchase,-201.19,GBP,MERCH0009,posted
TXN00005720,ACCT000310,2024-04-30,purchase,-218.38,GBP,MERCH0003,posted
TXN00000169,ACCT000009,2024-05-01,withdrawal,-223.57,EUR,,posted
TXN00000231,ACCT000012,2024-05-01,purchase,-178.63,USD,MERCH0001,pending
TXN00000726,ACCT000046,2024-05-01,withdrawal,-783.82,USD,,posted
TXN00000933,ACCT000056,2024-05-01,purchase,-126.35,EUR,MERCH0003,failed
TXN00001075,ACCT000063,2024-05-01,purchase,-150.19,EUR,MERCH0006,pending
TXN00001317,ACCT000074,2024-05-01,purchase,-279.95,USD,MERCH0010,posted
TXN00001860,ACCT000099,2024-05-01,purchase,-10.97,USD,MERCH0005,pending
TXN00001981,ACCT000106,2024-05-01,purchase,-328.49,EUR,MERCH0003,posted
TXN00002912,ACCT000149,2024-05-01,purchase,-250.51,USD,MERCH0001,posted
TXN00003143,ACCT000161,2024-05-01,purchase,-415.83,EUR,MERCH0006,pending
TXN00003245,ACCT000168,2024-05-01,refund,87.45,USD,MERCH0007,failed
TXN00003318,ACCT000173,2024-05-01,refund,137.36,GBP,MERCH0004,posted
TXN00003823,ACCT000201,2024-05-01,refund,153.82,EUR,MERCH0009,failed
TXN00004616,ACCT000246,2024-05-01,purchase,-383.55,USD,MERCH0009,posted
TXN00004917,ACCT000264,2024-05-01,purchase,-325.26,EUR,MERCH0004,posted
TXN00005616,ACCT000304,2024-05-01,purchase,-117.14,GBP,MERCH0004,posted
TXN00005652,ACCT000305,2024-05-01,purchase,-445.69,USD,MERCH0008,failed
TXN00000137,ACCT000008,2024-05-02,purchase,-41.54,GBP,MERCH0004,posted
TXN00000390,ACCT000024,2024-05-02,purchase,-56.35,USD,MERCH0009,posted
TXN00001316,ACCT000074,2024-05-02,transfer,-1646.83,USD,,pending
TXN00001905,ACCT000102,2024-05-02,purchase,-307.6,USD,MERCH0006,posted
TXN00002918,ACCT000149,2024-05-02,withdrawal,-359.45,USD,,pending
TXN00003045,ACCT000157,2024-05-02,fee,-1.08,USD,,posted
TXN00003190,ACCT000165,2024-05-02,fee,-6.08,EUR,,posted
TXN00004749,ACCT000253,2024-05-02,purchase,-28.4,USD,MERCH0008,posted
TXN00005440,ACCT000293,2024-05-02,deposit,2913.59,GBP,,pending
TXN00005832,ACCT000316,2024-05-02,refund,94.75,USD,MERCH0007,pending
TXN00006148,ACCT000328,2024-05-02,transfer,-277.43,USD,,pending
TXN00000127,ACCT000008,2024-05-03,refund,16.99,GBP,MERCH0010,posted
TXN00001740,ACCT000093,2024-05-03,withdrawal,-86.33,USD,,pending
TXN00002447,ACCT000129,2024-05-03,purchase,-82.28,GBP,MERCH0004,posted
TXN00002710,ACCT000139,2024-05-03,purchase,-128.81,USD,MERCH0005,posted
TXN00002843,ACCT000146,2024-05-03,refund,66.61,GBP,MERCH0001,pending
TXN00003215,ACCT000166,2024-05-03,purchase,-151.2,USD,MERCH0005,posted
TXN00003424,ACCT000178,2024-05-03,purchase,-26.73,USD,MERCH0007,posted
TXN00003790,ACCT000199,2024-05-03,refund,55.61,GBP,MERCH0009,failed
TXN00003810,ACCT000200,2024-05-03,fee,-23.82,EUR,,posted
TXN00004280,ACCT000230,2024-05-03,purchase,-283.1,USD,MERCH0001,pending
TXN00004441,ACCT000238,2024-05-03,withdrawal,-779.37,USD,,posted
TXN00005305,ACCT000286,2024-05-03,deposit,2289.12,EUR,,posted
TXN00005658,ACCT000305,2024-05-03,withdrawal,-457.29,USD,,posted
TXN00005668,ACCT000307,2024-05-03,transfer,230.97,GBP,,failed
TXN00005862,ACCT000316,2024-05-03,fee,-6.94,USD,,posted
TXN00006008,ACCT000322,2024-05-03,withdrawal,-694.8,EUR,,posted
TXN00000590,ACCT000036,2024-05-04,purchase,-262.74,EUR,MERCH0001,failed
TXN00002258,ACCT000121,2024-05-04,purchase,-60.44,EUR,MERCH0007,posted
TXN00002296,ACCT000123,2024-05-04,purchase,-259.28,GBP,MERCH0006,posted
TXN00002544,ACCT000132,2024-05-04,purchase,-219.02,USD,MERCH0010,posted
TXN00003570,ACCT000185,2024-05-04,fee,-10.36,USD,,pending
TXN00003682,ACCT000193,2024-05-04,purchase,-231.12,USD,MERCH0010,posted
TXN00004340,ACCT000233,2024-05-04,purchase,-430.03,USD,MERCH0006,pending
TXN00004761,ACCT000254,2024-05-04,fee,-11.82,USD,,failed
TXN00005339,ACCT000288,2024-05-04,deposit,1899.68,USD,,posted
TXN00005472,ACCT000295,2024-05-04,purchase,-12.5,USD,MERCH0008,failed
TXN00005614,ACCT000304,2024-05-04,fee,-11.12,GBP,,posted
TXN00006074,ACCT000325,2024-05-04,deposit,1252.52,USD,,posted
TXN00000148,ACCT000009,2024-05-05,purchase,-165.7,EUR,MERCH0008,posted
TXN00000159,ACCT000009,2024-05-05,purchase,-419.78,EUR,MERCH0001,posted
TXN00001039,ACCT000061,2024-05-05,deposit,1211.38,GBP,,posted
TXN00001206,ACCT000068,2024-05-05,refund,59.49,EUR,MERCH0006,posted
TXN00001850,ACCT000099,2024-05-05,purchase,-296.66,USD,MERCH0004,posted
TXN00002334,ACCT000124,2024-05-05,refund,159.96,USD,MERCH0004,posted
TXN00002336,ACCT000124,2024-05-05,refund,4.36,USD,MERCH0002,posted
TXN00002541,ACCT000132,2024-05-05,purchase,-14.78,USD,MERCH0005,posted
TXN00003053,ACCT000157,2024-05-05,refund,22.59,USD,MERCH0001,failed
TXN00003231,ACCT000168,2024-05-05,fee,-12.35,USD,,failed
TXN00004112,ACCT000220,2024-05-05,transfer,1556.36,GBP,,posted
TXN00004390,ACCT000237,2024-05-05,purchase,-13.31,EUR,MERCH0001,pending
TXN00004430,ACCT000238,2024-05-05,purchase,-107.99,USD,MERCH0005,pending
TXN00005143,ACCT000278,2024-05-05,purchase,-424.1,USD,MERCH0006,posted
TXN00005358,ACCT000289,2024-05-05,purchase,-177.68,EUR,MERCH0002,failed
TXN00005367,ACCT000290,2024-05-05,refund,155.26,USD,MERCH0006,posted
TXN00005513,ACCT000298,2024-05-05,purchase,-196.39,GBP,MERCH0010,posted
TXN00005949,ACCT000320,2024-05-05,transfer,-102.63,USD,,pending
TXN00006161,ACCT000329,2024-05-05,purchase,-432.95,USD,MERCH0002,failed
TXN00000096,ACCT000006,2024-05-06,fee,-17.64,USD,,pending
TXN00000277,ACCT000016,2024-05-06,deposit,1381.96,USD,,posted
TXN00000583,ACCT000036,2024-05-06,purchase,-208.99,EUR,MERCH0004,posted
TXN00000932,ACCT000056,2024-05-06,purchase,-404.38,EUR,MERCH0007,posted
TXN00001910,ACCT000102,2024-05-06,refund,11.9,USD,MERCH0002,posted
TXN00003093,ACCT000158,2024-05-06,purchase,-78.27,EUR,MERCH0006,failed
TXN00003918,ACCT000206,2024-05-06,transfer,-1443.89,GBP,,pending
TXN00004153,ACCT000223,2024-05-06,withdrawal,-292.96,USD,,posted
TXN00005214,ACCT000282,2024-05-06,withdrawal,-590.48,USD,,posted
TXN00000123,ACCT000008,2024-05-07,withdrawal,-627.6,GBP,,failed
TXN00000193,ACCT000010,2024-05-07,purchase,-352.52,EUR,MERCH0007,posted
TXN00000582,ACCT000036,2024-05-07,fee,-27.22,EUR,,posted
TXN00001112,ACCT000064,2024-05-07,transfer,189.76,GBP,,posted
TXN00001424,ACCT000081,2024-05-07,transfer,-415.97,GBP,,posted
TXN00001897,ACCT000102,2024-05-07,purchase,-54.49,USD,MERCH0004,posted
TXN00001936,ACCT000103,2024-05-07,fee,-15.37,USD,,posted
TXN00002140,ACCT000113,2024-05-07,purchase,-380.93,USD,MERCH0001,pending
TXN00002449,ACCT000129,2024-05-07,deposit,4338.41,GBP,,failed
TXN00002852,ACCT000146,2024-05-07,purchase,-349.76,GBP,MERCH0007,failed
TXN00002992,ACCT000154,2024-05-07,refund,185.43,USD,MERCH0003,failed
TXN00003140,ACCT000161,2024-05-07,deposit,1131.43,EUR,,posted
TXN00003200,ACCT000166,2024-05-07,deposit,1921.54,USD,,posted
TXN00003267,ACCT000169,2024-05-07,purchase,-255.71,USD,MERCH0006,posted
TXN00003603,ACCT000186,2024-05-07,fee,-34.18,USD,,failed
TXN00004048,ACCT000217,2024-05-07,purchase,-127.26,USD,MERCH0003,posted
TXN00004380,ACCT000235,2024-05-07,withdrawal,-600.15,USD,,posted
TXN00004429,ACCT000238,2024-05-07,deposit,4821.99,USD,,posted
TXN00000507,ACCT000032,2024-05-08,refund,113.94,USD,MERCH0007,posted
TXN00000892,ACCT000055,2024-05-08,transfer,105.77,EUR,,failed
TXN00003029,ACCT000155,2024-05-08,fee,-4.17,USD,,posted
TXN00003207,ACCT000166,2024-05-08,purchase,-393.43,USD,MERCH0008,posted
TXN00003502,ACCT000182,2024-05-08,purchase,-203.15,GBP,MERCH0006,posted
TXN00003751,ACCT000197,2024-05-08,withdrawal,-746.14,GBP,,pending
TXN00005136,ACCT000277,2024-05-08,deposit,2194.01,GBP,,pending
TXN00001160,ACCT000066,2024-05-09,transfer,1179.42,GBP,,pending
TXN00003104,ACCT000159,2024-05-09,purchase,-85.41,USD,MERCH0010,failed
TXN00003937,ACCT000207,2024-05-09,purchase,-253.42,EUR,MERCH0006,failed
TXN00004119,ACCT000222,2024-05-09,deposit,3989.4,USD,,posted
TXN00004565,ACCT000243,2024-05-09,withdrawal,-313.85,EUR,,posted
TXN00005124,ACCT000277,2024-05-09,transfer,768.38,GBP,,failed
TXN00005250,ACCT000283,2024-05-09,transfer,351.1,USD,,posted
TXN00006160,ACCT000329,2024-05-09,transfer,1072.78,USD,,posted
TXN00000146,ACCT000009,2024-05-10,purchase,-304.33,EUR,MERCH0010,posted
TXN00001086,ACCT000064,2024-05-10,withdrawal,-90.4,GBP,,posted
TXN00001365,ACCT000077,2024-05-10,purchase,-338.98,USD,MERCH0003,posted
TXN00002183,ACCT000116,2024-05-10,deposit,433.51,USD,,posted
TXN00002356,ACCT000125,2024-05-10,withdrawal,-135.72,EUR,,posted
TXN00002823,ACCT000145,2024-05-10,purchase,-308.75,EUR,MERCH0004,posted
TXN00002838,ACCT000146,2024-05-10,refund,151.32,GBP,MERCH0007,posted
TXN00003043,ACCT000157,2024-05-10,fee,-10.02,USD,,pending
TXN00003136,ACCT000161,2024-05-10,fee,-33.56,EUR,,posted
TXN00003567,ACCT000184,2024-05-10,withdrawal,-373.39,GBP,,posted
TXN00003581,ACCT000185,2024-05-10,transfer,-813.2,USD,,failed
TXN00003650,ACCT000192,2024-05-10,transfer,-85.74,USD,,pending
TXN00003798,ACCT000199,2024-05-10,purchase,-30.33,GBP,MERCH0010,posted
TXN00004075,ACCT000218,2024-05-10,deposit,1140.54,USD,,posted
TXN00004434,ACCT000238,2024-05-10,fee,-29.81,USD,,failed
TXN00004546,ACCT000242,2024-05-10,purchase,-383.19,USD,MERCH0007,pending
TXN00004977,ACCT000267,2024-05-10,refund,57.1,GBP,MERCH0007,posted
TXN00005634,ACCT000304,2024-05-10,withdrawal,-267.88,GBP,,posted
TXN00000220,ACCT000012,2024-05-11,purchase,-24.52,USD,MERCH0001,posted
TXN00000668,ACCT000040,2024-05-11,fee,-31.27,GBP,,posted
TXN00000759,ACCT000048,2024-05-11,withdrawal,-498.35,USD,,posted
TXN00003984,ACCT000210,2024-05-11,transfer,-65.65,USD,,posted
TXN00004291,ACCT000230,2024-05-11,purchase,-37.21,USD,MERCH0007,posted
TXN00004850,ACCT000261,2024-05-11,purchase,-268.52,EUR,MERCH0002,posted
TXN00005158,ACCT000279,2024-05-11,withdrawal,-183.08,USD,,pending
TXN00005391,ACCT000291,2024-05-11,withdrawal,-695.85,USD,,posted
TXN00005510,ACCT000298,2024-05-11,refund,174.75,GBP,MERCH0001,failed
TXN00005962,ACCT000320,2024-05-11,transfer,-551.08,USD,,posted
TXN00000844,ACCT000053,2024-05-12,withdrawal,-158.78,EUR,,posted
TXN00001490,ACCT000084,2024-05-12,fee,-15.98,USD,,pending
TXN00001519,ACCT000084,2024-05-12,purchase,-42.19,USD,MERCH0005,posted
TXN00001870,ACCT000100,2024-05-12,purchase,-24.46,USD,MERCH0002,posted
TXN00002234,ACCT000120,2024-05-12,deposit,2365.06,USD,,posted
TXN00002413,ACCT000128,2024-05-12,withdrawal,-490.82,GBP,,posted
TXN00003054,ACCT000157,2024-05-12,purchase,-303.3,USD,MERCH0005,posted
TXN00004203,ACCT000226,2024-05-12,refund,97.64,USD,MERCH0005,posted
TXN00004220,ACCT000226,2024-05-12,refund,63.53,USD,MERCH0008,posted
TXN00004492,ACCT000241,2024-05-12,fee,-23.66,USD,,posted
TXN00004517,ACCT000242,2024-05-12,purchase,-384.77,USD,MERCH0007,failed
TXN00004548,ACCT000242,2024-05-12,purchase,-216.16,USD,MERCH0003,posted
TXN00005030,ACCT000271,2024-05-12,purchase,-191.06,USD,MERCH0008,posted
TXN00005887,ACCT000317,2024-05-12,purchase,-441.97,USD,MERCH0010,posted
TXN00001104,ACCT000064,2024-05-13,purchase,-431.24,GBP,MERCH0002,posted
TXN00001937,ACCT000103,2024-05-13,withdrawal,-485.69,USD,,posted
TXN00002295,ACCT000123,2024-05-13,withdrawal,-500.15,GBP,,pending
TXN00002445,ACCT000129,2024-05-13,fee,-30.78,GBP,,posted
TXN00002547,ACCT000133,2024-05-13,transfer,874.0,USD,,posted
TXN00002779,ACCT000143,2024-05-13,fee,-5.05,USD,,posted
TXN00005990,ACCT000321,2024-05-13,deposit,4714.85,EUR,,posted
TXN00000569,ACCT000035,2024-05-14,purchase,-282.52,USD,MERCH0007,pending
TXN00000724,ACCT000046,2024-05-14,transfer,-1236.29,USD,,posted
TXN00002860,ACCT000146,2024-05-14,transfer,814.63,GBP,,posted
TXN00003417,ACCT000178,2024-05-14,refund,43.18,USD,MERCH0003,pending
TXN00003522,ACCT000182,2024-05-14,purchase,-264.75,GBP,MERCH0005,pending
TXN00003996,ACCT000212,2024-05-14,withdrawal,-601.36,EUR,,posted
TXN00004685,ACCT000250,2024-05-14,withdrawal,-185.58,GBP,,posted
TXN00004835,ACCT000259,2024-05-14,purchase,-232.64,USD,MERCH0004,pending
TXN00005682,ACCT000308,2024-05-14,refund,168.82,USD,MERCH0001,posted
TXN00005841,ACCT000316,2024-05-14,transfer,-1060.16,USD,,posted
TXN00001808,ACCT000097,2024-05-15,withdrawal,-674.02,USD,,posted
TXN00001908,ACCT000102,2024-05-15,purchase,-306.6,USD,MERCH0003,posted
TXN00002229,ACCT000120,2024-05-15,purchase,-161.75,USD,MERCH0008,posted
TXN00002983,ACCT000153,2024-05-15,refund,46.16,USD,MERCH0002,posted
TXN00003255,ACCT000168,2024-05-15,withdrawal,-604.74,USD,,posted
TXN00003445,ACCT000179,2024-05-15,refund,162.73,USD,MERCH0010,failed
TXN00003564,ACCT000184,2024-05-15,fee,-24.87,GBP,,posted
TXN00004296,ACCT000231,2024-05-15,purchase,-190.61,USD,MERCH0008,posted
TXN00004456,ACCT000240,2024-05-15,purchase,-142.02,USD,MERCH0006,failed
TXN00005166,ACCT000279,2024-05-15,fee,-15.6,USD,,posted
TXN00005489,ACCT000295,2024-05-15,purchase,-302.41,USD,MERCH0008,posted
TXN00005691,ACCT000309,2024-05-15,purchase,-335.04,GBP,MERCH0007,failed
TXN00000199,ACCT000010,2024-05-16,purchase,-260.33,EUR,MERCH0004,posted
TXN00001043,ACCT000062,2024-05-16,purchase,-265.83,EUR,MERCH0008,posted
TXN00002301,ACCT000123,2024-05-16,refund,158.68,GBP,MERCH0010,failed
TXN00003286,ACCT000170,2024-05-16,fee,-19.41,EUR,,posted
TXN00003572,ACCT000185,2024-05-16,fee,-19.11,USD,,pending
TXN00003874,ACCT000205,2024-05-16,transfer,1561.16,EUR,,posted
TXN00004790,ACCT000255,2024-05-16,purchase,-329.8,EUR,MERCH0005,pending
TXN00005010,ACCT000270,2024-05-16,purchase,-4.65,USD,MERCH0004,pending
TXN00005175,ACCT000280,2024-05-16,refund,46.18,USD,MERCH0006,posted
TXN00005876,ACCT000317,2024-05-16,fee,-27.26,USD,,pending
TXN00006007,ACCT000322,2024-05-16,purchase,-184.0,EUR,MERCH0008,failed
TXN00000103,ACCT000006,2024-05-17,transfer,688.76,USD,,pending
TXN00000142,ACCT000009,2024-05-17,purchase,-152.75,EUR,MERCH0001,posted
TXN00000514,ACCT000032,2024-05-17,purchase,-226.05,USD,MERCH0004,posted
TXN00001274,ACCT000071,2024-05-17,purchase,-344.05,GBP,MERCH0004,failed
TXN00001686,ACCT000090,2024-05-17,purchase,-9.03,USD,MERCH0010,posted
TXN00002128,ACCT000113,2024-05-17,deposit,4454.56,USD,,posted
TXN00002131,ACCT000113,2024-05-17,refund,69.95,USD,MERCH0004,posted
TXN00003090,ACCT000158,2024-05-17,purchase,-33.73,EUR,MERCH0003,pending
TXN00003356,ACCT000176,2024-05-17,purchase,-340.74,USD,MERCH0006,posted
TXN00003490,ACCT000181,2024-05-17,deposit,340.31,USD,,posted
TXN00003668,ACCT000192,2024-05-17,purchase,-374.74,USD,MERCH0004,failed
TXN00003954,ACCT000209,2024-05-17,purchase,-256.1,EUR,MERCH0002,failed
TXN00004472,ACCT000240,2024-05-17,withdrawal,-679.41,USD,,failed
TXN00004823,ACCT000259,2024-05-17,transfer,-550.61,USD,,posted
TXN00004968,ACCT000267,2024-05-17,fee,-7.56,GBP,,failed
TXN00004988,ACCT000268,2024-05-17,purchase,-232.17,USD,MERCH0004,posted
TXN00005312,ACCT000287,2024-05-17,withdrawal,-378.67,EUR,,posted
TXN00005444,ACCT000294,2024-05-17,fee,-15.54,GBP,,posted
TXN00005716,ACCT000309,2024-05-17,purchase,-141.78,GBP,MERCH0001,pending
TXN00000532,ACCT000033,2024-05-18,deposit,2798.93,EUR,,posted
TXN00002145,ACCT000114,2024-05-18,purchase,-36.03,USD,MERCH0002,failed
TXN00002172,ACCT000116,2024-05-18,transfer,1136.34,USD,,posted
TXN00002889,ACCT000147,2024-05-18,withdrawal,-483.66,USD,,posted
TXN00002915,ACCT000149,2024-05-18,refund,21.85,USD,MERCH0002,posted
TXN00003122,ACCT000159,2024-05-18,purchase,-101.59,USD,MERCH0008,posted
TXN00004176,ACCT000225,2024-05-18,withdrawal,-299.68,EUR,,posted
TXN00004298,ACCT000231,2024-05-18,refund,107.19,USD,MERCH0002,pending
TXN00004464,ACCT000240,2024-05-18,refund,166.13,USD,MERCH0009,pending
TXN00004470,ACCT000240,2024-05-18,fee,-31.06,USD,,posted
TXN00004597,ACCT000245,2024-05-18,purchase,-396.23,GBP,MERCH0003,posted
TXN00004612,ACCT000246,2024-05-18,purchase,-77.3,USD,MERCH0004,posted
TXN00004818,ACCT000258,2024-05-18,refund,8.06,USD,MERCH0007,failed
TXN00005120,ACCT000277,2024-05-18,withdrawal,-741.78,GBP,,posted
TXN00005177,ACCT000281,2024-05-18,fee,-15.77,EUR,,posted
TXN00006036,ACCT000323,2024-05-18,purchase,-245.72,USD,MERCH0008,failed
TXN00006044,ACCT000323,2024-05-18,purchase,-106.03,USD,MERCH0004,posted
TXN00000143,ACCT000009,2024-05-19,purchase,-321.41,EUR,MERCH0005,pending
TXN00001730,ACCT000092,2024-05-19,purchase,-171.77,USD,MERCH0009,posted
TXN00002609,ACCT000134,2024-05-19,fee,-24.47,GBP,,posted
TXN00002807,ACCT000145,2024-05-19,deposit,1212.35,EUR,,posted
TXN00003134,ACCT000161,2024-05-19,transfer,-1718.44,EUR,,posted
TXN00003749,ACCT000197,2024-05-19,fee,-2.32,GBP,,posted
TXN00004402,ACCT000237,2024-05-19,fee,-15.69,EUR,,posted
TXN00004437,ACCT000238,2024-05-19,refund,171.68,USD,MERCH0009,posted
TXN00004479,ACCT000240,2024-05-19,fee,-1.93,USD,,failed
TXN00004878,ACCT000262,2024-05-19,purchase,-145.6,USD,MERCH0001,failed
TXN00004994,ACCT000268,2024-05-19,transfer,-1119.37,USD,,posted
TXN00005216,ACCT000282,2024-05-19,deposit,2407.38,USD,,failed
TXN00006046,ACCT000323,2024-05-19,deposit,283.29,USD,,posted
TXN00001309,ACCT000073,2024-05-20,purchase,-211.56,USD,MERCH0009,posted
TXN00002459,ACCT000129,2024-05-20,refund,196.72,GBP,MERCH0008,pending
TXN00002792,ACCT000144,2024-05-20,purchase,-201.94,EUR,MERCH0005,failed
TXN00002847,ACCT000146,2024-05-20,fee,-28.24,GBP,,pending
TXN00003349,ACCT000176,2024-05-20,fee,-27.53,USD,,pending
TXN00003504,ACCT000182,2024-05-20,refund,41.51,GBP,MERCH0002,posted
TXN00004607,ACCT000246,2024-05-20,refund,32.78,USD,MERCH0006,pending
TXN00004817,ACCT000258,2024-05-20,refund,111.34,USD,MERCH0005,posted
TXN00005265,ACCT000283,2024-05-20,purchase,-5.28,USD,MERCH0004,posted
TXN00002109,ACCT000112,2024-05-21,refund,135.4,EUR,MERCH0009,posted
TXN00002217,ACCT000119,2024-05-21,deposit,3459.15,USD,,posted
TXN00002298,ACCT000123,2024-05-21,purchase,-181.21,GBP,MERCH0010,posted
TXN00002500,ACCT000131,2024-05-21,transfer,-1280.78,EUR,,pending
TXN00002511,ACCT000131,2024-05-21,withdrawal,-519.41,EUR,,posted
TXN00002557,ACCT000133,2024-05-21,withdrawal,-758.93,USD,,failed
TXN00002910,ACCT000149,2024-05-21,withdrawal,-355.25,USD,,posted
TXN00003108,ACCT000159,2024-05-21,purchase,-4.26,USD,MERCH0010,posted
TXN00003146,ACCT000163,2024-05-21,purchase,-417.02,GBP,MERCH0001,posted
TXN00003756,ACCT000197,2024-05-21,purchase,-163.97,GBP,MERCH0007,pending
TXN00003944,ACCT000207,2024-05-21,purchase,-5.82,EUR,MERCH0004,failed
TXN00003951,ACCT000209,2024-05-21,refund,74.22,EUR,MERCH0001,posted
TXN00004511,ACCT000241,2024-05-21,refund,54.14,USD,MERCH0007,posted
TXN00005108,ACCT000276,2024-05-21,fee,-5.09,GBP,,posted
TXN00005958,ACCT000320,2024-05-21,purchase,-318.47,USD,MERCH0002,posted
TXN00000099,ACCT000006,2024-05-22,transfer,1901.5,USD,,posted
TXN00000998,ACCT000059,2024-05-22,transfer,337.9,USD,,pending
TXN00001081,ACCT000063,2024-05-22,purchase,-215.42,EUR,MERCH0006,posted
TXN00001706,ACCT000092,2024-05-22,purchase,-147.4,USD,MERCH0002,posted
TXN00001974,ACCT000106,2024-05-22,withdrawal,-740.31,EUR,,posted
TXN00002107,ACCT000112,2024-05-22,purchase,-362.23,EUR,MERCH0006,failed
TXN00002212,ACCT000118,2024-05-22,deposit,3292.77,GBP,,failed
TXN00002938,ACCT000151,2024-05-22,purchase,-186.03,GBP,MERCH0004,posted
TXN00003189,ACCT000165,2024-05-22,purchase,-171.84,EUR,MERCH0007,posted
TXN00003831,ACCT000201,2024-05-22,withdrawal,-400.07,EUR,,posted
TXN00004373,ACCT000235,2024-05-22,withdrawal,-417.69,USD,,posted
TXN00004399,ACCT000237,2024-05-22,fee,-14.98,EUR,,posted
TXN00004474,ACCT000240,2024-05-22,purchase,-431.32,USD,MERCH0004,posted
TXN00004728,ACCT000252,2024-05-22,deposit,4068.03,USD,,failed
TXN00004947,ACCT000266,2024-05-22,purchase,-270.64,USD,MERCH0005,failed
TXN00004991,ACCT000268,2024-05-22,purchase,-123.29,USD,MERCH0004,pending
TXN00005201,ACCT000281,2024-05-22,purchase,-446.2,EUR,MERCH0010,failed
TXN00005459,ACCT000294,2024-05-22,purchase,-134.96,GBP,MERCH0004,posted
TXN00005700,ACCT000309,2024-05-22,fee,-27.88,GBP,,posted
TXN00005953,ACCT000320,2024-05-22,transfer,-969.67,USD,,posted
TXN00000189,ACCT000010,2024-05-23,refund,9.83,EUR,MERCH0003,pending
TXN00000460,ACCT000028,2024-05-23,deposit,793.69,GBP,,posted
TXN00000521,ACCT000032,2024-05-23,fee,-8.55,USD,,pending
TXN00001502,ACCT000084,2024-05-23,deposit,1873.73,USD,,pending
TXN00001841,ACCT000099,2024-05-23,fee,-4.5,USD,,pending
TXN00003079,ACCT000158,2024-05-23,transfer,1962.99,EUR,,pending
TXN00003213,ACCT000166,2024-05-23,withdrawal,-420.12,USD,,pending
TXN00003298,ACCT000173,2024-05-23,withdrawal,-33.12,GBP,,posted
TXN00004039,ACCT000215,2024-05-23,fee,-14.29,USD,,posted
TXN00004320,ACCT000232,2024-05-23,purchase,-28.3,USD,MERCH0001,failed
TXN00004751,ACCT000253,2024-05-23,withdrawal,-190.31,USD,,pending
TXN00005029,ACCT000271,2024-05-23,refund,117.44,USD,MERCH0008,failed
TXN00005344,ACCT000288,2024-05-23,refund,104.28,USD,MERCH0002,posted
TXN00005954,ACCT000320,2024-05-23,transfer,682.75,USD,,posted
TXN00006072,ACCT000324,2024-05-23,refund,54.25,EUR,MERCH0002,failed
TXN00000324,ACCT000020,2024-05-24,purchase,-225.49,EUR,MERCH0002,pending
TXN00000929,ACCT000056,2024-05-24,refund,136.63,EUR,MERCH0009,pending
TXN00001001,ACCT000059,2024-05-24,purchase,-4.94,USD,MERCH0009,failed
TXN00001142,ACCT000066,2024-05-24,transfer,-1492.72,GBP,,pending
TXN00001376,ACCT000078,2024-05-24,transfer,1892.71,USD,,pending
TXN00002142,ACCT000114,2024-05-24,withdrawal,-38.91,USD,,failed
TXN00002448,ACCT000129,2024-05-24,purchase,-313.7,GBP,MERCH0003,posted
TXN00002462,ACCT000129,2024-05-24,transfer,1914.67,GBP,,failed
TXN00002691,ACCT000138,2024-05-24,withdrawal,-84.98,USD,,posted
TXN00003870,ACCT000205,2024-05-24,refund,178.13,EUR,MERCH0003,failed
TXN00003977,ACCT000210,2024-05-24,refund,97.55,USD,MERCH0005,failed
TXN00004063,ACCT000217,2024-05-24,withdrawal,-733.59,USD,,failed
TXN00004120,ACCT000222,2024-05-24,refund,183.66,USD,MERCH0009,pending
TXN00004448,ACCT000239,2024-05-24,purchase,-48.18,USD,MERCH0002,failed
TXN00004500,ACCT000241,2024-05-24,deposit,3528.94,USD,,failed
TXN00005869,ACCT000317,2024-05-24,purchase,-418.72,USD,MERCH0001,failed
TXN00000554,ACCT000034,2024-05-25,refund,28.86,USD,MERCH0003,posted
TXN00001127,ACCT000065,2024-05-25,purchase,-213.2,USD,MERCH0001,posted
TXN00001146,ACCT000066,2024-05-25,purchase,-136.45,GBP,MERCH0002,posted
TXN00001247,ACCT000070,2024-05-25,deposit,956.23,USD,,failed
TXN00001962,ACCT000105,2024-05-25,deposit,895.34,USD,,failed
TXN00002314,ACCT000123,2024-05-25,refund,76.93,GBP,MERCH0004,pending
TXN00003013,ACCT000154,2024-05-25,purchase,-383.91,USD,MERCH0007,failed
TXN00004001,ACCT000212,2024-05-25,deposit,2895.85,EUR,,posted
TXN00004421,ACCT000238,2024-05-25,fee,-3.33,USD,,posted
TXN00004481,ACCT000240,2024-05-25,deposit,3400.39,USD,,pending
TXN00004928,ACCT000265,2024-05-25,deposit,1106.55,GBP,,posted
TXN00005274,ACCT000285,2024-05-25,purchase,-127.14,EUR,MERCH0009,posted
TXN00005473,ACCT000295,2024-05-25,refund,86.0,USD,MERCH0004,posted
TXN00005485,ACCT000295,2024-05-25,deposit,4070.95,USD,,posted
TXN00005698,ACCT000309,2024-05-25,refund,121.25,GBP,MERCH0010,posted
TXN00000754,ACCT000047,2024-05-26,withdrawal,-435.18,EUR,,posted
TXN00000945,ACCT000056,2024-05-26,refund,75.83,EUR,MERCH0005,posted
TXN00002226,ACCT000120,2024-05-26,purchase,-65.77,USD,MERCH0005,posted
TXN00002790,ACCT000144,2024-05-26,deposit,434.49,EUR,,posted
TXN00003000,ACCT000154,2024-05-26,deposit,3072.33,USD,,posted
TXN00003237,ACCT000168,2024-05-26,purchase,-133.63,USD,MERCH0009,posted
TXN00003890,ACCT000205,2024-05-26,purchase,-293.85,EUR,MERCH0005,pending
TXN00004842,ACCT000260,2024-05-26,refund,54.94,USD,MERCH0005,posted
TXN00005186,ACCT000281,2024-05-26,fee,-19.65,EUR,,pending
TXN00005245,ACCT000283,2024-05-26,purchase,-289.71,USD,MERCH0004,posted
TXN00000375,ACCT000023,2024-05-27,transfer,-1526.33,USD,,pending
TXN00001394,ACCT000079,2024-05-27,purchase,-387.29,EUR,MERCH0006,posted
TXN00001791,ACCT000095,2024-05-27,purchase,-336.33,GBP,MERCH0004,posted
TXN00002703,ACCT000138,2024-05-27,purchase,-85.66,USD,MERCH0008,posted
TXN00003792,ACCT000199,2024-05-27,withdrawal,-473.22,GBP,,posted
TXN00005384,ACCT000291,2024-05-27,transfer,-62.93,USD,,posted
TXN00005674,ACCT000307,2024-05-27,fee,-33.69,GBP,,posted
TXN00006012,ACCT000322,2024-05-27,withdrawal,-207.51,EUR,,posted
TXN00001111,ACCT000064,2024-05-28,withdrawal,-203.68,GBP,,posted
TXN00001656,ACCT000089,2024-05-28,purchase,-30.17,USD,MERCH0010,failed
TXN00001748,ACCT000093,2024-05-28,purchase,-308.02,USD,MERCH0003,posted
TXN00001752,ACCT000093,2024-05-28,transfer,99.23,USD,,failed
TXN00001928,ACCT000103,2024-05-28,purchase,-220.61,USD,MERCH0005,posted
TXN00001935,ACCT000103,2024-05-28,deposit,209.08,USD,,posted
TXN00002667,ACCT000137,2024-05-28,withdrawal,-99.17,USD,,pending
TXN00003117,ACCT000159,2024-05-28,deposit,2096.35,USD,,posted
TXN00003209,ACCT000166,2024-05-28,purchase,-183.27,USD,MERCH0003,posted
TXN00003435,ACCT000179,2024-05-28,deposit,4712.4,USD,,pending
TXN00004329,ACCT000233,2024-05-28,purchase,-375.07,USD,MERCH0005,failed
TXN00004637,ACCT000247,2024-05-28,purchase,-43.52,EUR,MERCH0001,posted
TXN00004963,ACCT000266,2024-05-28,purchase,-236.4,USD,MERCH0007,posted
TXN00006130,ACCT000328,2024-05-28,purchase,-26.0,USD,MERCH0008,pending
TXN00000565,ACCT000035,2024-05-29,deposit,3994.0,USD,,pending
TXN00001203,ACCT000068,2024-05-29,refund,101.18,EUR,MERCH0009,posted
TXN00001333,ACCT000075,2024-05-29,transfer,-1045.01,GBP,,failed
TXN00003100,ACCT000159,2024-05-29,transfer,-820.95,USD,,pending
TXN00003208,ACCT000166,2024-05-29,fee,-6.33,USD,,posted
TXN00004027,ACCT000215,2024-05-29,purchase,-184.74,USD,MERCH0005,failed
TXN00004282,ACCT000230,2024-05-29,refund,19.93,USD,MERCH0004,posted
TXN00004720,ACCT000252,2024-05-29,purchase,-95.19,USD,MERCH0001,failed
TXN00004980,ACCT000267,2024-05-29,purchase,-34.87,GBP,MERCH0006,posted
TXN00005082,ACCT000273,2024-05-29,refund,62.08,USD,MERCH0004,posted
TXN00005394,ACCT000291,2024-05-29,refund,111.37,USD,MERCH0008,failed
TXN00005397,ACCT000292,2024-05-29,purchase,-13.83,USD,MERCH0008,posted
TXN00005417,ACCT000292,2024-05-29,fee,-4.73,USD,,posted
TXN00005613,ACCT000304,2024-05-29,purchase,-67.93,GBP,MERCH0001,pending
TXN00006078,ACCT000325,2024-05-29,refund,12.1,USD,MERCH0008,pending
TXN00001566,ACCT000086,2024-05-30,refund,116.68,GBP,MERCH0003,failed
TXN00001929,ACCT000103,2024-05-30,purchase,-21.31,USD,MERCH0008,posted
TXN00003077,ACCT000158,2024-05-30,purchase,-27.55,EUR,MERCH0002,posted
TXN00003211,ACCT000166,2024-05-30,deposit,4798.13,USD,,failed
TXN00003270,ACCT000169,2024-05-30,purchase,-183.68,USD,MERCH0007,pending
TXN00003362,ACCT000176,2024-05-30,purchase,-286.38,USD,MERCH0004,posted
TXN00004081,ACCT000218,2024-05-30,withdrawal,-365.4,USD,,posted
TXN00004351,ACCT000234,2024-05-30,purchase,-164.16,EUR,MERCH0003,posted
TXN00004488,ACCT000241,2024-05-30,deposit,4002.09,USD,,posted
TXN00004824,ACCT000259,2024-05-30,withdrawal,-48.89,USD,,posted
TXN00001444,ACCT000081,2024-05-31,deposit,800.77,GBP,,posted
TXN00001663,ACCT000090,2024-05-31,withdrawal,-450.68,USD,,posted
TXN00001960,ACCT000104,2024-05-31,withdrawal,-660.92,GBP,,failed
TXN00002105,ACCT000112,2024-05-31,purchase,-201.65,EUR,MERCH0002,posted
TXN00002282,ACCT000122,2024-05-31,purchase,-122.45,USD,MERCH0009,posted
TXN00003456,ACCT000180,2024-05-31,fee,-34.73,USD,,posted
TXN00004098,ACCT000219,2024-05-31,purchase,-195.86,GBP,MERCH0001,posted
TXN00004223,ACCT000226,2024-05-31,purchase,-56.23,USD,MERCH0008,pending
TXN00004290,ACCT000230,2024-05-31,purchase,-39.75,USD,MERCH0009,posted
TXN00004741,ACCT000253,2024-05-31,withdrawal,-677.11,USD,,posted
TXN00004754,ACCT000253,2024-05-31,purchase,-75.55,USD,MERCH0005,posted
TXN00004889,ACCT000263,2024-05-31,refund,152.28,GBP,MERCH0003,posted
TXN00005189,ACCT000281,2024-05-31,refund,128.87,EUR,MERCH0010,pending
TXN00005260,ACCT000283,2024-05-31,purchase,-203.37,USD,MERCH0003,failed
TXN00005330,ACCT000288,2024-05-31,purchase,-65.06,USD,MERCH0010,posted
TXN00005746,ACCT000310,2024-05-31,withdrawal,-141.14,GBP,,failed
TXN00001049,ACCT000062,2024-06-01,fee,-28.36,EUR,,pending
TXN00001087,ACCT000064,2024-06-01,deposit,4304.11,GBP,,posted
TXN00001163,ACCT000066,2024-06-01,transfer,1519.56,GBP,,posted
TXN00001831,ACCT000098,2024-06-01,purchase,-297.87,GBP,MERCH0003,failed
TXN00001941,ACCT000103,2024-06-01,refund,39.12,USD,MERCH0009,posted
TXN00002284,ACCT000122,2024-06-01,purchase,-52.92,USD,MERCH0010,failed
TXN00002784,ACCT000144,2024-06-01,deposit,4438.93,EUR,,posted
TXN00002796,ACCT000144,2024-06-01,purchase,-138.02,EUR,MERCH0002,posted
TXN00002956,ACCT000152,2024-06-01,purchase,-407.16,USD,MERCH0010,posted
TXN00003088,ACCT000158,2024-06-01,purchase,-339.28,EUR,MERCH0007,posted
TXN00003754,ACCT000197,2024-06-01,fee,-32.11,GBP,,pending
TXN00004222,ACCT000226,2024-06-01,refund,147.16,USD,MERCH0009,failed
TXN00004816,ACCT000258,2024-06-01,purchase,-383.75,USD,MERCH0005,posted
TXN00004922,ACCT000264,2024-06-01,refund,122.12,EUR,MERCH0002,pending
TXN00006215,ACCT000334,2024-06-01,deposit,3195.01,USD,,posted
TXN00000004,ACCT000001,2024-06-02,purchase,-44.79,USD,MERCH0001,posted
TXN00000785,ACCT000049,2024-06-02,withdrawal,-736.43,EUR,,posted
TXN00001060,ACCT000062,2024-06-02,fee,-14.95,EUR,,posted
TXN00003497,ACCT000182,2024-06-02,purchase,-29.55,GBP,MERCH0009,posted
TXN00003783,ACCT000198,2024-06-02,purchase,-445.75,GBP,MERCH0004,posted
TXN00003857,ACCT000203,2024-06-02,purchase,-434.49,EUR,MERCH0008,posted
TXN00004224,ACCT000226,2024-06-02,refund,54.21,USD,MERCH0004,pending
TXN00005984,ACCT000321,2024-06-02,purchase,-270.89,EUR,MERCH0002,posted
TXN00000031,ACCT000003,2024-06-03,withdrawal,-404.64,EUR,,posted
TXN00001008,ACCT000060,2024-06-03,refund,148.03,USD,MERCH0010,failed
TXN00001374,ACCT000078,2024-06-03,withdrawal,-168.7,USD,,pending
TXN00001510,ACCT000084,2024-06-03,refund,179.59,USD,MERCH0003,posted
TXN00002191,ACCT000117,2024-06-03,purchase,-253.38,USD,MERCH0004,posted
TXN00002265,ACCT000121,2024-06-03,fee,-4.16,EUR,,posted
TXN00002350,ACCT000125,2024-06-03,withdrawal,-483.65,EUR,,posted
TXN00002357,ACCT000125,2024-06-03,transfer,964.41,EUR,,posted
TXN00003583,ACCT000185,2024-06-03,refund,54.65,USD,MERCH0003,pending
TXN00004013,ACCT000212,2024-06-03,withdrawal,-462.01,EUR,,posted
TXN00004036,ACCT000215,2024-06-03,deposit,4215.29,USD,,posted
TXN00004642,ACCT000247,2024-06-03,transfer,-1926.49,EUR,,posted
TXN00004708,ACCT000252,2024-06-03,purchase,-373.31,USD,MERCH0003,failed
TXN00004896,ACCT000263,2024-06-03,purchase,-112.65,GBP,MERCH0004,posted
TXN00001031,ACCT000061,2024-06-04,purchase,-195.51,GBP,MERCH0008,posted
TXN00001193,ACCT000068,2024-06-04,deposit,1086.69,EUR,,posted
TXN00001245,ACCT000070,2024-06-04,withdrawal,-399.02,USD,,posted
TXN00001402,ACCT000079,2024-06-04,purchase,-291.9,EUR,MERCH0005,posted
TXN00001639,ACCT000089,2024-06-04,purchase,-165.52,USD,MERCH0005,posted
TXN00001913,ACCT000102,2024-06-04,transfer,991.51,USD,,posted
TXN00001946,ACCT000104,2024-06-04,transfer,-1249.36,GBP,,pending
TXN00002273,ACCT000122,2024-06-04,fee,-9.79,USD,,failed
TXN00002432,ACCT000128,2024-06-04,purchase,-445.98,GBP,MERCH0007,posted
TXN00002830,ACCT000145,2024-06-04,deposit,2732.74,EUR,,posted
TXN00003397,ACCT000178,2024-06-04,purchase,-366.15,USD,MERCH0002,posted
TXN00003513,ACCT000182,2024-06-04,purchase,-91.94,GBP,MERCH0006,failed
TXN00003856,ACCT000203,2024-06-04,withdrawal,-627.47,EUR,,posted
TXN00004194,ACCT000225,2024-06-04,withdrawal,-122.59,EUR,,pending
TXN00004204,ACCT000226,2024-06-04,withdrawal,-554.09,USD,,posted
TXN00006128,ACCT000328,2024-06-04,refund,169.21,USD,MERCH0004,pending
TXN00000362,ACCT000023,2024-06-05,deposit,647.69,USD,,posted
TXN00000665,ACCT000040,2024-06-05,transfer,798.93,GBP,,posted
TXN00001384,ACCT000078,2024-06-05,purchase,-365.25,USD,MERCH0008,posted
TXN00001729,ACCT000092,2024-06-05,deposit,2147.17,USD,,posted
TXN00002451,ACCT000129,2024-06-05,purchase,-434.49,GBP,MERCH0009,failed
TXN00003015,ACCT000154,2024-06-05,withdrawal,-529.72,USD,,posted
TXN00003454,ACCT000180,2024-06-05,purchase,-91.88,USD,MERCH0005,posted
TXN00003884,ACCT000205,2024-06-05,purchase,-85.86,EUR,MERCH0006,posted
TXN00004082,ACCT000218,2024-06-05,refund,121.05,USD,MERCH0009,posted
TXN00004683,ACCT000250,2024-06-05,refund,148.2,GBP,MERCH0007,posted
TXN00005707,ACCT000309,2024-06-05,fee,-8.41,GBP,,pending
TXN00005733,ACCT000310,2024-06-05,transfer,288.51,GBP,,posted
TXN00000162,ACCT000009,2024-06-06,purchase,-239.83,EUR,MERCH0004,posted
TXN00000561,ACCT000035,2024-06-06,transfer,534.42,USD,,posted
TXN00000742,ACCT000047,2024-06-06,transfer,-557.56,EUR,,posted
TXN00000934,ACCT000056,2024-06-06,refund,175.37,EUR,MERCH0003,pending
TXN00001082,ACCT000063,2024-06-06,purchase,-18.56,EUR,MERCH0010,failed
TXN00001886,ACCT000101,2024-06-06,purchase,-209.05,USD,MERCH0003,posted
TXN00002132,ACCT000113,2024-06-06,refund,46.6,USD,MERCH0007,posted
TXN00002253,ACCT000121,2024-06-06,purchase,-108.57,EUR,MERCH0003,posted
TXN00002665,ACCT000137,2024-06-06,purchase,-281.58,USD,MERCH0006,posted
TXN00003128,ACCT000160,2024-06-06,purchase,-439.92,USD,MERCH0008,posted
TXN00004157,ACCT000223,2024-06-06,purchase,-148.79,USD,MERCH0006,pending
TXN00004526,ACCT000242,2024-06-06,deposit,2673.88,USD,,posted
TXN00004670,ACCT000250,2024-06-06,withdrawal,-621.77,GBP,,posted
TXN00004762,ACCT000254,2024-06-06,purchase,-161.62,USD,MERCH0006,failed
TXN00004897,ACCT000263,2024-06-06,refund,55.27,GBP,MERCH0010,failed
TXN00005835,ACCT000316,2024-06-06,refund,42.35,USD,MERCH0006,posted
TXN00005847,ACCT000316,2024-06-06,transfer,174.04,USD,,pending
TXN00005865,ACCT000316,2024-06-06,refund,91.86,USD,MERCH0005,posted
TXN00000748,ACCT000047,2024-06-07,transfer,-1543.57,EUR,,posted
TXN00000833,ACCT000052,2024-06-07,purchase,-186.83,USD,MERCH0001,pending
TXN00001084,ACCT000063,2024-06-07,transfer,-1079.12,EUR,,posted
TXN00001147,ACCT000066,2024-06-07,purchase,-300.49,GBP,MERCH0006,posted
TXN00001256,ACCT000070,2024-06-07,purchase,-41.06,USD,MERCH0009,pending
TXN00001442,ACCT000081,2024-06-07,deposit,3702.67,GBP,,posted
TXN00001680,ACCT000090,2024-06-07,purchase,-368.42,USD,MERCH0003,failed
TXN00001924,ACCT000103,2024-06-07,deposit,253.44,USD,,pending
TXN00002787,ACCT000144,2024-06-07,purchase,-373.83,EUR,MERCH0004,posted
TXN00003637,ACCT000190,2024-06-07,purchase,-303.27,EUR,MERCH0002,failed
TXN00004601,ACCT000246,2024-06-07,transfer,336.91,USD,,posted
TXN00004807,ACCT000257,2024-06-07,deposit,3987.24,USD,,posted
TXN00004866,ACCT000261,2024-06-07,fee,-29.19,EUR,,posted
TXN00005424,ACCT000293,2024-06-07,refund,72.4,GBP,MERCH0006,posted
TXN00006047,ACCT000323,2024-06-07,purchase,-286.96,USD,MERCH0008,pending
TXN00000585,ACCT000036,2024-06-08,transfer,-1265.75,EUR,,posted
TXN00000731,ACCT000046,2024-06-08,withdrawal,-415.22,USD,,posted
TXN00000825,ACCT000052,2024-06-08,withdrawal,-743.23,USD,,posted
TXN00001314,ACCT000074,2024-06-08,purchase,-15.46,USD,MERCH0002,posted
TXN00001793,ACCT000096,2024-06-08,purchase,-366.76,USD,MERCH0006,posted
TXN00001842,ACCT000099,2024-06-08,purchase,-429.33,USD,MERCH0004,posted
TXN00002501,ACCT000131,2024-06-08,purchase,-213.59,EUR,MERCH0010,failed
TXN00002581,ACCT000134,2024-06-08,withdrawal,-104.06,GBP,,failed
TXN00003089,ACCT000158,2024-06-08,fee,-4.16,EUR,,posted
TXN00003611,ACCT000186,2024-06-08,transfer,1733.05,USD,,posted
TXN00004114,ACCT000220,2024-06-08,purchase,-197.6,GBP,MERCH0010,posted
TXN00004367,ACCT000235,2024-06-08,refund,7.66,USD,MERCH0005,failed
TXN00004438,ACCT000238,2024-06-08,withdrawal,-389.18,USD,,posted
TXN00004458,ACCT000240,2024-06-08,deposit,4322.79,USD,,posted
TXN00004766,ACCT000255,2024-06-08,purchase,-160.47,EUR,MERCH0002,failed
TXN00005366,ACCT000290,2024-06-08,deposit,156.79,USD,,posted
TXN00005851,ACCT000316,2024-06-08,withdrawal,-386.9,USD,,posted
TXN00000173,ACCT000010,2024-06-09,fee,-5.11,EUR,,posted
TXN00000333,ACCT000021,2024-06-09,fee,-26.11,GBP,,posted
TXN00000344,ACCT000022,2024-06-09,purchase,-346.09,USD,MERCH0009,pending
TXN00000546,ACCT000033,2024-06-09,transfer,1426.66,EUR,,pending
TXN00000944,ACCT000056,2024-06-09,purchase,-55.26,EUR,MERCH0004,posted
TXN00001095,ACCT000064,2024-06-09,purchase,-73.55,GBP,MERCH0002,pending
TXN00001567,ACCT000086,2024-06-09,transfer,-1382.1,GBP,,failed
TXN00001763,ACCT000093,2024-06-09,transfer,-1370.76,USD,,pending
TXN00002551,ACCT000133,2024-06-09,purchase,-104.84,USD,MERCH0010,posted
TXN00002664,ACCT000137,2024-06-09,transfer,-1492.3,USD,,posted
TXN00002890,ACCT000147,2024-06-09,transfer,-1140.71,USD,,posted
TXN00002905,ACCT000149,2024-06-09,purchase,-83.95,USD,MERCH0003,posted
TXN00003132,ACCT000160,2024-06-09,withdrawal,-477.23,USD,,failed
TXN00003285,ACCT000170,2024-06-09,transfer,-518.82,EUR,,posted
TXN00003496,ACCT000182,2024-06-09,withdrawal,-380.16,GBP,,posted
TXN00003993,ACCT000212,2024-06-09,withdrawal,-734.61,EUR,,pending
TXN00004032,ACCT000215,2024-06-09,purchase,-387.58,USD,MERCH0010,posted
TXN00004442,ACCT000239,2024-06-09,withdrawal,-653.12,USD,,posted
TXN00005031,ACCT000271,2024-06-09,deposit,2987.07,USD,,posted
TXN00005280,ACCT000286,2024-06-09,deposit,1627.49,EUR,,posted
TXN00005597,ACCT000302,2024-06-09,deposit,3458.76,EUR,,failed
TXN00005646,ACCT000305,2024-06-09,purchase,-112.32,USD,MERCH0004,posted
TXN00005683,ACCT000308,2024-06-09,fee,-19.31,USD,,pending
TXN00005729,ACCT000310,2024-06-09,fee,-8.4,GBP,,posted
TXN00006019,ACCT000323,2024-06-09,purchase,-387.73,USD,MERCH0004,pending
TXN00000122,ACCT000008,2024-06-10,purchase,-126.8,GBP,MERCH0004,posted
TXN00000525,ACCT000032,2024-06-10,purchase,-304.32,USD,MERCH0001,posted
TXN00000738,ACCT000047,2024-06-10,purchase,-261.1,EUR,MERCH0004,posted
TXN00001389,ACCT000079,2024-06-10,fee,-7.4,EUR,,posted
TXN00001526,ACCT000085,2024-06-10,purchase,-377.24,EUR,MERCH0005,posted
TXN00003073,ACCT000157,2024-06-10,refund,29.41,USD,MERCH0002,posted
TXN00003622,ACCT000189,2024-06-10,purchase,-15.4,USD,MERCH0007,posted
TXN00003945,ACCT000207,2024-06-10,deposit,4291.02,EUR,,posted
TXN00004200,ACCT000225,2024-06-10,fee,-27.12,EUR,,posted
TXN00004347,ACCT000234,2024-06-10,withdrawal,-599.92,EUR,,posted
TXN00004357,ACCT000235,2024-06-10,purchase,-415.56,USD,MERCH0004,posted
TXN00004768,ACCT000255,2024-06-10,fee,-14.98,EUR,,posted
TXN00004820,ACCT000258,2024-06-10,purchase,-312.25,USD,MERCH0001,posted
TXN00004894,ACCT000263,2024-06-10,fee,-2.83,GBP,,pending
TXN00004945,ACCT000266,2024-06-10,refund,44.15,USD,MERCH0010,pending
TXN00005027,ACCT000271,2024-06-10,withdrawal,-700.88,USD,,failed
TXN00005150,ACCT000278,2024-06-10,purchase,-145.93,USD,MERCH0005,pending
TXN00005379,ACCT000291,2024-06-10,transfer,-1925.23,USD,,posted
TXN00000211,ACCT000012,2024-06-11,purchase,-313.02,USD,MERCH0009,pending
TXN00001080,ACCT000063,2024-06-11,fee,-17.15,EUR,,posted
TXN00001439,ACCT000081,2024-06-11,refund,69.02,GBP,MERCH0002,pending
TXN00001864,ACCT000099,2024-06-11,transfer,177.94,USD,,posted
TXN00002193,ACCT000117,2024-06-11,purchase,-379.46,USD,MERCH0010,posted
TXN00002302,ACCT000123,2024-06-11,purchase,-103.5,GBP,MERCH0004,failed
TXN00002464,ACCT000129,2024-06-11,purchase,-233.09,GBP,MERCH0004,posted
TXN00003185,ACCT000165,2024-06-11,fee,-16.94,EUR,,pending
TXN00003383,ACCT000177,2024-06-11,purchase,-432.03,USD,MERCH0001,posted
TXN00003555,ACCT000184,2024-06-11,refund,116.98,GBP,MERCH0007,failed
TXN00003568,ACCT000184,2024-06-11,purchase,-8.19,GBP,MERCH0008,pending
TXN00004394,ACCT000237,2024-06-11,purchase,-251.22,EUR,MERCH0010,posted
TXN00004809,ACCT000257,2024-06-11,deposit,4823.61,USD,,failed
TXN00005401,ACCT000292,2024-06-11,purchase,-221.24,USD,MERCH0007,failed
TXN00006066,ACCT000324,2024-06-11,withdrawal,-243.4,EUR,,posted
TXN00000196,ACCT000010,2024-06-12,deposit,195.05,EUR,,posted
TXN00001704,ACCT000092,2024-06-12,purchase,-202.67,USD,MERCH0007,posted
TXN00001844,ACCT000099,2024-06-12,purchase,-174.22,USD,MERCH0010,posted
TXN00002869,ACCT000147,2024-06-12,deposit,4309.9,USD,,posted
TXN00003021,ACCT000154,2024-06-12,deposit,3607.27,USD,,posted
TXN00003353,ACCT000176,2024-06-12,deposit,2494.84,USD,,failed
TXN00003483,ACCT000180,2024-06-12,fee,-5.19,USD,,pending
TXN00003613,ACCT000186,2024-06-12,deposit,1001.82,USD,,pending
TXN00003911,ACCT000206,2024-06-12,refund,26.62,GBP,MERCH0004,posted
TXN00004362,ACCT000235,2024-06-12,purchase,-363.02,USD,MERCH0003,pending
TXN00004410,ACCT000238,2024-06-12,deposit,2087.35,USD,,posted
TXN00004463,ACCT000240,2024-06-12,purchase,-449.78,USD,MERCH0001,posted
TXN00004513,ACCT000241,2024-06-12,refund,111.71,USD,MERCH0004,posted
TXN00005390,ACCT000291,2024-06-12,purchase,-200.06,USD,MERCH0010,posted
TXN00000195,ACCT000010,2024-06-13,fee,-10.19,EUR,,posted
TXN00001261,ACCT000070,2024-06-13,fee,-21.02,USD,,posted
TXN00001360,ACCT000077,2024-06-13,transfer,1436.99,USD,,posted
TXN00001642,ACCT000089,2024-06-13,deposit,1462.32,USD,,posted
TXN00002589,ACCT000134,2024-06-13,fee,-26.74,GBP,,failed
TXN00003070,ACCT000157,2024-06-13,transfer,-1801.94,USD,,posted
TXN00003451,ACCT000179,2024-06-13,purchase,-32.68,USD,MERCH0008,posted
TXN00003539,ACCT000184,2024-06-13,purchase,-45.5,GBP,MERCH0005,pending
TXN00004214,ACCT000226,2024-06-13,transfer,358.52,USD,,pending
TXN00004281,ACCT000230,2024-06-13,fee,-4.07,USD,,failed
TXN00004400,ACCT000237,2024-06-13,fee,-33.08,EUR,,pending
TXN00004544,ACCT000242,2024-06-13,fee,-16.31,USD,,failed
TXN00004681,ACCT000250,2024-06-13,purchase,-262.95,GBP,MERCH0001,posted
TXN00005085,ACCT000273,2024-06-13,refund,148.92,USD,MERCH0005,pending
TXN00005130,ACCT000277,2024-06-13,withdrawal,-210.21,GBP,,posted
TXN00005436,ACCT000293,2024-06-13,purchase,-436.43,GBP,MERCH0006,pending
TXN00000092,ACCT000006,2024-06-14,withdrawal,-245.68,USD,,posted
TXN00001137,ACCT000066,2024-06-14,purchase,-39.24,GBP,MERCH0001,failed
TXN00001431,ACCT000081,2024-06-14,purchase,-182.76,GBP,MERCH0001,posted
TXN00001818,ACCT000097,2024-06-14,deposit,511.61,USD,,posted
TXN00001849,ACCT000099,2024-06-14,fee,-27.89,USD,,posted
TXN00002236,ACCT000120,2024-06-14,transfer,1323.44,USD,,posted
TXN00002237,ACCT000120,2024-06-14,purchase,-391.59,USD,MERCH0006,posted
TXN00002426,ACCT000128,2024-06-14,fee,-6.12,GBP,,posted
TXN00002540,ACCT000132,2024-06-14,deposit,2240.55,USD,,posted
TXN00003485,ACCT000180,2024-06-14,purchase,-279.88,USD,MERCH0010,posted
TXN00003905,ACCT000206,2024-06-14,fee,-7.4,GBP,,posted
TXN00004644,ACCT000247,2024-06-14,purchase,-323.58,EUR,MERCH0001,pending
TXN00005298,ACCT000286,2024-06-14,transfer,1572.81,EUR,,pending
TXN00005956,ACCT000320,2024-06-14,transfer,1207.41,USD,,posted
TXN00006061,ACCT000324,2024-06-14,purchase,-39.93,EUR,MERCH0007,posted
TXN00000363,ACCT000023,2024-06-15,refund,144.21,USD,MERCH0004,posted
TXN00000489,ACCT000030,2024-06-15,purchase,-230.23,GBP,MERCH0004,posted
TXN00000779,ACCT000049,2024-06-15,purchase,-81.75,EUR,MERCH0008,posted
TXN00000896,ACCT000055,2024-06-15,deposit,3905.93,EUR,,posted
TXN00001437,ACCT000081,2024-06-15,fee,-24.05,GBP,,failed
TXN00001505,ACCT000084,2024-06-15,refund,122.53,USD,MERCH0004,posted
TXN00001675,ACCT000090,2024-06-15,withdrawal,-179.06,USD,,failed
TXN00002124,ACCT000112,2024-06-15,deposit,3328.97,EUR,,posted
TXN00002303,ACCT000123,2024-06-15,deposit,365.43,GBP,,posted
TXN00002525,ACCT000132,2024-06-15,refund,154.42,USD,MERCH0005,posted
TXN00002718,ACCT000139,2024-06-15,fee,-16.76,USD,,posted
TXN00003379,ACCT000177,2024-06-15,withdrawal,-373.87,USD,,posted
TXN00003402,ACCT000178,2024-06-15,transfer,-432.52,USD,,posted
TXN00004967,ACCT000267,2024-06-15,fee,-24.35,GBP,,pending
TXN00000155,ACCT000009,2024-06-16,purchase,-207.17,EUR,MERCH0009,posted
TXN00000781,ACCT000049,2024-06-16,refund,20.84,EUR,MERCH0001,posted
TXN00000943,ACCT000056,2024-06-16,purchase,-130.51,EUR,MERCH0009,posted
TXN00001092,ACCT000064,2024-06-16,refund,153.11,GBP,MERCH0001,failed
TXN00002431,ACCT000128,2024-06-16,transfer,-1323.17,GBP,,posted
TXN00002885,ACCT000147,2024-06-16,withdrawal,-687.2,USD,,posted
TXN00003333,ACCT000175,2024-06-16,purchase,-446.49,USD,MERCH0002,failed
TXN00003337,ACCT000175,2024-06-16,fee,-33.94,USD,,pending
TXN00003380,ACCT000177,2024-06-16,deposit,580.75,USD,,failed
TXN00003537,ACCT000183,2024-06-16,purchase,-211.87,GBP,MERCH0004,pending
TXN00003596,ACCT000186,2024-06-16,transfer,1958.21,USD,,failed
TXN00004022,ACCT000215,2024-06-16,fee,-14.19,USD,,posted
TXN00004172,ACCT000225,2024-06-16,purchase,-376.56,EUR,MERCH0002,posted
TXN00004217,ACCT000226,2024-06-16,refund,124.14,USD,MERCH0006,posted
TXN00004234,ACCT000226,2024-06-16,deposit,4636.58,USD,,failed
TXN00004639,ACCT000247,2024-06-16,purchase,-8.12,EUR,MERCH0010,posted
TXN00000335,ACCT000021,2024-06-17,transfer,1911.08,GBP,,posted
TXN00000673,ACCT000040,2024-06-17,refund,28.96,GBP,MERCH0009,failed
TXN00000851,ACCT000053,2024-06-17,fee,-20.54,EUR,,pending
TXN00001288,ACCT000072,2024-06-17,purchase,-291.96,USD,MERCH0003,posted
TXN00002305,ACCT000123,2024-06-17,fee,-17.17,GBP,,pending
TXN00002522,ACCT000132,2024-06-17,purchase,-414.54,USD,MERCH0005,posted
TXN00003548,ACCT000184,2024-06-17,purchase,-119.0,GBP,MERCH0001,posted
TXN00004004,ACCT000212,2024-06-17,fee,-5.36,EUR,,failed
TXN00004179,ACCT000225,2024-06-17,refund,134.35,EUR,MERCH0005,pending
TXN00004378,ACCT000235,2024-06-17,purchase,-343.33,USD,MERCH0004,posted
TXN00004509,ACCT000241,2024-06-17,deposit,1583.8,USD,,posted
TXN00004591,ACCT000244,2024-06-17,purchase,-385.33,USD,MERCH0004,pending
TXN00004703,ACCT000251,2024-06-17,deposit,2536.79,EUR,,posted
TXN00005229,ACCT000282,2024-06-17,withdrawal,-451.74,USD,,posted
TXN00005287,ACCT000286,2024-06-17,deposit,1541.35,EUR,,pending
TXN00005609,ACCT000303,2024-06-17,purchase,-411.73,EUR,MERCH0003,failed
TXN00005935,ACCT000320,2024-06-17,purchase,-386.01,USD,MERCH0005,pending
TXN00006018,ACCT000323,2024-06-17,transfer,443.71,USD,,failed
TXN00000007,ACCT000001,2024-06-18,purchase,-413.86,USD,MERCH0009,posted
TXN00000014,ACCT000001,2024-06-18,fee,-26.69,USD,,posted
TXN00000229,ACCT000012,2024-06-18,deposit,4873.27,USD,,posted
TXN00000328,ACCT000020,2024-06-18,deposit,63.55,EUR,,failed
TXN00000654,ACCT000040,2024-06-18,deposit,3713.06,GBP,,posted
TXN00001342,ACCT000077,2024-06-18,fee,-7.98,USD,,posted
TXN00001406,ACCT000079,2024-06-18,fee,-24.75,EUR,,posted
TXN00001500,ACCT000084,2024-06-18,purchase,-207.24,USD,MERCH0001,failed
TXN00001923,ACCT000103,2024-06-18,fee,-21.03,USD,,posted
TXN00002175,ACCT000116,2024-06-18,purchase,-237.4,USD,MERCH0003,posted
TXN00002465,ACCT000129,2024-06-18,purchase,-323.62,GBP,MERCH0002,posted
TXN00003007,ACCT000154,2024-06-18,purchase,-448.35,USD,MERCH0001,posted
TXN00003390,ACCT000177,2024-06-18,fee,-15.15,USD,,posted
TXN00003509,ACCT000182,2024-06-18,purchase,-14.08,GBP,MERCH0004,pending
TXN00003652,ACCT000192,2024-06-18,deposit,4411.43,USD,,posted
TXN00003800,ACCT000199,2024-06-18,purchase,-9.81,GBP,MERCH0002,posted
TXN00004475,ACCT000240,2024-06-18,transfer,-1418.21,USD,,posted
TXN00004883,ACCT000263,2024-06-18,fee,-34.33,GBP,,posted
TXN00005942,ACCT000320,2024-06-18,deposit,674.17,USD,,failed
TXN00000720,ACCT000046,2024-06-19,fee,-18.84,USD,,failed
TXN00000855,ACCT000053,2024-06-19,withdrawal,-332.48,EUR,,failed
TXN00001373,ACCT000078,2024-06-19,deposit,3391.78,USD,,posted
TXN00001419,ACCT000080,2024-06-19,purchase,-71.61,USD,MERCH0005,posted
TXN00001697,ACCT000091,2024-06-19,purchase,-415.72,EUR,MERCH0006,posted
TXN00001709,ACCT000092,2024-06-19,purchase,-174.28,USD,MERCH0004,pending
TXN00002136,ACCT000113,2024-06-19,transfer,-1316.76,USD,,pending
TXN00002157,ACCT000115,2024-06-19,purchase,-45.64,EUR,MERCH0002,posted
TXN00003084,ACCT000158,2024-06-19,transfer,-381.59,EUR,,posted
TXN00003377,ACCT000177,2024-06-19,deposit,1382.21,USD,,posted
TXN00003398,ACCT000178,2024-06-19,purchase,-419.86,USD,MERCH0003,posted
TXN00003436,ACCT000179,2024-06-19,withdrawal,-695.04,USD,,pending
TXN00003820,ACCT000200,2024-06-19,purchase,-396.68,EUR,MERCH0010,pending
TXN00004208,ACCT000226,2024-06-19,transfer,-221.22,USD,,failed
TXN00004841,ACCT000260,2024-06-19,transfer,281.66,USD,,posted
TXN00005288,ACCT000286,2024-06-19,purchase,-343.14,EUR,MERCH0009,posted
TXN00005983,ACCT000321,2024-06-19,deposit,2005.68,EUR,,failed
TXN00006063,ACCT000324,2024-06-19,withdrawal,-327.57,EUR,,posted
TXN00000736,ACCT000047,2024-06-20,refund,185.77,EUR,MERCH0007,posted
TXN00002324,ACCT000124,2024-06-20,refund,137.62,USD,MERCH0003,posted
TXN00003757,ACCT000197,2024-06-20,transfer,-741.16,GBP,,posted
TXN00003877,ACCT000205,2024-06-20,deposit,1834.44,EUR,,posted
TXN00004099,ACCT000219,2024-06-20,withdrawal,-506.33,GBP,,posted
TXN00004163,ACCT000224,2024-06-20,purchase,-352.49,EUR,MERCH0009,posted
TXN00004293,ACCT000230,2024-06-20,withdrawal,-339.48,USD,,posted
TXN00004540,ACCT000242,2024-06-20,transfer,-534.22,USD,,posted
TXN00004672,ACCT000250,2024-06-20,deposit,2529.87,GBP,,posted
TXN00004935,ACCT000266,2024-06-20,transfer,-1255.33,USD,,posted
TXN00005115,ACCT000277,2024-06-20,transfer,-1285.93,GBP,,posted
TXN00005119,ACCT000277,2024-06-20,transfer,-1462.64,GBP,,posted
TXN00005162,ACCT000279,2024-06-20,fee,-24.1,USD,,posted
TXN00005171,ACCT000280,2024-06-20,purchase,-441.88,USD,MERCH0007,posted
TXN00005474,ACCT000295,2024-06-20,refund,25.52,USD,MERCH0010,posted
TXN00005502,ACCT000298,2024-06-20,withdrawal,-70.29,GBP,,pending
TXN00005696,ACCT000309,2024-06-20,refund,123.73,GBP,MERCH0009,failed
TXN00000602,ACCT000037,2024-06-21,fee,-25.94,GBP,,posted
TXN00001041,ACCT000061,2024-06-21,purchase,-243.67,GBP,MERCH0001,posted
TXN00001497,ACCT000084,2024-06-21,fee,-12.44,USD,,failed
TXN00001725,ACCT000092,2024-06-21,refund,59.49,USD,MERCH0001,posted
TXN00002161,ACCT000115,2024-06-21,purchase,-146.69,EUR,MERCH0001,pending
TXN00002354,ACCT000125,2024-06-21,purchase,-68.5,EUR,MERCH0003,posted
TXN00002684,ACCT000138,2024-06-21,purchase,-338.25,USD,MERCH0005,failed
TXN00003001,ACCT000154,2024-06-21,purchase,-149.23,USD,MERCH0010,posted
TXN00003242,ACCT000168,2024-06-21,fee,-3.61,USD,,posted
TXN00003531,ACCT000183,2024-06-21,deposit,2450.53,GBP,,posted
TXN00003748,ACCT000197,2024-06-21,purchase,-239.88,GBP,MERCH0007,posted
TXN00003940,ACCT000207,2024-06-21,deposit,1889.37,EUR,,posted
TXN00004019,ACCT000215,2024-06-21,refund,112.41,USD,MERCH0001,posted
TXN00004388,ACCT000236,2024-06-21,withdrawal,-443.79,USD,,posted
TXN00004798,ACCT000256,2024-06-21,deposit,203.35,USD,,posted
TXN00005086,ACCT000273,2024-06-21,fee,-3.16,USD,,posted
TXN00005732,ACCT000310,2024-06-21,purchase,-194.61,GBP,MERCH0010,failed
TXN00006000,ACCT000322,2024-06-21,refund,89.68,EUR,MERCH0005,posted
TXN00000227,ACCT000012,2024-06-22,refund,87.97,USD,MERCH0001,failed
TXN00000346,ACCT000022,2024-06-22,purchase,-298.79,USD,MERCH0007,posted
TXN00000508,ACCT000032,2024-06-22,refund,179.62,USD,MERCH0008,posted
TXN00000740,ACCT000047,2024-06-22,fee,-22.3,EUR,,posted
TXN00001015,ACCT000061,2024-06-22,deposit,2995.06,GBP,,posted
TXN00001254,ACCT000070,2024-06-22,purchase,-331.95,USD,MERCH0008,failed
TXN00001350,ACCT000077,2024-06-22,deposit,1560.11,USD,,posted
TXN00001385,ACCT000078,2024-06-22,deposit,2124.78,USD,,failed
TXN00001545,ACCT000086,2024-06-22,fee,-33.97,GBP,,failed
TXN00002349,ACCT000125,2024-06-22,refund,158.11,EUR,MERCH0006,failed
TXN00002585,ACCT000134,2024-06-22,deposit,1860.18,GBP,,posted
TXN00003171,ACCT000163,2024-06-22,purchase,-119.73,GBP,MERCH0005,pending
TXN00003773,ACCT000198,2024-06-22,purchase,-129.29,GBP,MERCH0008,posted
TXN00005052,ACCT000271,2024-06-22,transfer,46.27,USD,,posted
TXN00005625,ACCT000304,2024-06-22,purchase,-98.49,GBP,MERCH0008,posted
TXN00005664,ACCT000306,2024-06-22,fee,-28.97,USD,,pending
TXN00005867,ACCT000317,2024-06-22,purchase,-206.48,USD,MERCH0005,posted
TXN00000017,ACCT000001,2024-06-23,fee,-33.94,USD,,posted
TXN00000385,ACCT000024,2024-06-23,purchase,-176.24,USD,MERCH0007,failed
TXN00000716,ACCT000045,2024-06-23,purchase,-337.95,USD,MERCH0008,posted
TXN00001287,ACCT000072,2024-06-23,deposit,2326.01,USD,,pending
TXN00001520,ACCT000084,2024-06-23,deposit,3735.86,USD,,posted
TXN00001991,ACCT000106,2024-06-23,purchase,-224.79,EUR,MERCH0009,posted
TXN00002504,ACCT000131,2024-06-23,withdrawal,-760.6,EUR,,posted
TXN00002696,ACCT000138,2024-06-23,purchase,-263.49,USD,MERCH0003,posted
TXN00003403,ACCT000178,2024-06-23,refund,105.79,USD,MERCH0001,failed
TXN00003903,ACCT000206,2024-06-23,purchase,-407.51,GBP,MERCH0004,posted
TXN00005055,ACCT000271,2024-06-23,purchase,-199.67,USD,MERCH0006,posted
TXN00005084,ACCT000273,2024-06-23,transfer,1098.64,USD,,failed
TXN00005258,ACCT000283,2024-06-23,fee,-16.35,USD,,failed
TXN00005342,ACCT000288,2024-06-23,fee,-4.38,USD,,posted
TXN00005422,ACCT000292,2024-06-23,purchase,-375.64,USD,MERCH0004,posted
TXN00000471,ACCT000028,2024-06-24,refund,119.35,GBP,MERCH0010,posted
TXN00001449,ACCT000081,2024-06-24,deposit,1068.8,GBP,,posted
TXN00001498,ACCT000084,2024-06-24,transfer,-1883.16,USD,,failed
TXN00002985,ACCT000153,2024-06-24,transfer,1912.22,USD,,posted
TXN00003033,ACCT000156,2024-06-24,transfer,25.42,USD,,posted
TXN00003864,ACCT000203,2024-06-24,transfer,1353.54,EUR,,posted
TXN00003955,ACCT000209,2024-06-24,transfer,557.81,EUR,,pending
TXN00004196,ACCT000225,2024-06-24,fee,-19.99,EUR,,posted
TXN00004563,ACCT000243,2024-06-24,purchase,-133.17,EUR,MERCH0001,posted
TXN00004604,ACCT000246,2024-06-24,purchase,-62.2,USD,MERCH0010,posted
TXN00005318,ACCT000288,2024-06-24,deposit,4714.37,USD,,posted
TXN00006016,ACCT000323,2024-06-24,withdrawal,-525.56,USD,,failed
TXN00006068,ACCT000324,2024-06-24,purchase,-173.77,EUR,MERCH0004,posted
TXN00000474,ACCT000029,2024-06-25,refund,121.16,GBP,MERCH0010,pending
TXN00000563,ACCT000035,2024-06-25,withdrawal,-385.97,USD,,posted
TXN00000786,ACCT000049,2024-06-25,purchase,-6.63,EUR,MERCH0010,pending
TXN00001038,ACCT000061,2024-06-25,transfer,715.51,GBP,,failed
TXN00001217,ACCT000069,2024-06-25,purchase,-405.39,USD,MERCH0005,pending
TXN00001409,ACCT000079,2024-06-25,transfer,-1515.69,EUR,,pending
TXN00002524,ACCT000132,2024-06-25,transfer,-567.73,USD,,posted
TXN00002901,ACCT000148,2024-06-25,purchase,-365.96,USD,MERCH0004,posted
TXN00003463,ACCT000180,2024-06-25,purchase,-21.71,USD,MERCH0003,pending
TXN00005203,ACCT000281,2024-06-25,fee,-7.97,EUR,,posted
TXN00005293,ACCT000286,2024-06-25,refund,129.57,EUR,MERCH0009,posted
TXN00000389,ACCT000024,2024-06-26,refund,196.74,USD,MERCH0003,posted
TXN00001185,ACCT000068,2024-06-26,refund,7.1,EUR,MERCH0007,posted
TXN00001653,ACCT000089,2024-06-26,transfer,1267.13,USD,,posted
TXN00002251,ACCT000121,2024-06-26,refund,35.57,EUR,MERCH0007,posted
TXN00002813,ACCT000145,2024-06-26,fee,-6.91,EUR,,posted
TXN00003235,ACCT000168,2024-06-26,purchase,-37.08,USD,MERCH0001,pending
TXN00003983,ACCT000210,2024-06-26,fee,-24.48,USD,,posted
TXN00004068,ACCT000218,2024-06-26,fee,-28.45,USD,,failed
TXN00004596,ACCT000245,2024-06-26,deposit,656.12,GBP,,posted
TXN00005633,ACCT000304,2024-06-26,purchase,-388.93,GBP,MERCH0006,posted
TXN00000381,ACCT000024,2024-06-27,deposit,3780.29,USD,,posted
TXN00001397,ACCT000079,2024-06-27,deposit,1583.3,EUR,,failed
TXN00001471,ACCT000083,2024-06-27,refund,140.2,EUR,MERCH0006,failed
TXN00001701,ACCT000091,2024-06-27,purchase,-412.56,EUR,MERCH0005,failed
TXN00001715,ACCT000092,2024-06-27,transfer,-603.5,USD,,posted
TXN00002197,ACCT000117,2024-06-27,purchase,-390.16,USD,MERCH0001,posted
TXN00002230,ACCT000120,2024-06-27,refund,10.24,USD,MERCH0003,pending
TXN00003120,ACCT000159,2024-06-27,withdrawal,-522.52,USD,,posted
TXN00003188,ACCT000165,2024-06-27,transfer,-735.7,EUR,,pending
TXN00004010,ACCT000212,2024-06-27,deposit,1470.97,EUR,,failed
TXN00004085,ACCT000218,2024-06-27,purchase,-345.44,USD,MERCH0010,posted
TXN00004587,ACCT000244,2024-06-27,deposit,1273.97,USD,,posted
TXN00004877,ACCT000262,2024-06-27,refund,133.33,USD,MERCH0005,posted
TXN00005097,ACCT000275,2024-06-27,purchase,-327.53,EUR,MERCH0010,pending
TXN00005246,ACCT000283,2024-06-27,withdrawal,-704.04,USD,,posted
TXN00005461,ACCT000294,2024-06-27,refund,197.13,GBP,MERCH0008,posted
TXN00005712,ACCT000309,2024-06-27,deposit,3986.96,GBP,,failed
TXN00000091,ACCT000006,2024-06-28,withdrawal,-485.55,USD,,posted
TXN00000222,ACCT000012,2024-06-28,fee,-4.45,USD,,posted
TXN00000350,ACCT000023,2024-06-28,transfer,119.69,USD,,posted
TXN00000836,ACCT000052,2024-06-28,purchase,-296.5,USD,MERCH0010,posted
TXN00001805,ACCT000097,2024-06-28,refund,181.87,USD,MERCH0007,failed
TXN00001932,ACCT000103,2024-06-28,withdrawal,-632.51,USD,,pending
TXN00002572,ACCT000133,2024-06-28,purchase,-204.92,USD,MERCH0006,posted
TXN00003066,ACCT000157,2024-06-28,purchase,-384.52,USD,MERCH0006,posted
TXN00003420,ACCT000178,2024-06-28,refund,66.21,USD,MERCH0008,failed
TXN00003916,ACCT000206,2024-06-28,purchase,-349.68,GBP,MERCH0009,posted
TXN00005752,ACCT000311,2024-06-28,deposit,3123.94,USD,,pending
TXN00006001,ACCT000322,2024-06-28,fee,-27.52,EUR,,pending
TXN00000511,ACCT000032,2024-06-29,purchase,-113.97,USD,MERCH0005,posted
TXN00001414,ACCT000080,2024-06-29,purchase,-302.62,USD,MERCH0006,posted
TXN00001784,ACCT000095,2024-06-29,fee,-13.06,GBP,,failed
TXN00003479,ACCT000180,2024-06-29,purchase,-88.27,USD,MERCH0005,posted
TXN00003536,ACCT000183,2024-06-29,fee,-29.84,GBP,,failed
TXN00003919,ACCT000206,2024-06-29,deposit,4552.25,GBP,,posted
TXN00003985,ACCT000210,2024-06-29,transfer,-951.11,USD,,posted
TXN00004846,ACCT000261,2024-06-29,deposit,440.36,EUR,,posted
TXN00004981,ACCT000267,2024-06-29,withdrawal,-273.57,GBP,,posted
TXN00000027,ACCT000003,2024-06-30,purchase,-270.33,EUR,MERCH0010,posted
TXN00000200,ACCT000010,2024-06-30,purchase,-108.74,EUR,MERCH0003,posted
TXN00000729,ACCT000046,2024-06-30,deposit,105.92,USD,,posted
TXN00000739,ACCT000047,2024-06-30,purchase,-128.37,EUR,MERCH0003,posted
TXN00001947,ACCT000104,2024-06-30,purchase,-59.29,GBP,MERCH0007,failed
TXN00002679,ACCT000138,2024-06-30,refund,125.51,USD,MERCH0001,pending
TXN00003218,ACCT000167,2024-06-30,deposit,4151.2,GBP,,posted
TXN00004156,ACCT000223,2024-06-30,purchase,-147.68,USD,MERCH0003,posted
TXN00005079,ACCT000272,2024-06-30,purchase,-43.44,EUR,MERCH0005,failed
TXN00005335,ACCT000288,2024-06-30,purchase,-57.14,USD,MERCH0004,posted
TXN00000212,ACCT000012,2024-07-01,deposit,3344.38,USD,,posted
TXN00000517,ACCT000032,2024-07-01,purchase,-56.59,USD,MERCH0002,posted
TXN00000597,ACCT000037,2024-07-01,refund,113.13,GBP,MERCH0008,pending
TXN00000834,ACCT000052,2024-07-01,refund,46.23,USD,MERCH0006,posted
TXN00002283,ACCT000122,2024-07-01,fee,-1.6,USD,,posted
TXN00003252,ACCT000168,2024-07-01,purchase,-230.56,USD,MERCH0007,posted
TXN00003802,ACCT000199,2024-07-01,deposit,77.81,GBP,,pending
TXN00004016,ACCT000212,2024-07-01,purchase,-351.12,EUR,MERCH0003,posted
TXN00004162,ACCT000224,2024-07-01,refund,124.89,EUR,MERCH0010,posted
TXN00004186,ACCT000225,2024-07-01,deposit,135.57,EUR,,posted
TXN00004319,ACCT000232,2024-07-01,refund,29.39,USD,MERCH0008,posted
TXN00004446,ACCT000239,2024-07-01,purchase,-117.78,USD,MERCH0006,posted
TXN00005170,ACCT000280,2024-07-01,fee,-29.38,USD,,posted
TXN00005517,ACCT000298,2024-07-01,purchase,-184.27,GBP,MERCH0002,posted
TXN00005701,ACCT000309,2024-07-01,purchase,-280.06,GBP,MERCH0009,failed
TXN00005963,ACCT000320,2024-07-01,transfer,-1539.66,USD,,failed
TXN00005987,ACCT000321,2024-07-01,transfer,-1123.02,EUR,,posted
TXN00000326,ACCT000020,2024-07-02,fee,-11.04,EUR,,posted
TXN00000370,ACCT000023,2024-07-02,withdrawal,-330.34,USD,,posted
TXN00000683,ACCT000041,2024-07-02,purchase,-62.94,USD,MERCH0008,pending
TXN00000914,ACCT000055,2024-07-02,withdrawal,-206.47,EUR,,posted
TXN00002587,ACCT000134,2024-07-02,purchase,-365.48,GBP,MERCH0008,failed
TXN00002817,ACCT000145,2024-07-02,refund,151.48,EUR,MERCH0008,failed
TXN00005056,ACCT000271,2024-07-02,purchase,-237.58,USD,MERCH0002,pending
TXN00005337,ACCT000288,2024-07-02,purchase,-70.6,USD,MERCH0003,posted
TXN00000128,ACCT000008,2024-07-03,transfer,-785.94,GBP,,pending
TXN00000539,ACCT000033,2024-07-03,transfer,701.4,EUR,,posted
TXN00000692,ACCT000042,2024-07-03,deposit,2617.58,USD,,posted
TXN00001170,ACCT000067,2024-07-03,fee,-28.36,EUR,,posted
TXN00001208,ACCT000068,2024-07-03,deposit,800.48,EUR,,pending
TXN00001959,ACCT000104,2024-07-03,fee,-17.45,GBP,,posted
TXN00002518,ACCT000131,2024-07-03,fee,-28.72,EUR,,failed
TXN00002785,ACCT000144,2024-07-03,refund,130.62,EUR,MERCH0001,posted
TXN00003599,ACCT000186,2024-07-03,deposit,3500.1,USD,,posted
TXN00004856,ACCT000261,2024-07-03,fee,-26.36,EUR,,pending
TXN00005014,ACCT000270,2024-07-03,fee,-25.36,USD,,posted
TXN00005882,ACCT000317,2024-07-03,purchase,-208.94,USD,MERCH0007,pending
TXN00000461,ACCT000028,2024-07-04,purchase,-188.33,GBP,MERCH0004,posted
TXN00000548,ACCT000033,2024-07-04,refund,35.96,EUR,MERCH0007,posted
TXN00001713,ACCT000092,2024-07-04,purchase,-447.28,USD,MERCH0004,posted
TXN00001714,ACCT000092,2024-07-04,refund,184.42,USD,MERCH0003,posted
TXN00002412,ACCT000128,2024-07-04,transfer,-1361.78,GBP,,failed
TXN00003056,ACCT000157,2024-07-04,purchase,-141.34,USD,MERCH0005,pending
TXN00003421,ACCT000178,2024-07-04,withdrawal,-397.39,USD,,posted
TXN00003461,ACCT000180,2024-07-04,purchase,-273.81,USD,MERCH0002,failed
TXN00003533,ACCT000183,2024-07-04,transfer,382.37,GBP,,failed
TXN00004827,ACCT000259,2024-07-04,withdrawal,-580.28,USD,,pending
TXN00004934,ACCT000266,2024-07-04,purchase,-172.17,USD,MERCH0004,posted
TXN00005617,ACCT000304,2024-07-04,transfer,769.62,GBP,,posted
TXN00005662,ACCT000306,2024-07-04,withdrawal,-749.1,USD,,posted
TXN00006134,ACCT000328,2024-07-04,withdrawal,-545.42,USD,,posted
TXN00006218,ACCT000334,2024-07-04,refund,69.5,USD,MERCH0002,posted
TXN00000530,ACCT000033,2024-07-05,fee,-10.51,EUR,,posted
TXN00000694,ACCT000042,2024-07-05,deposit,1491.34,USD,,posted
TXN00001644,ACCT000089,2024-07-05,transfer,240.83,USD,,failed
TXN00001915,ACCT000102,2024-07-05,refund,166.07,USD,MERCH0001,posted
TXN00002935,ACCT000151,2024-07-05,purchase,-43.22,GBP,MERCH0004,posted
TXN00003080,ACCT000158,2024-07-05,purchase,-140.85,EUR,MERCH0008,posted
TXN00004694,ACCT000250,2024-07-05,fee,-26.6,GBP,,posted
TXN00005160,ACCT000279,2024-07-05,purchase,-172.34,USD,MERCH0009,posted
TXN00005671,ACCT000307,2024-07-05,refund,93.38,GBP,MERCH0004,posted
TXN00006053,ACCT000324,2024-07-05,fee,-29.68,EUR,,pending
TXN00000274,ACCT000016,2024-07-06,purchase,-337.79,USD,MERCH0005,failed
TXN00000386,ACCT000024,2024-07-06,purchase,-335.42,USD,MERCH0001,posted
TXN00002450,ACCT000129,2024-07-06,transfer,1650.04,GBP,,posted
TXN00002689,ACCT000138,2024-07-06,fee,-14.84,USD,,posted
TXN00002933,ACCT000151,2024-07-06,withdrawal,-393.25,GBP,,posted
TXN00003458,ACCT000180,2024-07-06,fee,-2.65,USD,,posted
TXN00003560,ACCT000184,2024-07-06,purchase,-130.0,GBP,MERCH0008,failed
TXN00003873,ACCT000205,2024-07-06,refund,8.51,EUR,MERCH0007,failed
TXN00004891,ACCT000263,2024-07-06,transfer,-160.59,GBP,,posted
TXN00006020,ACCT000323,2024-07-06,transfer,1114.32,USD,,failed
TXN00000485,ACCT000030,2024-07-07,fee,-19.77,GBP,,pending
TXN00001099,ACCT000064,2024-07-07,purchase,-394.75,GBP,MERCH0007,pending
TXN00001122,ACCT000065,2024-07-07,purchase,-226.15,USD,MERCH0003,posted
TXN00001551,ACCT000086,2024-07-07,purchase,-55.13,GBP,MERCH0002,posted
TXN00001702,ACCT000091,2024-07-07,withdrawal,-652.36,EUR,,failed
TXN00002202,ACCT000117,2024-07-07,withdrawal,-412.18,USD,,posted
TXN00002811,ACCT000145,2024-07-07,refund,110.28,EUR,MERCH0008,posted
TXN00002948,ACCT000152,2024-07-07,withdrawal,-380.68,USD,,posted
TXN00002974,ACCT000152,2024-07-07,purchase,-264.77,USD,MERCH0009,posted
TXN00003111,ACCT000159,2024-07-07,transfer,769.87,USD,,pending
TXN00003261,ACCT000169,2024-07-07,purchase,-130.74,USD,MERCH0005,posted
TXN00003470,ACCT000180,2024-07-07,withdrawal,-157.39,USD,,posted
TXN00003495,ACCT000182,2024-07-07,withdrawal,-394.07,GBP,,posted
TXN00003525,ACCT000182,2024-07-07,purchase,-353.65,GBP,MERCH0006,posted
TXN00003640,ACCT000191,2024-07-07,withdrawal,-528.72,USD,,posted
TXN00004155,ACCT000223,2024-07-07,fee,-19.15,USD,,posted
TXN00006042,ACCT000323,2024-07-07,transfer,110.04,USD,,posted
TXN00000607,ACCT000037,2024-07-08,purchase,-82.85,GBP,MERCH0003,posted
TXN00000838,ACCT000052,2024-07-08,fee,-23.32,USD,,failed
TXN00000926,ACCT000056,2024-07-08,deposit,1636.3,EUR,,posted
TXN00001119,ACCT000064,2024-07-08,purchase,-21.38,GBP,MERCH0009,posted
TXN00001351,ACCT000077,2024-07-08,transfer,-1883.5,USD,,pending
TXN00002103,ACCT000112,2024-07-08,deposit,1445.1,EUR,,pending
TXN00002156,ACCT000115,2024-07-08,refund,24.46,EUR,MERCH0010,posted
TXN00002311,ACCT000123,2024-07-08,withdrawal,-247.62,GBP,,posted
TXN00002883,ACCT000147,2024-07-08,withdrawal,-326.75,USD,,posted
TXN00003766,ACCT000198,2024-07-08,deposit,1609.88,GBP,,posted
TXN00004024,ACCT000215,2024-07-08,purchase,-135.59,USD,MERCH0004,posted
TXN00004520,ACCT000242,2024-07-08,withdrawal,-349.82,USD,,posted
TXN00005172,ACCT000280,2024-07-08,transfer,-549.67,USD,,posted
TXN00005257,ACCT000283,2024-07-08,purchase,-445.71,USD,MERCH0010,failed
TXN00005415,ACCT000292,2024-07-08,purchase,-418.95,USD,MERCH0010,posted
TXN00000152,ACCT000009,2024-07-09,purchase,-303.98,EUR,MERCH0009,posted
TXN00000578,ACCT000036,2024-07-09,refund,68.06,EUR,MERCH0001,posted
TXN00001391,ACCT000079,2024-07-09,purchase,-221.41,EUR,MERCH0010,posted
TXN00002606,ACCT000134,2024-07-09,fee,-2.52,GBP,,posted
TXN00002795,ACCT000144,2024-07-09,purchase,-189.62,EUR,MERCH0005,posted
TXN00002814,ACCT000145,2024-07-09,refund,154.16,EUR,MERCH0006,posted
TXN00002963,ACCT000152,2024-07-09,deposit,2343.33,USD,,posted
TXN00003544,ACCT000184,2024-07-09,withdrawal,-437.38,GBP,,posted
TXN00003605,ACCT000186,2024-07-09,purchase,-220.02,USD,MERCH0007,posted
TXN00004205,ACCT000226,2024-07-09,deposit,3023.87,USD,,posted
TXN00004516,ACCT000242,2024-07-09,refund,22.4,USD,MERCH0009,posted
TXN00004554,ACCT000243,2024-07-09,purchase,-122.89,EUR,MERCH0005,pending
TXN00004862,ACCT000261,2024-07-09,purchase,-170.16,EUR,MERCH0003,pending
TXN00005306,ACCT000286,2024-07-09,refund,19.35,EUR,MERCH0001,posted
TXN00005393,ACCT000291,2024-07-09,purchase,-68.86,USD,MERCH0003,posted
TXN00006031,ACCT000323,2024-07-09,fee,-2.26,USD,,posted
TXN00000403,ACCT000024,2024-07-10,fee,-32.14,USD,,posted
TXN00000566,ACCT000035,2024-07-10,deposit,2088.09,USD,,pending
TXN00001354,ACCT000077,2024-07-10,transfer,1954.42,USD,,posted
TXN00001467,ACCT000083,2024-07-10,refund,185.36,EUR,MERCH0007,posted
TXN00001468,ACCT000083,2024-07-10,fee,-17.64,EUR,,failed
TXN00002139,ACCT000113,2024-07-10,transfer,446.92,USD,,failed
TXN00002255,ACCT000121,2024-07-10,purchase,-74.22,EUR,MERCH0008,posted
TXN00002461,ACCT000129,2024-07-10,refund,180.21,GBP,MERCH0008,posted
TXN00002694,ACCT000138,2024-07-10,purchase,-258.64,USD,MERCH0003,posted
TXN00002835,ACCT000146,2024-07-10,deposit,1553.74,GBP,,pending
TXN00002863,ACCT000146,2024-07-10,withdrawal,-392.75,GBP,,failed
TXN00003484,ACCT000180,2024-07-10,refund,112.83,USD,MERCH0004,posted
TXN00003785,ACCT000198,2024-07-10,transfer,-110.5,GBP,,posted
TXN00004197,ACCT000225,2024-07-10,purchase,-423.18,EUR,MERCH0005,posted
TXN00004907,ACCT000263,2024-07-10,refund,155.08,GBP,MERCH0001,posted
TXN00005995,ACCT000322,2024-07-10,transfer,-323.29,EUR,,failed
TXN00000898,ACCT000055,2024-07-11,deposit,413.97,EUR,,pending
TXN00001417,ACCT000080,2024-07-11,purchase,-274.32,USD,MERCH0001,posted
TXN00001496,ACCT000084,2024-07-11,withdrawal,-747.06,USD,,posted
TXN00001531,ACCT000085,2024-07-11,purchase,-71.26,EUR,MERCH0006,failed
TXN00001830,ACCT000098,2024-07-11,transfer,1620.93,GBP,,posted
TXN00002113,ACCT000112,2024-07-11,deposit,3383.07,EUR,,posted
TXN00002166,ACCT000116,2024-07-11,purchase,-75.46,USD,MERCH0001,failed
TXN00002516,ACCT000131,2024-07-11,fee,-2.43,EUR,,posted
TXN00002957,ACCT000152,2024-07-11,withdrawal,-311.43,USD,,posted
TXN00003193,ACCT000166,2024-07-11,purchase,-322.29,USD,MERCH0009,failed
TXN00003264,ACCT000169,2024-07-11,withdrawal,-667.62,USD,,failed
TXN00003608,ACCT000186,2024-07-11,fee,-24.2,USD,,posted
TXN00004898,ACCT000263,2024-07-11,withdrawal,-590.9,GBP,,posted
TXN00000005,ACCT000001,2024-07-12,refund,128.44,USD,MERCH0001,failed
TXN00000213,ACCT000012,2024-07-12,withdrawal,-592.52,USD,,posted
TXN00000472,ACCT000028,2024-07-12,fee,-5.5,GBP,,posted
TXN00001035,ACCT000061,2024-07-12,transfer,654.56,GBP,,posted
TXN00001044,ACCT000062,2024-07-12,fee,-11.96,EUR,,posted
TXN00001823,ACCT000097,2024-07-12,withdrawal,-534.22,USD,,posted
TXN00003416,ACCT000178,2024-07-12,purchase,-235.26,USD,MERCH0002,posted
TXN00003794,ACCT000199,2024-07-12,purchase,-149.66,GBP,MERCH0006,posted
TXN00004289,ACCT000230,2024-07-12,fee,-1.16,USD,,posted
TXN00004444,ACCT000239,2024-07-12,purchase,-70.41,USD,MERCH0002,posted
TXN00004506,ACCT000241,2024-07-12,refund,153.44,USD,MERCH0006,failed
TXN00005363,ACCT000290,2024-07-12,withdrawal,-524.75,USD,,posted
TXN00005492,ACCT000297,2024-07-12,purchase,-41.45,USD,MERCH0006,posted
TXN00006065,ACCT000324,2024-07-12,transfer,-378.11,EUR,,failed
TXN00006081,ACCT000325,2024-07-12,purchase,-169.81,USD,MERCH0010,posted
TXN00006154,ACCT000329,2024-07-12,withdrawal,-572.02,USD,,failed
TXN00000699,ACCT000043,2024-07-13,purchase,-266.87,GBP,MERCH0008,failed
TXN00000757,ACCT000048,2024-07-13,withdrawal,-130.41,USD,,failed
TXN00001636,ACCT000089,2024-07-13,fee,-18.85,USD,,failed
TXN00001872,ACCT000100,2024-07-13,withdrawal,-564.96,USD,,posted
TXN00002063,ACCT000109,2024-07-13,purchase,-97.53,EUR,MERCH0010,posted
TXN00003311,ACCT000173,2024-07-13,purchase,-338.4,GBP,MERCH0004,posted
TXN00003677,ACCT000193,2024-07-13,purchase,-409.79,USD,MERCH0001,pending
TXN00003796,ACCT000199,2024-07-13,transfer,277.42,GBP,,posted
TXN00004366,ACCT000235,2024-07-13,purchase,-226.59,USD,MERCH0001,posted
TXN00005653,ACCT000305,2024-07-13,purchase,-337.84,USD,MERCH0008,pending
TXN00005798,ACCT000313,2024-07-13,withdrawal,-272.88,EUR,,posted
TXN00006141,ACCT000328,2024-07-13,purchase,-33.25,USD,MERCH0007,pending
TXN00000581,ACCT000036,2024-07-14,purchase,-438.65,EUR,MERCH0002,failed
TXN00000791,ACCT000049,2024-07-14,fee,-13.97,EUR,,pending
TXN00001108,ACCT000064,2024-07-14,purchase,-385.78,GBP,MERCH0007,pending
TXN00001118,ACCT000064,2024-07-14,withdrawal,-782.47,GBP,,failed
TXN00001323,ACCT000074,2024-07-14,fee,-4.26,USD,,posted
TXN00001392,ACCT000079,2024-07-14,purchase,-129.87,EUR,MERCH0007,posted
TXN00001518,ACCT000084,2024-07-14,fee,-28.49,USD,,posted
TXN00001550,ACCT000086,2024-07-14,withdrawal,-513.22,GBP,,posted
TXN00001804,ACCT000097,2024-07-14,purchase,-385.79,USD,MERCH0004,posted
TXN00002469,ACCT000129,2024-07-14,fee,-13.74,GBP,,posted
TXN00002505,ACCT000131,2024-07-14,withdrawal,-108.01,EUR,,posted
TXN00003357,ACCT000176,2024-07-14,transfer,1147.0,USD,,posted
TXN00003508,ACCT000182,2024-07-14,refund,42.3,GBP,MERCH0005,posted
TXN00003927,ACCT000207,2024-07-14,purchase,-9.33,EUR,MERCH0002,posted
TXN00004014,ACCT000212,2024-07-14,purchase,-326.42,EUR,MERCH0003,posted
TXN00004079,ACCT000218,2024-07-14,deposit,4548.42,USD,,failed
TXN00004752,ACCT000253,2024-07-14,purchase,-152.3,USD,MERCH0005,pending
TXN00005233,ACCT000282,2024-07-14,purchase,-147.79,USD,MERCH0002,posted
TXN00005263,ACCT000283,2024-07-14,purchase,-13.08,USD,MERCH0008,posted
TXN00000399,ACCT000024,2024-07-15,transfer,601.28,USD,,pending
TXN00000775,ACCT000049,2024-07-15,purchase,-96.08,EUR,MERCH0006,failed
TXN00000793,ACCT000049,2024-07-15,transfer,325.45,EUR,,failed
TXN00000799,ACCT000050,2024-07-15,transfer,-387.87,USD,,pending
TXN00001029,ACCT000061,2024-07-15,refund,171.02,GBP,MERCH0006,posted
TXN00001114,ACCT000064,2024-07-15,fee,-26.03,GBP,,posted
TXN00001399,ACCT000079,2024-07-15,refund,42.74,EUR,MERCH0005,posted
TXN00001420,ACCT000080,2024-07-15,deposit,3586.34,USD,,failed
TXN00001659,ACCT000090,2024-07-15,fee,-14.63,USD,,posted
TXN00001711,ACCT000092,2024-07-15,purchase,-322.57,USD,MERCH0010,pending
TXN00002065,ACCT000109,2024-07-15,purchase,-343.89,EUR,MERCH0007,failed
TXN00002186,ACCT000117,2024-07-15,transfer,1933.98,USD,,failed
TXN00002325,ACCT000124,2024-07-15,fee,-34.12,USD,,posted
TXN00003303,ACCT000173,2024-07-15,purchase,-255.74,GBP,MERCH0003,pending
TXN00003351,ACCT000176,2024-07-15,purchase,-259.84,USD,MERCH0010,posted
TXN00003854,ACCT000203,2024-07-15,deposit,3517.11,EUR,,posted
TXN00004602,ACCT000246,2024-07-15,purchase,-349.37,USD,MERCH0010,posted
TXN00004795,ACCT000256,2024-07-15,withdrawal,-144.62,USD,,failed
TXN00005098,ACCT000275,2024-07-15,purchase,-252.35,EUR,MERCH0002,posted
TXN00005208,ACCT000282,2024-07-15,withdrawal,-462.38,USD,,posted
TXN00005690,ACCT000309,2024-07-15,transfer,-574.72,GBP,,posted
TXN00005855,ACCT000316,2024-07-15,purchase,-10.07,USD,MERCH0010,posted
TXN00000028,ACCT000003,2024-07-16,purchase,-187.97,EUR,MERCH0005,posted
TXN00000661,ACCT000040,2024-07-16,deposit,4899.97,GBP,,pending
TXN00001271,ACCT000071,2024-07-16,purchase,-30.1,GBP,MERCH0005,posted
TXN00001470,ACCT000083,2024-07-16,purchase,-344.04,EUR,MERCH0004,posted
TXN00001472,ACCT000083,2024-07-16,fee,-26.01,EUR,,posted
TXN00001693,ACCT000091,2024-07-16,purchase,-295.95,EUR,MERCH0006,posted
TXN00001884,ACCT000101,2024-07-16,refund,104.15,USD,MERCH0010,posted
TXN00002044,ACCT000109,2024-07-16,withdrawal,-302.12,EUR,,failed
TXN00002192,ACCT000117,2024-07-16,refund,64.42,USD,MERCH0006,pending
TXN00002231,ACCT000120,2024-07-16,purchase,-257.21,USD,MERCH0009,failed
TXN00002338,ACCT000124,2024-07-16,purchase,-431.04,USD,MERCH0007,failed
TXN00002919,ACCT000149,2024-07-16,refund,48.74,USD,MERCH0004,posted
TXN00004283,ACCT000230,2024-07-16,fee,-9.14,USD,,posted
TXN00004731,ACCT000252,2024-07-16,fee,-33.43,USD,,posted
TXN00005068,ACCT000272,2024-07-16,withdrawal,-341.37,EUR,,posted
TXN00000278,ACCT000017,2024-07-17,purchase,-410.45,USD,MERCH0008,failed
TXN00000452,ACCT000028,2024-07-17,refund,176.67,GBP,MERCH0008,posted
TXN00000750,ACCT000047,2024-07-17,purchase,-142.01,EUR,MERCH0001,posted
TXN00001523,ACCT000085,2024-07-17,fee,-11.87,EUR,,posted
TXN00002267,ACCT000121,2024-07-17,refund,54.42,EUR,MERCH0001,posted
TXN00002358,ACCT000125,2024-07-17,purchase,-384.12,EUR,MERCH0010,posted
TXN00002568,ACCT000133,2024-07-17,fee,-13.96,USD,,posted
TXN00002701,ACCT000138,2024-07-17,transfer,-962.57,USD,,posted
TXN00003450,ACCT000179,2024-07-17,purchase,-385.27,USD,MERCH0010,pending
TXN00003543,ACCT000184,2024-07-17,purchase,-436.82,GBP,MERCH0002,posted
TXN00004187,ACCT000225,2024-07-17,withdrawal,-95.73,EUR,,posted
TXN00004497,ACCT000241,2024-07-17,purchase,-217.71,USD,MERCH0001,posted
TXN00005047,ACCT000271,2024-07-17,deposit,1158.32,USD,,failed
TXN00005684,ACCT000308,2024-07-17,refund,45.64,USD,MERCH0001,pending
TXN00001032,ACCT000061,2024-07-18,refund,115.06,GBP,MERCH0002,posted
TXN00001076,ACCT000063,2024-07-18,deposit,4680.73,EUR,,posted
TXN00001783,ACCT000095,2024-07-18,transfer,973.62,GBP,,pending
TXN00001786,ACCT000095,2024-07-18,purchase,-278.58,GBP,MERCH0010,posted
TXN00001972,ACCT000106,2024-07-18,purchase,-296.2,EUR,MERCH0003,posted
TXN00002584,ACCT000134,2024-07-18,refund,134.73,GBP,MERCH0002,posted
TXN00003051,ACCT000157,2024-07-18,transfer,-1099.23,USD,,posted
TXN00003467,ACCT000180,2024-07-18,fee,-13.93,USD,,posted
TXN00003475,ACCT000180,2024-07-18,transfer,1448.72,USD,,posted
TXN00003941,ACCT000207,2024-07-18,deposit,4173.92,EUR,,failed
TXN00004185,ACCT000225,2024-07-18,fee,-4.46,EUR,,pending
TXN00004493,ACCT000241,2024-07-18,refund,16.06,USD,MERCH0006,pending
TXN00004634,ACCT000247,2024-07-18,purchase,-241.38,EUR,MERCH0002,posted
TXN00004925,ACCT000265,2024-07-18,purchase,-147.65,GBP,MERCH0008,pending
TXN00005071,ACCT000272,2024-07-18,purchase,-196.11,EUR,MERCH0002,posted
TXN00005782,ACCT000313,2024-07-18,transfer,290.02,EUR,,pending
TXN00000215,ACCT000012,2024-07-19,purchase,-272.27,USD,MERCH0003,pending
TXN00000938,ACCT000056,2024-07-19,transfer,1165.84,EUR,,failed
TXN00001178,ACCT000067,2024-07-19,purchase,-6.52,EUR,MERCH0006,failed
TXN00001413,ACCT000080,2024-07-19,fee,-2.28,USD,,posted
TXN00001732,ACCT000092,2024-07-19,purchase,-273.47,USD,MERCH0009,posted
TXN00001817,ACCT000097,2024-07-19,withdrawal,-673.12,USD,,posted
TXN00001828,ACCT000098,2024-07-19,purchase,-358.56,GBP,MERCH0008,posted
TXN00002130,ACCT000113,2024-07-19,refund,81.54,USD,MERCH0007,posted
TXN00002321,ACCT000124,2024-07-19,deposit,4302.33,USD,,posted
TXN00002789,ACCT000144,2024-07-19,purchase,-217.64,EUR,MERCH0008,pending
TXN00002878,ACCT000147,2024-07-19,refund,167.77,USD,MERCH0010,posted
TXN00003551,ACCT000184,2024-07-19,fee,-4.11,GBP,,failed
TXN00003850,ACCT000203,2024-07-19,purchase,-256.67,EUR,MERCH0003,posted
TXN00004336,ACCT000233,2024-07-19,fee,-25.53,USD,,posted
TXN00004455,ACCT000240,2024-07-19,purchase,-446.85,USD,MERCH0002,posted
TXN00005675,ACCT000308,2024-07-19,fee,-6.98,USD,,posted
TXN00006157,ACCT000329,2024-07-19,transfer,-1205.6,USD,,posted
TXN00000170,ACCT000010,2024-07-20,transfer,916.46,EUR,,posted
TXN00000670,ACCT000040,2024-07-20,purchase,-329.26,GBP,MERCH0002,pending
TXN00001162,ACCT000066,2024-07-20,purchase,-189.06,GBP,MERCH0002,failed
TXN00001558,ACCT000086,2024-07-20,refund,105.22,GBP,MERCH0002,pending
TXN00002154,ACCT000115,2024-07-20,transfer,-915.5,EUR,,pending
TXN00002677,ACCT000138,2024-07-20,purchase,-446.82,USD,MERCH0002,failed
TXN00003879,ACCT000205,2024-07-20,fee,-32.66,EUR,,pending
TXN00004530,ACCT000242,2024-07-20,fee,-34.36,USD,,posted
TXN00004539,ACCT000242,2024-07-20,deposit,923.01,USD,,failed
TXN00005090,ACCT000273,2024-07-20,withdrawal,-673.47,USD,,failed
TXN00005102,ACCT000275,2024-07-20,deposit,1425.53,EUR,,posted
TXN00005801,ACCT000313,2024-07-20,purchase,-405.85,EUR,MERCH0005,pending
TXN00005943,ACCT000320,2024-07-20,refund,162.14,USD,MERCH0001,posted
TXN00000187,ACCT000010,2024-07-21,refund,78.4,EUR,MERCH0001,posted
TXN00000209,ACCT000011,2024-07-21,purchase,-137.89,GBP,MERCH0006,posted
TXN00000377,ACCT000023,2024-07-21,fee,-28.48,USD,,pending
TXN00000380,ACCT000023,2024-07-21,withdrawal,-134.21,USD,,posted
TXN00000500,ACCT000032,2024-07-21,fee,-20.93,USD,,pending
TXN00001167,ACCT000067,2024-07-21,purchase,-79.77,EUR,MERCH0001,posted
TXN00001237,ACCT000069,2024-07-21,withdrawal,-475.76,USD,,failed
TXN00001301,ACCT000073,2024-07-21,purchase,-257.39,USD,MERCH0005,posted
TXN00001676,ACCT000090,2024-07-21,purchase,-106.58,USD,MERCH0008,failed
TXN00002037,ACCT000109,2024-07-21,purchase,-176.49,EUR,MERCH0009,failed
TXN00002138,ACCT000113,2024-07-21,deposit,1486.43,USD,,posted
TXN00002443,ACCT000129,2024-07-21,transfer,1676.34,GBP,,posted
TXN00002559,ACCT000133,2024-07-21,deposit,3325.91,USD,,posted
TXN00002877,ACCT000147,2024-07-21,purchase,-303.23,USD,MERCH0004,posted
TXN00002999,ACCT000154,2024-07-21,deposit,2056.32,USD,,posted
TXN00003574,ACCT000185,2024-07-21,refund,198.15,USD,MERCH0003,pending
TXN00003594,ACCT000186,2024-07-21,refund,186.27,USD,MERCH0005,posted
TXN00003627,ACCT000189,2024-07-21,refund,198.35,USD,MERCH0008,posted
TXN00004161,ACCT000224,2024-07-21,fee,-15.38,EUR,,posted
TXN00004686,ACCT000250,2024-07-21,fee,-3.8,GBP,,posted
TXN00004915,ACCT000264,2024-07-21,refund,124.61,EUR,MERCH0007,pending
TXN00005060,ACCT000272,2024-07-21,purchase,-399.83,EUR,MERCH0005,posted
TXN00005992,ACCT000321,2024-07-21,purchase,-253.85,EUR,MERCH0008,posted
TXN00000002,ACCT000001,2024-07-22,purchase,-431.81,USD,MERCH0006,posted
TXN00000012,ACCT000001,2024-07-22,purchase,-75.62,USD,MERCH0005,posted
TXN00000552,ACCT000034,2024-07-22,purchase,-120.32,USD,MERCH0002,posted
TXN00001378,ACCT000078,2024-07-22,deposit,1173.29,USD,,failed
TXN00001483,ACCT000083,2024-07-22,withdrawal,-25.01,EUR,,posted
TXN00001547,ACCT000086,2024-07-22,refund,138.53,GBP,MERCH0005,posted
TXN00003238,ACCT000168,2024-07-22,refund,168.1,USD,MERCH0006,pending
TXN00003319,ACCT000173,2024-07-22,refund,24.33,GBP,MERCH0009,posted
TXN00003452,ACCT000180,2024-07-22,purchase,-351.19,USD,MERCH0001,failed
TXN00003457,ACCT000180,2024-07-22,refund,122.91,USD,MERCH0002,posted
TXN00004268,ACCT000228,2024-07-22,transfer,-270.54,EUR,,posted
TXN00004569,ACCT000243,2024-07-22,transfer,140.51,EUR,,posted
TXN00004902,ACCT000263,2024-07-22,fee,-33.79,GBP,,posted
TXN00005199,ACCT000281,2024-07-22,deposit,2981.16,EUR,,posted
TXN00005519,ACCT000298,2024-07-22,purchase,-245.58,GBP,MERCH0009,posted
TXN00005522,ACCT000298,2024-07-22,purchase,-416.17,GBP,MERCH0008,posted
TXN00005629,ACCT000304,2024-07-22,purchase,-200.87,GBP,MERCH0006,failed
TXN00005991,ACCT000321,2024-07-22,refund,55.6,EUR,MERCH0009,failed
TXN00000337,ACCT000021,2024-07-23,refund,167.63,GBP,MERCH0005,failed
TXN00000374,ACCT000023,2024-07-23,transfer,-1963.04,USD,,failed
TXN00000512,ACCT000032,2024-07-23,transfer,-1118.01,USD,,posted
TXN00000925,ACCT000056,2024-07-23,purchase,-332.61,EUR,MERCH0008,pending
TXN00001019,ACCT000061,2024-07-23,transfer,1340.02,GBP,,posted
TXN00001499,ACCT000084,2024-07-23,fee,-21.77,USD,,posted
TXN00002242,ACCT000121,2024-07-23,refund,52.76,EUR,MERCH0004,posted
TXN00002259,ACCT000121,2024-07-23,transfer,1643.19,EUR,,failed
TXN00002436,ACCT000128,2024-07-23,deposit,1067.88,GBP,,posted
TXN00003481,ACCT000180,2024-07-23,purchase,-423.86,USD,MERCH0005,failed
TXN00003949,ACCT000207,2024-07-23,deposit,2876.01,EUR,,failed
TXN00004334,ACCT000233,2024-07-23,refund,14.05,USD,MERCH0003,posted
TXN00004562,ACCT000243,2024-07-23,deposit,2255.96,EUR,,posted
TXN00005164,ACCT000279,2024-07-23,withdrawal,-622.56,USD,,posted
TXN00005311,ACCT000287,2024-07-23,purchase,-382.45,EUR,MERCH0010,posted
TXN00005639,ACCT000305,2024-07-23,refund,12.3,USD,MERCH0007,failed
TXN00005978,ACCT000321,2024-07-23,fee,-34.55,EUR,,posted
TXN00000154,ACCT000009,2024-07-24,purchase,-390.12,EUR,MERCH0008,posted
TXN00000360,ACCT000023,2024-07-24,transfer,-110.64,USD,,posted
TXN00001501,ACCT000084,2024-07-24,purchase,-272.05,USD,MERCH0001,pending
TXN00002318,ACCT000124,2024-07-24,fee,-12.97,USD,,posted
TXN00003347,ACCT000176,2024-07-24,refund,97.09,USD,MERCH0007,pending
TXN00003876,ACCT000205,2024-07-24,withdrawal,-582.96,EUR,,failed
TXN00003948,ACCT000207,2024-07-24,purchase,-353.69,EUR,MERCH0009,failed
TXN00004269,ACCT000228,2024-07-24,purchase,-260.33,EUR,MERCH0002,pending
TXN00004801,ACCT000256,2024-07-24,purchase,-423.25,USD,MERCH0010,pending
TXN00005259,ACCT000283,2024-07-24,deposit,1859.82,USD,,pending
TXN00005669,ACCT000307,2024-07-24,fee,-32.4,GBP,,posted
TXN00000371,ACCT000023,2024-07-25,refund,30.22,USD,MERCH0003,pending
TXN00000787,ACCT000049,2024-07-25,purchase,-30.9,EUR,MERCH0005,pending
TXN00001386,ACCT000078,2024-07-25,withdrawal,-274.34,USD,,posted
TXN00001407,ACCT000079,2024-07-25,purchase,-397.5,EUR,MERCH0005,pending
TXN00001546,ACCT000086,2024-07-25,deposit,218.26,GBP,,posted
TXN00001683,ACCT000090,2024-07-25,purchase,-64.37,USD,MERCH0009,posted
TXN00001815,ACCT000097,2024-07-25,transfer,-886.06,USD,,posted
TXN00002159,ACCT000115,2024-07-25,refund,145.44,EUR,MERCH0009,pending
TXN00002592,ACCT000134,2024-07-25,fee,-13.82,GBP,,posted
TXN00002834,ACCT000146,2024-07-25,purchase,-137.2,GBP,MERCH0010,posted
TXN00002952,ACCT000152,2024-07-25,refund,72.73,USD,MERCH0009,pending
TXN00003263,ACCT000169,2024-07-25,fee,-27.07,USD,,pending
TXN00003419,ACCT000178,2024-07-25,purchase,-82.09,USD,MERCH0008,posted
TXN00004139,ACCT000222,2024-07-25,purchase,-206.33,USD,MERCH0007,posted
TXN00004371,ACCT000235,2024-07-25,deposit,1995.54,USD,,failed
TXN00004555,ACCT000243,2024-07-25,deposit,210.29,EUR,,posted
TXN00005149,ACCT000278,2024-07-25,fee,-17.33,USD,,posted
TXN00005297,ACCT000286,2024-07-25,purchase,-367.0,EUR,MERCH0006,pending
TXN00005426,ACCT000293,2024-07-25,transfer,578.03,GBP,,posted
TXN00005465,ACCT000294,2024-07-25,refund,61.31,GBP,MERCH0007,pending
TXN00005965,ACCT000320,2024-07-25,refund,120.97,USD,MERCH0009,posted
TXN00005982,ACCT000321,2024-07-25,purchase,-63.81,EUR,MERCH0008,failed
TXN00000545,ACCT000033,2024-07-26,purchase,-75.41,EUR,MERCH0002,posted
TXN00001063,ACCT000063,2024-07-26,deposit,612.11,EUR,,posted
TXN00001220,ACCT000069,2024-07-26,deposit,4410.82,USD,,posted
TXN00001734,ACCT000093,2024-07-26,fee,-6.6,USD,,posted
TXN00002057,ACCT000109,2024-07-26,deposit,1060.01,EUR,,pending
TXN00002270,ACCT000122,2024-07-26,purchase,-145.6,USD,MERCH0003,pending
TXN00002537,ACCT000132,2024-07-26,withdrawal,-133.7,USD,,posted
TXN00002990,ACCT000153,2024-07-26,purchase,-137.25,USD,MERCH0010,posted
TXN00003092,ACCT000158,2024-07-26,purchase,-73.99,EUR,MERCH0005,pending
TXN00003224,ACCT000167,2024-07-26,transfer,-97.64,GBP,,posted
TXN00003294,ACCT000172,2024-07-26,purchase,-284.55,USD,MERCH0005,posted
TXN00003615,ACCT000189,2024-07-26,fee,-27.63,USD,,failed
TXN00003939,ACCT000207,2024-07-26,purchase,-84.82,EUR,MERCH0007,pending
TXN00004260,ACCT000228,2024-07-26,deposit,2664.41,EUR,,posted
TXN00004363,ACCT000235,2024-07-26,withdrawal,-591.36,USD,,pending
TXN00004848,ACCT000261,2024-07-26,withdrawal,-451.76,EUR,,pending
TXN00004903,ACCT000263,2024-07-26,deposit,2176.94,GBP,,posted
TXN00005822,ACCT000315,2024-07-26,refund,168.13,EUR,MERCH0004,posted
TXN00001273,ACCT000071,2024-07-27,deposit,4572.99,GBP,,posted
TXN00002152,ACCT000115,2024-07-27,withdrawal,-397.01,EUR,,failed
TXN00002880,ACCT000147,2024-07-27,purchase,-270.74,USD,MERCH0004,posted
TXN00002954,ACCT000152,2024-07-27,purchase,-386.49,USD,MERCH0009,posted
TXN00003081,ACCT000158,2024-07-27,purchase,-441.62,EUR,MERCH0001,posted
TXN00003244,ACCT000168,2024-07-27,purchase,-284.82,USD,MERCH0006,posted
TXN00003278,ACCT000170,2024-07-27,purchase,-406.31,EUR,MERCH0003,pending
TXN00003283,ACCT000170,2024-07-27,purchase,-9.68,EUR,MERCH0004,posted
TXN00004350,ACCT000234,2024-07-27,purchase,-371.8,EUR,MERCH0003,posted
TXN00005271,ACCT000285,2024-07-27,purchase,-227.17,EUR,MERCH0004,posted
TXN00005357,ACCT000289,2024-07-27,purchase,-29.76,EUR,MERCH0010,posted
TXN00005487,ACCT000295,2024-07-27,fee,-13.41,USD,,pending
TXN00005704,ACCT000309,2024-07-27,deposit,4154.0,GBP,,posted
TXN00006150,ACCT000328,2024-07-27,purchase,-93.17,USD,MERCH0005,posted
TXN00000686,ACCT000041,2024-07-28,purchase,-427.74,USD,MERCH0005,posted
TXN00000822,ACCT000051,2024-07-28,purchase,-181.24,USD,MERCH0008,posted
TXN00001368,ACCT000078,2024-07-28,transfer,647.7,USD,,posted
TXN00002920,ACCT000149,2024-07-28,refund,32.63,USD,MERCH0008,posted
TXN00003022,ACCT000154,2024-07-28,purchase,-329.03,USD,MERCH0009,posted
TXN00003520,ACCT000182,2024-07-28,purchase,-358.41,GBP,MERCH0002,posted
TXN00003630,ACCT000190,2024-07-28,withdrawal,-685.14,EUR,,failed
TXN00004002,ACCT000212,2024-07-28,withdrawal,-33.4,EUR,,failed
TXN00004358,ACCT000235,2024-07-28,purchase,-272.4,USD,MERCH0008,posted
TXN00004987,ACCT000267,2024-07-28,deposit,275.63,GBP,,pending
TXN00005290,ACCT000286,2024-07-28,refund,147.35,EUR,MERCH0005,failed
TXN00005520,ACCT000298,2024-07-28,deposit,2190.59,GBP,,pending
TXN00005811,ACCT000314,2024-07-28,purchase,-199.36,USD,MERCH0003,pending
TXN00005941,ACCT000320,2024-07-28,refund,129.0,USD,MERCH0004,pending
TXN00000191,ACCT000010,2024-07-29,refund,20.28,EUR,MERCH0001,posted
TXN00000343,ACCT000022,2024-07-29,refund,15.48,USD,MERCH0001,failed
TXN00000382,ACCT000024,2024-07-29,refund,124.37,USD,MERCH0002,failed
TXN00000801,ACCT000050,2024-07-29,transfer,-1956.9,USD,,pending
TXN00001481,ACCT000083,2024-07-29,purchase,-287.37,EUR,MERCH0002,posted
TXN00001803,ACCT000096,2024-07-29,fee,-8.2,USD,,posted
TXN00003101,ACCT000159,2024-07-29,withdrawal,-230.1,USD,,pending
TXN00003569,ACCT000184,2024-07-29,purchase,-66.63,GBP,MERCH0007,posted
TXN00004300,ACCT000231,2024-07-29,purchase,-224.4,USD,MERCH0007,posted
TXN00004667,ACCT000249,2024-07-29,purchase,-280.02,GBP,MERCH0008,pending
TXN00004772,ACCT000255,2024-07-29,withdrawal,-462.22,EUR,,posted
TXN00004944,ACCT000266,2024-07-29,purchase,-259.43,USD,MERCH0005,posted
TXN00005037,ACCT000271,2024-07-29,deposit,2649.36,USD,,posted
TXN00005743,ACCT000310,2024-07-29,deposit,964.9,GBP,,posted
TXN00005844,ACCT000316,2024-07-29,fee,-34.45,USD,,failed
TXN00000356,ACCT000023,2024-07-30,deposit,3290.25,USD,,posted
TXN00001159,ACCT000066,2024-07-30,purchase,-298.4,GBP,MERCH0008,pending
TXN00001210,ACCT000068,2024-07-30,fee,-31.53,EUR,,pending
TXN00001268,ACCT000071,2024-07-30,transfer,763.52,GBP,,posted
TXN00002227,ACCT000120,2024-07-30,deposit,4184.61,USD,,posted
TXN00002655,ACCT000137,2024-07-30,purchase,-100.08,USD,MERCH0004,pending
TXN00003591,ACCT000185,2024-07-30,purchase,-378.36,USD,MERCH0004,pending
TXN00003995,ACCT000212,2024-07-30,fee,-9.43,EUR,,posted
TXN00004011,ACCT000212,2024-07-30,transfer,955.78,EUR,,pending
TXN00004364,ACCT000235,2024-07-30,withdrawal,-393.6,USD,,posted
TXN00004558,ACCT000243,2024-07-30,purchase,-448.61,EUR,MERCH0002,posted
TXN00005051,ACCT000271,2024-07-30,deposit,4982.89,USD,,posted
TXN00005137,ACCT000277,2024-07-30,purchase,-425.54,GBP,MERCH0002,posted
TXN00005188,ACCT000281,2024-07-30,purchase,-329.64,EUR,MERCH0007,posted
TXN00005373,ACCT000291,2024-07-30,transfer,-1767.12,USD,,posted
TXN00005435,ACCT000293,2024-07-30,purchase,-391.79,GBP,MERCH0008,failed
TXN00005945,ACCT000320,2024-07-30,transfer,1383.76,USD,,posted
TXN00006050,ACCT000324,2024-07-30,refund,190.29,EUR,MERCH0002,posted
TXN00001123,ACCT000065,2024-07-31,fee,-10.62,USD,,posted
TXN00002545,ACCT000132,2024-07-31,deposit,2091.0,USD,,pending
TXN00002997,ACCT000154,2024-07-31,refund,68.76,USD,MERCH0001,posted
TXN00003846,ACCT000203,2024-07-31,purchase,-136.45,EUR,MERCH0008,pending
TXN00003892,ACCT000205,2024-07-31,purchase,-350.21,EUR,MERCH0005,posted
TXN00004265,ACCT000228,2024-07-31,transfer,312.66,EUR,,posted
TXN00004730,ACCT000252,2024-07-31,refund,172.43,USD,MERCH0009,posted
TXN00005099,ACCT000275,2024-07-31,fee,-16.38,EUR,,posted
TXN00005364,ACCT000290,2024-07-31,deposit,4562.49,USD,,posted
TXN00005804,ACCT000314,2024-07-31,purchase,-27.9,USD,MERCH0006,failed
TXN00006056,ACCT000324,2024-07-31,deposit,4489.79,EUR,,posted
TXN00000151,ACCT000009,2024-08-01,transfer,1655.47,EUR,,pending
TXN00000340,ACCT000022,2024-08-01,refund,136.64,USD,MERCH0010,posted
TXN00000487,ACCT000030,2024-08-01,withdrawal,-470.57,GBP,,failed
TXN00000635,ACCT000039,2024-08-01,purchase,-337.21,USD,MERCH0004,pending
TXN00001382,ACCT000078,2024-08-01,deposit,2221.47,USD,,pending
TXN00001416,ACCT000080,2024-08-01,refund,95.75,USD,MERCH0003,posted
TXN00001485,ACCT000083,2024-08-01,fee,-23.25,EUR,,failed
TXN00001965,ACCT000105,2024-08-01,fee,-14.12,USD,,posted
TXN00002215,ACCT000118,2024-08-01,purchase,-89.24,GBP,MERCH0002,pending
TXN00002680,ACCT000138,2024-08-01,purchase,-383.51,USD,MERCH0006,posted
TXN00003032,ACCT000156,2024-08-01,purchase,-285.3,USD,MERCH0001,failed
TXN00003047,ACCT000157,2024-08-01,purchase,-391.24,USD,MERCH0009,failed
TXN00003586,ACCT000185,2024-08-01,fee,-29.73,USD,,posted
TXN00003853,ACCT000203,2024-08-01,fee,-16.66,EUR,,posted
TXN00004107,ACCT000219,2024-08-01,refund,61.7,GBP,MERCH0007,posted
TXN00004132,ACCT000222,2024-08-01,purchase,-345.99,USD,MERCH0010,posted
TXN00004532,ACCT000242,2024-08-01,fee,-9.52,USD,,posted
TXN00005225,ACCT000282,2024-08-01,fee,-32.48,USD,,posted
TXN00005389,ACCT000291,2024-08-01,refund,120.66,USD,MERCH0003,posted
TXN00005506,ACCT000298,2024-08-01,fee,-6.79,GBP,,failed
TXN00005820,ACCT000315,2024-08-01,purchase,-102.39,EUR,MERCH0004,posted
TXN00000163,ACCT000009,2024-08-02,refund,194.59,EUR,MERCH0001,posted
TXN00000221,ACCT000012,2024-08-02,purchase,-223.41,USD,MERCH0007,posted
TXN00000323,ACCT000020,2024-08-02,purchase,-324.29,EUR,MERCH0009,posted
TXN00001110,ACCT000064,2024-08-02,purchase,-357.23,GBP,MERCH0007,posted
TXN00002118,ACCT000112,2024-08-02,withdrawal,-498.44,EUR,,failed
TXN00002170,ACCT000116,2024-08-02,fee,-1.31,USD,,posted
TXN00002319,ACCT000124,2024-08-02,withdrawal,-269.13,USD,,posted
TXN00002512,ACCT000131,2024-08-02,withdrawal,-786.81,EUR,,posted
TXN00002720,ACCT000139,2024-08-02,purchase,-355.35,USD,MERCH0003,posted
TXN00003016,ACCT000154,2024-08-02,deposit,3981.57,USD,,posted
TXN00003323,ACCT000175,2024-08-02,purchase,-247.12,USD,MERCH0010,failed
TXN00003557,ACCT000184,2024-08-02,deposit,3581.24,GBP,,posted
TXN00003562,ACCT000184,2024-08-02,purchase,-262.72,GBP,MERCH0008,failed
TXN00004576,ACCT000243,2024-08-02,refund,130.24,EUR,MERCH0007,posted
TXN00004581,ACCT000244,2024-08-02,refund,151.45,USD,MERCH0006,posted
TXN00004676,ACCT000250,2024-08-02,purchase,-310.63,GBP,MERCH0005,posted
TXN00004716,ACCT000252,2024-08-02,transfer,-1549.78,USD,,posted
TXN00005184,ACCT000281,2024-08-02,deposit,3737.49,EUR,,pending
TXN00005217,ACCT000282,2024-08-02,refund,191.53,USD,MERCH0004,posted
TXN00005308,ACCT000287,2024-08-02,purchase,-265.72,EUR,MERCH0005,pending
TXN00005355,ACCT000289,2024-08-02,purchase,-14.85,EUR,MERCH0003,pending
TXN00005413,ACCT000292,2024-08-02,withdrawal,-463.24,USD,,posted
TXN00005610,ACCT000303,2024-08-02,refund,136.31,EUR,MERCH0004,posted
TXN00005780,ACCT000313,2024-08-02,refund,67.64,EUR,MERCH0007,posted
TXN00006135,ACCT000328,2024-08-02,transfer,316.72,USD,,pending
TXN00006149,ACCT000328,2024-08-02,purchase,-298.33,USD,MERCH0003,posted
TXN00000129,ACCT000008,2024-08-03,transfer,-1530.2,GBP,,posted
TXN00001209,ACCT000068,2024-08-03,deposit,733.07,EUR,,posted
TXN00001425,ACCT000081,2024-08-03,purchase,-153.69,GBP,MERCH0001,posted
TXN00001982,ACCT000106,2024-08-03,purchase,-276.52,EUR,MERCH0001,posted
TXN00002056,ACCT000109,2024-08-03,purchase,-201.38,EUR,MERCH0009,pending
TXN00002454,ACCT000129,2024-08-03,transfer,1251.39,GBP,,posted
TXN00004750,ACCT000253,2024-08-03,deposit,3378.96,USD,,posted
TXN00005050,ACCT000271,2024-08-03,refund,93.67,USD,MERCH0006,pending
TXN00005496,ACCT000298,2024-08-03,deposit,1937.88,GBP,,failed
TXN00005681,ACCT000308,2024-08-03,deposit,4441.52,USD,,posted
TXN00000373,ACCT000023,2024-08-04,deposit,1044.4,USD,,pending
TXN00000647,ACCT000039,2024-08-04,transfer,397.17,USD,,posted
TXN00001090,ACCT000064,2024-08-04,purchase,-315.22,GBP,MERCH0003,pending
TXN00001226,ACCT000069,2024-08-04,purchase,-379.19,USD,MERCH0001,posted
TXN00001238,ACCT000069,2024-08-04,refund,147.15,USD,MERCH0008,posted
TXN00001794,ACCT000096,2024-08-04,withdrawal,-411.63,USD,,posted
TXN00002608,ACCT000134,2024-08-04,withdrawal,-179.8,GBP,,failed
TXN00002839,ACCT000146,2024-08-04,transfer,1989.38,GBP,,posted
TXN00003028,ACCT000155,2024-08-04,transfer,-34.73,USD,,posted
TXN00003593,ACCT000186,2024-08-04,deposit,3509.46,USD,,pending
TXN00003809,ACCT000199,2024-08-04,withdrawal,-150.64,GBP,,posted
TXN00004126,ACCT000222,2024-08-04,fee,-1.71,USD,,failed
TXN00004148,ACCT000223,2024-08-04,transfer,-32.42,USD,,pending
TXN00004710,ACCT000252,2024-08-04,purchase,-389.35,USD,MERCH0009,failed
TXN00004821,ACCT000259,2024-08-04,purchase,-34.87,USD,MERCH0010,posted
TXN00005140,ACCT000277,2024-08-04,withdrawal,-120.52,GBP,,posted
TXN00005196,ACCT000281,2024-08-04,refund,181.06,EUR,MERCH0009,posted
TXN00005408,ACCT000292,2024-08-04,refund,78.06,USD,MERCH0010,pending
TXN00000949,ACCT000057,2024-08-05,transfer,958.34,EUR,,posted
TXN00001364,ACCT000077,2024-08-05,fee,-20.43,USD,,posted
TXN00001708,ACCT000092,2024-08-05,refund,121.54,USD,MERCH0007,failed
TXN00001719,ACCT000092,2024-08-05,transfer,-1408.78,USD,,failed
TXN00002260,ACCT000121,2024-08-05,fee,-19.16,EUR,,posted
TXN00002276,ACCT000122,2024-08-05,fee,-30.59,USD,,posted
TXN00003254,ACCT000168,2024-08-05,purchase,-97.25,USD,MERCH0010,pending
TXN00003631,ACCT000190,2024-08-05,purchase,-329.51,EUR,MERCH0003,posted
TXN00003655,ACCT000192,2024-08-05,transfer,-572.13,USD,,posted
TXN00004504,ACCT000241,2024-08-05,purchase,-144.43,USD,MERCH0001,posted
TXN00005059,ACCT000272,2024-08-05,deposit,568.12,EUR,,posted
TXN00005152,ACCT000278,2024-08-05,deposit,1068.74,USD,,failed
TXN00005231,ACCT000282,2024-08-05,purchase,-255.77,USD,MERCH0008,failed
TXN00005432,ACCT000293,2024-08-05,fee,-4.84,GBP,,pending
TXN00005603,ACCT000303,2024-08-05,purchase,-118.12,EUR,MERCH0009,posted
TXN00005787,ACCT000313,2024-08-05,refund,174.82,EUR,MERCH0001,posted
TXN00005905,ACCT000319,2024-08-05,purchase,-287.49,USD,MERCH0009,posted
TXN00006040,ACCT000323,2024-08-05,refund,136.34,USD,MERCH0007,posted
TXN00001157,ACCT000066,2024-08-06,withdrawal,-463.46,GBP,,pending
TXN00001462,ACCT000083,2024-08-06,purchase,-269.05,EUR,MERCH0005,posted
TXN00001479,ACCT000083,2024-08-06,withdrawal,-559.63,EUR,,pending
TXN00001635,ACCT000089,2024-08-06,purchase,-92.24,USD,MERCH0010,posted
TXN00001682,ACCT000090,2024-08-06,deposit,2302.37,USD,,failed
TXN00002104,ACCT000112,2024-08-06,refund,27.86,EUR,MERCH0009,posted
TXN00002355,ACCT000125,2024-08-06,withdrawal,-516.67,EUR,,posted
TXN00002506,ACCT000131,2024-08-06,purchase,-342.03,EUR,MERCH0008,posted
TXN00002740,ACCT000140,2024-08-06,transfer,-780.6,EUR,,posted
TXN00003284,ACCT000170,2024-08-06,purchase,-345.62,EUR,MERCH0003,pending
TXN00003987,ACCT000210,2024-08-06,purchase,-200.3,USD,MERCH0008,posted
TXN00004552,ACCT000243,2024-08-06,purchase,-50.65,EUR,MERCH0008,posted
TXN00004799,ACCT000256,2024-08-06,fee,-21.69,USD,,posted
TXN00005080,ACCT000272,2024-08-06,purchase,-158.09,EUR,MERCH0009,failed
TXN00005255,ACCT000283,2024-08-06,fee,-21.55,USD,,pending
TXN00005518,ACCT000298,2024-08-06,refund,103.29,GBP,MERCH0002,posted
TXN00005750,ACCT000311,2024-08-06,purchase,-189.19,USD,MERCH0006,posted
TXN00000908,ACCT000055,2024-08-07,deposit,1276.77,EUR,,posted
TXN00001010,ACCT000061,2024-08-07,deposit,4291.03,GBP,,posted
TXN00001393,ACCT000079,2024-08-07,purchase,-28.68,EUR,MERCH0008,pending
TXN00001408,ACCT000079,2024-08-07,purchase,-409.21,EUR,MERCH0004,posted
TXN00001430,ACCT000081,2024-08-07,purchase,-98.56,GBP,MERCH0004,posted
TXN00001814,ACCT000097,2024-08-07,purchase,-439.88,USD,MERCH0007,posted
TXN00003621,ACCT000189,2024-08-07,refund,64.19,USD,MERCH0008,posted
TXN00004451,ACCT000239,2024-08-07,deposit,1568.28,USD,,posted
TXN00004454,ACCT000240,2024-08-07,purchase,-184.1,USD,MERCH0007,posted
TXN00004575,ACCT000243,2024-08-07,purchase,-374.21,EUR,MERCH0003,failed
TXN00005187,ACCT000281,2024-08-07,deposit,3360.34,EUR,,posted
TXN00005353,ACCT000289,2024-08-07,fee,-25.19,EUR,,posted
TXN00005960,ACCT000320,2024-08-07,refund,152.84,USD,MERCH0006,failed
TXN00005998,ACCT000322,2024-08-07,withdrawal,-503.53,EUR,,posted
TXN00006071,ACCT000324,2024-08-07,withdrawal,-628.65,EUR,,pending
TXN00000369,ACCT000023,2024-08-08,fee,-15.23,USD,,pending
TXN00000646,ACCT000039,2024-08-08,transfer,-242.81,USD,,posted
TXN00000835,ACCT000052,2024-08-08,deposit,218.51,USD,,pending
TXN00001486,ACCT000083,2024-08-08,purchase,-170.47,EUR,MERCH0003,failed
TXN00001812,ACCT000097,2024-08-08,deposit,2800.91,USD,,posted
TXN00001931,ACCT000103,2024-08-08,transfer,-118.81,USD,,posted
TXN00002857,ACCT000146,2024-08-08,purchase,-404.27,GBP,MERCH0009,posted
TXN00003881,ACCT000205,2024-08-08,deposit,4534.43,EUR,,posted
TXN00004270,ACCT000228,2024-08-08,purchase,-431.46,EUR,MERCH0004,pending
TXN00004537,ACCT000242,2024-08-08,refund,13.27,USD,MERCH0010,failed
TXN00004633,ACCT000247,2024-08-08,purchase,-74.08,EUR,MERCH0009,posted
TXN00004805,ACCT000257,2024-08-08,transfer,322.81,USD,,failed
TXN00005377,ACCT000291,2024-08-08,refund,174.69,USD,MERCH0004,posted
TXN00005921,ACCT000319,2024-08-08,purchase,-120.18,USD,MERCH0003,posted
TXN00000020,ACCT000001,2024-08-09,purchase,-298.32,USD,MERCH0010,posted
TXN00000707,ACCT000043,2024-08-09,deposit,67.49,GBP,,posted
TXN00000790,ACCT000049,2024-08-09,fee,-22.26,EUR,,failed
TXN00000829,ACCT000052,2024-08-09,fee,-16.68,USD,,failed
TXN00001053,ACCT000062,2024-08-09,transfer,-840.34,EUR,,posted
TXN00001461,ACCT000083,2024-08-09,purchase,-11.86,EUR,MERCH0008,posted
TXN00001843,ACCT000099,2024-08-09,refund,120.48,USD,MERCH0007,posted
TXN00001964,ACCT000105,2024-08-09,purchase,-223.35,USD,MERCH0010,failed
TXN00002424,ACCT000128,2024-08-09,purchase,-259.91,GBP,MERCH0007,posted
TXN00002521,ACCT000131,2024-08-09,purchase,-256.42,EUR,MERCH0004,posted
TXN00003342,ACCT000175,2024-08-09,withdrawal,-415.74,USD,,posted
TXN00003900,ACCT000205,2024-08-09,refund,55.61,EUR,MERCH0005,failed
TXN00004567,ACCT000243,2024-08-09,deposit,4583.6,EUR,,posted
TXN00005146,ACCT000278,2024-08-09,transfer,1821.71,USD,,posted
TXN00005249,ACCT000283,2024-08-09,purchase,-32.69,USD,MERCH0007,pending
TXN00000762,ACCT000048,2024-08-10,fee,-7.09,USD,,pending
TXN00001352,ACCT000077,2024-08-10,purchase,-67.56,USD,MERCH0002,posted
TXN00001677,ACCT000090,2024-08-10,transfer,-1806.29,USD,,posted
TXN00002171,ACCT000116,2024-08-10,withdrawal,-581.56,USD,,failed
TXN00002232,ACCT000120,2024-08-10,transfer,430.74,USD,,failed
TXN00002959,ACCT000152,2024-08-10,purchase,-389.74,USD,MERCH0008,failed
TXN00003471,ACCT000180,2024-08-10,purchase,-308.32,USD,MERCH0009,failed
TXN00004232,ACCT000226,2024-08-10,purchase,-308.87,USD,MERCH0006,posted
TXN00004267,ACCT000228,2024-08-10,transfer,-1514.0,EUR,,posted
TXN00004392,ACCT000237,2024-08-10,purchase,-326.19,EUR,MERCH0002,posted
TXN00004854,ACCT000261,2024-08-10,withdrawal,-251.09,EUR,,failed
TXN00004939,ACCT000266,2024-08-10,refund,102.75,USD,MERCH0006,posted
TXN00005101,ACCT000275,2024-08-10,purchase,-65.38,EUR,MERCH0001,posted
TXN00005111,ACCT000276,2024-08-10,withdrawal,-129.29,GBP,,posted
TXN00005412,ACCT000292,2024-08-10,purchase,-254.34,USD,MERCH0001,posted
TXN00005744,ACCT000310,2024-08-10,transfer,1805.54,GBP,,posted
TXN00006080,ACCT000325,2024-08-10,purchase,-109.05,USD,MERCH0009,posted
TXN00006214,ACCT000334,2024-08-10,refund,36.85,USD,MERCH0008,posted
TXN00000298,ACCT000017,2024-08-11,fee,-19.01,USD,,posted
TXN00000567,ACCT000035,2024-08-11,fee,-9.5,USD,,failed
TXN00000608,ACCT000037,2024-08-11,purchase,-88.65,GBP,MERCH0008,posted
TXN00001047,ACCT000062,2024-08-11,deposit,2509.91,EUR,,posted
TXN00001654,ACCT000089,2024-08-11,purchase,-190.29,USD,MERCH0008,pending
TXN00001819,ACCT000097,2024-08-11,purchase,-71.41,USD,MERCH0010,pending
TXN00001839,ACCT000099,2024-08-11,fee,-32.36,USD,,posted
TXN00002254,ACCT000121,2024-08-11,purchase,-71.9,EUR,MERCH0004,pending
TXN00002297,ACCT000123,2024-08-11,withdrawal,-602.56,GBP,,posted
TXN00002416,ACCT000128,2024-08-11,purchase,-393.27,GBP,MERCH0009,posted
TXN00002554,ACCT000133,2024-08-11,purchase,-12.89,USD,MERCH0003,posted
TXN00002859,ACCT000146,2024-08-11,fee,-3.28,GBP,,posted
TXN00002996,ACCT000154,2024-08-11,fee,-28.71,USD,,posted
TXN00003115,ACCT000159,2024-08-11,purchase,-4.37,USD,MERCH0005,posted
TXN00003142,ACCT000161,2024-08-11,purchase,-290.43,EUR,MERCH0005,posted
TXN00003253,ACCT000168,2024-08-11,purchase,-282.99,USD,MERCH0008,posted
TXN00003878,ACCT000205,2024-08-11,transfer,1982.43,EUR,,posted
TXN00004951,ACCT000266,2024-08-11,withdrawal,-188.85,USD,,posted
TXN00005076,ACCT000272,2024-08-11,deposit,3567.82,EUR,,posted
TXN00005282,ACCT000286,2024-08-11,withdrawal,-111.77,EUR,,failed
TXN00005431,ACCT000293,2024-08-11,purchase,-166.52,GBP,MERCH0002,posted
TXN00005621,ACCT000304,2024-08-11,transfer,-1832.4,GBP,,posted
TXN00005964,ACCT000320,2024-08-11,withdrawal,-711.64,USD,,pending
TXN00000404,ACCT000024,2024-08-12,withdrawal,-441.39,USD,,posted
TXN00000576,ACCT000035,2024-08-12,purchase,-43.32,USD,MERCH0004,posted
TXN00000815,ACCT000051,2024-08-12,purchase,-333.32,USD,MERCH0010,failed
TXN00000861,ACCT000054,2024-08-12,deposit,742.72,USD,,posted
TXN00001088,ACCT000064,2024-08-12,transfer,1582.85,GBP,,posted
TXN00001987,ACCT000106,2024-08-12,withdrawal,-195.89,EUR,,failed
TXN00002066,ACCT000110,2024-08-12,deposit,2848.74,GBP,,pending
TXN00002241,ACCT000120,2024-08-12,refund,116.47,USD,MERCH0010,posted
TXN00002460,ACCT000129,2024-08-12,purchase,-364.81,GBP,MERCH0010,posted
TXN00002502,ACCT000131,2024-08-12,withdrawal,-661.35,EUR,,pending
TXN00003138,ACCT000161,2024-08-12,purchase,-211.79,EUR,MERCH0004,pending
TXN00003186,ACCT000165,2024-08-12,refund,11.7,EUR,MERCH0001,posted
TXN00003747,ACCT000197,2024-08-12,withdrawal,-428.73,GBP,,posted
TXN00003789,ACCT000199,2024-08-12,refund,11.69,GBP,MERCH0005,failed
TXN00003838,ACCT000201,2024-08-12,refund,170.55,EUR,MERCH0006,posted
TXN00004243,ACCT000227,2024-08-12,purchase,-53.14,GBP,MERCH0001,pending
TXN00004726,ACCT000252,2024-08-12,deposit,59.86,USD,,posted
TXN00005105,ACCT000276,2024-08-12,fee,-19.83,GBP,,posted
TXN00005666,ACCT000307,2024-08-12,refund,138.56,GBP,MERCH0002,failed
TXN00000106,ACCT000006,2024-08-13,refund,198.39,USD,MERCH0001,posted
TXN00000358,ACCT000023,2024-08-13,refund,144.03,USD,MERCH0006,posted
TXN00000459,ACCT000028,2024-08-13,purchase,-37.46,GBP,MERCH0004,failed
TXN00000828,ACCT000052,2024-08-13,transfer,548.83,USD,,posted
TXN00001078,ACCT000063,2024-08-13,fee,-9.65,EUR,,pending
TXN00001460,ACCT000083,2024-08-13,fee,-18.18,EUR,,failed
TXN00001892,ACCT000101,2024-08-13,withdrawal,-308.43,USD,,posted
TXN00002052,ACCT000109,2024-08-13,purchase,-54.16,EUR,MERCH0004,posted
TXN00002543,ACCT000132,2024-08-13,deposit,769.61,USD,,posted
TXN00002579,ACCT000134,2024-08-13,purchase,-69.54,GBP,MERCH0009,posted
TXN00002674,ACCT000138,2024-08-13,purchase,-402.61,USD,MERCH0008,posted
TXN00002891,ACCT000148,2024-08-13,transfer,571.47,USD,,pending
TXN00003299,ACCT000173,2024-08-13,refund,58.46,GBP,MERCH0010,posted
TXN00003409,ACCT000178,2024-08-13,withdrawal,-521.65,USD,,posted
TXN00003425,ACCT000178,2024-08-13,purchase,-81.47,USD,MERCH0008,posted
TXN00003439,ACCT000179,2024-08-13,purchase,-27.78,USD,MERCH0003,posted
TXN00003654,ACCT000192,2024-08-13,refund,59.46,USD,MERCH0009,posted
TXN00004045,ACCT000217,2024-08-13,purchase,-302.64,USD,MERCH0002,posted
TXN00004274,ACCT000228,2024-08-13,purchase,-129.68,EUR,MERCH0001,posted
TXN00004895,ACCT000263,2024-08-13,purchase,-60.64,GBP,MERCH0006,posted
TXN00005350,ACCT000289,2024-08-13,withdrawal,-673.54,EUR,,posted
TXN00005439,ACCT000293,2024-08-13,purchase,-168.22,GBP,MERCH0009,posted
TXN00000384,ACCT000024,2024-08-14,deposit,2579.07,USD,,failed
TXN00000679,ACCT000040,2024-08-14,withdrawal,-138.53,GBP,,posted
TXN00001004,ACCT000060,2024-08-14,deposit,2595.54,USD,,posted
TXN00001085,ACCT000063,2024-08-14,fee,-1.27,EUR,,posted
TXN00001418,ACCT000080,2024-08-14,purchase,-334.43,USD,MERCH0009,posted
TXN00001452,ACCT000081,2024-08-14,purchase,-391.83,GBP,MERCH0002,posted
TXN00001760,ACCT000093,2024-08-14,purchase,-437.34,USD,MERCH0002,posted
TXN00003612,ACCT000186,2024-08-14,transfer,-1151.0,USD,,posted
TXN00004259,ACCT000228,2024-08-14,purchase,-327.58,EUR,MERCH0003,failed
TXN00004527,ACCT000242,2024-08-14,withdrawal,-660.64,USD,,posted
TXN00004711,ACCT000252,2024-08-14,purchase,-177.67,USD,MERCH0007,posted
TXN00004770,ACCT000255,2024-08-14,refund,155.77,EUR,MERCH0010,pending
TXN00005053,ACCT000271,2024-08-14,deposit,3711.69,USD,,posted
TXN00005200,ACCT000281,2024-08-14,fee,-7.25,EUR,,failed
TXN00005600,ACCT000302,2024-08-14,withdrawal,-320.51,EUR,,posted
TXN00000557,ACCT000034,2024-08-15,purchase,-82.14,USD,MERCH0009,pending
TXN00000895,ACCT000055,2024-08-15,transfer,413.53,EUR,,failed
TXN00001296,ACCT000073,2024-08-15,purchase,-335.19,USD,MERCH0004,posted
TXN00001366,ACCT000077,2024-08-15,transfer,-1176.25,USD,,posted
TXN00001446,ACCT000081,2024-08-15,transfer,-570.69,GBP,,failed
TXN00002211,ACCT000118,2024-08-15,purchase,-46.57,GBP,MERCH0006,pending
TXN00003575,ACCT000185,2024-08-15,purchase,-12.86,USD,MERCH0007,posted
TXN00003629,ACCT000190,2024-08-15,purchase,-202.41,EUR,MERCH0005,failed
TXN00003805,ACCT000199,2024-08-15,deposit,3983.16,GBP,,pending
TXN00004598,ACCT000245,2024-08-15,transfer,639.85,GBP,,pending
TXN00004648,ACCT000248,2024-08-15,fee,-33.81,USD,,pending
TXN00004696,ACCT000250,2024-08-15,withdrawal,-733.58,GBP,,pending
TXN00004970,ACCT000267,2024-08-15,purchase,-179.55,GBP,MERCH0004,posted
TXN00005307,ACCT000287,2024-08-15,fee,-4.17,EUR,,posted
TXN00005402,ACCT000292,2024-08-15,purchase,-91.12,USD,MERCH0007,failed
TXN00005505,ACCT000298,2024-08-15,fee,-15.44,GBP,,posted
TXN00006027,ACCT000323,2024-08-15,purchase,-329.1,USD,MERCH0005,posted
TXN00006147,ACCT000328,2024-08-15,purchase,-27.66,USD,MERCH0002,posted
TXN00000288,ACCT000017,2024-08-16,purchase,-448.87,USD,MERCH0008,posted
TXN00000639,ACCT000039,2024-08-16,purchase,-196.08,USD,MERCH0004,posted
TXN00000784,ACCT000049,2024-08-16,deposit,1068.03,EUR,,posted
TXN00000849,ACCT000053,2024-08-16,purchase,-69.54,EUR,MERCH0008,failed
TXN00001410,ACCT000079,2024-08-16,fee,-16.33,EUR,,posted
TXN00002713,ACCT000139,2024-08-16,purchase,-145.32,USD,MERCH0002,posted
TXN00003110,ACCT000159,2024-08-16,purchase,-326.77,USD,MERCH0003,posted
TXN00003519,ACCT000182,2024-08-16,fee,-15.47,GBP,,posted
TXN00003898,ACCT000205,2024-08-16,purchase,-128.54,EUR,MERCH0009,posted
TXN00004122,ACCT000222,2024-08-16,purchase,-265.89,USD,MERCH0007,pending
TXN00004355,ACCT000235,2024-08-16,refund,77.04,USD,MERCH0003,posted
TXN00004393,ACCT000237,2024-08-16,purchase,-236.96,EUR,MERCH0002,posted
TXN00004406,ACCT000237,2024-08-16,withdrawal,-775.15,EUR,,posted
TXN00004533,ACCT000242,2024-08-16,fee,-24.23,USD,,posted
TXN00004605,ACCT000246,2024-08-16,purchase,-47.64,USD,MERCH0004,posted
TXN00004645,ACCT000248,2024-08-16,purchase,-101.16,USD,MERCH0010,posted
TXN00004771,ACCT000255,2024-08-16,withdrawal,-476.54,EUR,,posted
TXN00004860,ACCT000261,2024-08-16,purchase,-106.74,EUR,MERCH0006,posted
TXN00000468,ACCT000028,2024-08-17,refund,36.6,GBP,MERCH0008,posted
TXN00000942,ACCT000056,2024-08-17,purchase,-160.85,EUR,MERCH0003,posted
TXN00001390,ACCT000079,2024-08-17,refund,21.37,EUR,MERCH0005,posted
TXN00001458,ACCT000083,2024-08-17,deposit,1395.71,EUR,,posted
TXN00003295,ACCT000172,2024-08-17,purchase,-185.28,USD,MERCH0008,posted
TXN00003314,ACCT000173,2024-08-17,purchase,-135.64,GBP,MERCH0009,posted
TXN00003335,ACCT000175,2024-08-17,purchase,-184.01,USD,MERCH0005,posted
TXN00003505,ACCT000182,2024-08-17,refund,51.56,GBP,MERCH0002,posted
TXN00003643,ACCT000191,2024-08-17,withdrawal,-620.41,USD,,pending
TXN00003750,ACCT000197,2024-08-17,deposit,2962.02,GBP,,posted
TXN00004040,ACCT000215,2024-08-17,transfer,-413.96,USD,,posted
TXN00004253,ACCT000227,2024-08-17,refund,94.16,GBP,MERCH0010,pending
TXN00004254,ACCT000227,2024-08-17,purchase,-239.38,GBP,MERCH0005,posted
TXN00004374,ACCT000235,2024-08-17,purchase,-73.5,USD,MERCH0009,posted
TXN00004760,ACCT000254,2024-08-17,purchase,-413.48,USD,MERCH0003,posted
TXN00004804,ACCT000257,2024-08-17,fee,-14.91,USD,,pending
TXN00005087,ACCT000273,2024-08-17,purchase,-404.21,USD,MERCH0003,posted
TXN00005825,ACCT000315,2024-08-17,fee,-9.33,EUR,,posted
TXN00005850,ACCT000316,2024-08-17,withdrawal,-333.4,USD,,posted
TXN00000357,ACCT000023,2024-08-18,transfer,-1636.85,USD,,posted
TXN00001252,ACCT000070,2024-08-18,refund,173.67,USD,MERCH0003,posted
TXN00001846,ACCT000099,2024-08-18,purchase,-431.27,USD,MERCH0001,posted
TXN00001922,ACCT000103,2024-08-18,purchase,-409.92,USD,MERCH0005,posted
TXN00001985,ACCT000106,2024-08-18,fee,-5.53,EUR,,failed
TXN00002089,ACCT000111,2024-08-18,purchase,-268.32,USD,MERCH0001,posted
TXN00002715,ACCT000139,2024-08-18,transfer,753.48,USD,,posted
TXN00002734,ACCT000140,2024-08-18,purchase,-168.39,EUR,MERCH0008,posted
TXN00003027,ACCT000155,2024-08-18,purchase,-336.14,USD,MERCH0006,failed
TXN00003154,ACCT000163,2024-08-18,deposit,3112.3,GBP,,posted
TXN00003659,ACCT000192,2024-08-18,purchase,-289.88,USD,MERCH0001,failed
TXN00004313,ACCT000232,2024-08-18,purchase,-45.15,USD,MERCH0005,failed
TXN00004561,ACCT000243,2024-08-18,refund,184.55,EUR,MERCH0001,posted
TXN00004974,ACCT000267,2024-08-18,fee,-33.34,GBP,,posted
TXN00000098,ACCT000006,2024-08-19,purchase,-183.07,USD,MERCH0002,failed
TXN00000480,ACCT000029,2024-08-19,fee,-9.77,GBP,,posted
TXN00000704,ACCT000043,2024-08-19,transfer,-341.01,GBP,,posted
TXN00000840,ACCT000052,2024-08-19,refund,128.84,USD,MERCH0002,posted
TXN00000930,ACCT000056,2024-08-19,refund,75.52,EUR,MERCH0010,failed
TXN00001097,ACCT000064,2024-08-19,refund,54.35,GBP,MERCH0003,failed
TXN00001286,ACCT000072,2024-08-19,withdrawal,-211.82,USD,,posted
TXN00001363,ACCT000077,2024-08-19,deposit,2009.7,USD,,posted
TXN00001859,ACCT000099,2024-08-19,purchase,-149.11,USD,MERCH0010,posted
TXN00002312,ACCT000123,2024-08-19,refund,33.71,GBP,MERCH0001,pending
TXN00002422,ACCT000128,2024-08-19,purchase,-35.64,GBP,MERCH0006,failed
TXN00002719,ACCT000139,2024-08-19,purchase,-332.82,USD,MERCH0003,posted
TXN00002780,ACCT000143,2024-08-19,purchase,-272.71,USD,MERCH0008,failed
TXN00002937,ACCT000151,2024-08-19,purchase,-66.31,GBP,MERCH0005,posted
TXN00003071,ACCT000157,2024-08-19,deposit,68.42,USD,,posted
TXN00003150,ACCT000163,2024-08-19,purchase,-333.29,GBP,MERCH0001,failed
TXN00003260,ACCT000169,2024-08-19,purchase,-370.55,USD,MERCH0010,pending
TXN00003549,ACCT000184,2024-08-19,refund,96.24,GBP,MERCH0006,posted
TXN00003904,ACCT000206,2024-08-19,purchase,-195.2,GBP,MERCH0010,failed
TXN00004473,ACCT000240,2024-08-19,transfer,1844.1,USD,,failed
TXN00004691,ACCT000250,2024-08-19,refund,116.64,GBP,MERCH0003,posted
TXN00004758,ACCT000254,2024-08-19,fee,-28.98,USD,,failed
TXN00005632,ACCT000304,2024-08-19,refund,90.09,GBP,MERCH0001,posted
TXN00006064,ACCT000324,2024-08-19,withdrawal,-510.76,EUR,,posted
TXN00000900,ACCT000055,2024-08-20,purchase,-169.95,EUR,MERCH0007,posted
TXN00001106,ACCT000064,2024-08-20,refund,47.22,GBP,MERCH0002,posted
TXN00001229,ACCT000069,2024-08-20,transfer,-1614.67,USD,,pending
TXN00001233,ACCT000069,2024-08-20,purchase,-321.1,USD,MERCH0003,posted
TXN00001464,ACCT000083,2024-08-20,withdrawal,-312.61,EUR,,pending
TXN00001728,ACCT000092,2024-08-20,withdrawal,-736.94,USD,,pending
TXN00002207,ACCT000117,2024-08-20,refund,96.27,USD,MERCH0003,failed
TXN00002279,ACCT000122,2024-08-20,fee,-2.65,USD,,posted
TXN00003221,ACCT000167,2024-08-20,refund,110.24,GBP,MERCH0002,pending
TXN00003329,ACCT000175,2024-08-20,refund,82.32,USD,MERCH0001,posted
TXN00004271,ACCT000228,2024-08-20,refund,29.48,EUR,MERCH0005,posted
TXN00004303,ACCT000232,2024-08-20,withdrawal,-699.51,USD,,posted
TXN00004306,ACCT000232,2024-08-20,withdrawal,-712.85,USD,,posted
TXN00004381,ACCT000235,2024-08-20,deposit,2989.03,USD,,pending
TXN00004476,ACCT000240,2024-08-20,purchase,-239.23,USD,MERCH0009,posted
TXN00004693,ACCT000250,2024-08-20,fee,-1.69,GBP,,posted
TXN00004739,ACCT000253,2024-08-20,purchase,-70.15,USD,MERCH0007,posted
TXN00004940,ACCT000266,2024-08-20,fee,-5.68,USD,,pending
TXN00005049,ACCT000271,2024-08-20,purchase,-322.09,USD,MERCH0004,posted
TXN00005665,ACCT000307,2024-08-20,fee,-17.95,GBP,,posted
TXN00006043,ACCT000323,2024-08-20,purchase,-241.69,USD,MERCH0003,posted
TXN00000705,ACCT000043,2024-08-21,purchase,-140.7,GBP,MERCH0007,failed
TXN00000871,ACCT000054,2024-08-21,purchase,-31.59,USD,MERCH0010,posted
TXN00001403,ACCT000079,2024-08-21,withdrawal,-325.05,EUR,,posted
TXN00002523,ACCT000132,2024-08-21,withdrawal,-299.7,USD,,failed
TXN00002797,ACCT000144,2024-08-21,deposit,645.61,EUR,,failed
TXN00003038,ACCT000156,2024-08-21,purchase,-151.67,USD,MERCH0005,posted
TXN00003250,ACCT000168,2024-08-21,purchase,-423.32,USD,MERCH0006,posted
TXN00003559,ACCT000184,2024-08-21,purchase,-405.12,GBP,MERCH0008,failed
TXN00003807,ACCT000199,2024-08-21,transfer,660.09,GBP,,pending
TXN00004046,ACCT000217,2024-08-21,transfer,-886.33,USD,,posted
TXN00004238,ACCT000227,2024-08-21,refund,149.23,GBP,MERCH0008,posted
TXN00004656,ACCT000249,2024-08-21,deposit,4916.04,GBP,,posted
TXN00004709,ACCT000252,2024-08-21,purchase,-292.62,USD,MERCH0005,pending
TXN00006136,ACCT000328,2024-08-21,purchase,-176.17,USD,MERCH0003,pending
TXN00000166,ACCT000009,2024-08-22,purchase,-45.72,EUR,MERCH0010,posted
TXN00000903,ACCT000055,2024-08-22,fee,-6.82,EUR,,posted
TXN00001003,ACCT000060,2024-08-22,purchase,-376.13,USD,MERCH0003,posted
TXN00001200,ACCT000068,2024-08-22,purchase,-352.4,EUR,MERCH0002,pending
TXN00001240,ACCT000069,2024-08-22,purchase,-388.88,USD,MERCH0009,posted
TXN00002288,ACCT000122,2024-08-22,deposit,4597.94,USD,,failed
TXN00002601,ACCT000134,2024-08-22,purchase,-321.45,GBP,MERCH0004,posted
TXN00002685,ACCT000138,2024-08-22,purchase,-249.42,USD,MERCH0006,posted
TXN00003273,ACCT000169,2024-08-22,fee,-34.06,USD,,posted
TXN00003487,ACCT000181,2024-08-22,deposit,693.44,USD,,posted
TXN00004275,ACCT000228,2024-08-22,withdrawal,-185.5,EUR,,posted
TXN00004661,ACCT000249,2024-08-22,deposit,2325.85,GBP,,posted
TXN00005128,ACCT000277,2024-08-22,refund,165.31,GBP,MERCH0010,posted
TXN00005320,ACCT000288,2024-08-22,withdrawal,-679.76,USD,,pending
TXN00005903,ACCT000319,2024-08-22,purchase,-190.45,USD,MERCH0001,posted
TXN00001030,ACCT000061,2024-08-23,purchase,-82.06,GBP,MERCH0001,failed
TXN00001168,ACCT000067,2024-08-23,fee,-30.54,EUR,,failed
TXN00002053,ACCT000109,2024-08-23,refund,65.51,EUR,MERCH0010,pending
TXN00002951,ACCT000152,2024-08-23,refund,111.41,USD,MERCH0007,failed
TXN00004278,ACCT000228,2024-08-23,refund,45.76,EUR,MERCH0002,posted
TXN00004387,ACCT000236,2024-08-23,purchase,-6.98,USD,MERCH0007,failed
TXN00004906,ACCT000263,2024-08-23,fee,-19.6,GBP,,posted
TXN00005008,ACCT000270,2024-08-23,transfer,1912.22,USD,,posted
TXN00005630,ACCT000304,2024-08-23,fee,-27.45,GBP,,posted
TXN00005642,ACCT000305,2024-08-23,transfer,1258.36,USD,,pending
TXN00005932,ACCT000319,2024-08-23,purchase,-251.54,USD,MERCH0004,posted
TXN00000773,ACCT000049,2024-08-24,fee,-21.08,EUR,,posted
TXN00000965,ACCT000058,2024-08-24,fee,-22.72,USD,,posted
TXN00001009,ACCT000060,2024-08-24,deposit,2791.88,USD,,posted
TXN00003011,ACCT000154,2024-08-24,withdrawal,-142.77,USD,,failed
TXN00003227,ACCT000167,2024-08-24,fee,-27.48,GBP,,failed
TXN00003510,ACCT000182,2024-08-24,purchase,-240.67,GBP,MERCH0006,pending
TXN00003516,ACCT000182,2024-08-24,purchase,-160.9,GBP,MERCH0002,posted
TXN00004017,ACCT000212,2024-08-24,transfer,1731.35,EUR,,pending
TXN00005063,ACCT000272,2024-08-24,purchase,-283.62,EUR,MERCH0006,posted
TXN00005447,ACCT000294,2024-08-24,purchase,-340.02,GBP,MERCH0008,posted
TXN00000279,ACCT000017,2024-08-25,purchase,-115.82,USD,MERCH0004,posted
TXN00001065,ACCT000063,2024-08-25,refund,198.28,EUR,MERCH0009,posted
TXN00002322,ACCT000124,2024-08-25,withdrawal,-664.39,USD,,posted
TXN00002361,ACCT000126,2024-08-25,purchase,-103.5,GBP,MERCH0006,posted
TXN00002364,ACCT000126,2024-08-25,deposit,3719.82,GBP,,posted
TXN00002439,ACCT000129,2024-08-25,transfer,841.95,GBP,,posted
TXN00003026,ACCT000155,2024-08-25,fee,-27.65,USD,,posted
TXN00003040,ACCT000156,2024-08-25,deposit,4619.29,USD,,pending
TXN00003133,ACCT000160,2024-08-25,transfer,-772.24,USD,,pending
TXN00003320,ACCT000173,2024-08-25,refund,36.55,GBP,MERCH0009,posted
TXN00003418,ACCT000178,2024-08-25,transfer,-1074.38,USD,,posted
TXN00003542,ACCT000184,2024-08-25,purchase,-228.13,GBP,MERCH0009,pending
TXN00003821,ACCT000200,2024-08-25,refund,141.68,EUR,MERCH0003,posted
TXN00003979,ACCT000210,2024-08-25,fee,-11.41,USD,,pending
TXN00004097,ACCT000219,2024-08-25,purchase,-80.05,GBP,MERCH0007,pending
TXN00004523,ACCT000242,2024-08-25,purchase,-174.77,USD,MERCH0006,posted
TXN00004717,ACCT000252,2024-08-25,purchase,-332.68,USD,MERCH0008,posted
TXN00004763,ACCT000255,2024-08-25,withdrawal,-410.96,EUR,,posted
TXN00004865,ACCT000261,2024-08-25,deposit,255.57,EUR,,posted
TXN00004997,ACCT000268,2024-08-25,deposit,1801.99,USD,,posted
TXN00000941,ACCT000056,2024-08-26,purchase,-104.37,EUR,MERCH0005,posted
TXN00000956,ACCT000057,2024-08-26,fee,-7.61,EUR,,posted
TXN00000983,ACCT000058,2024-08-26,purchase,-128.79,USD,MERCH0009,posted
TXN00002269,ACCT000121,2024-08-26,purchase,-309.67,EUR,MERCH0006,posted
TXN00002723,ACCT000140,2024-08-26,purchase,-214.11,EUR,MERCH0007,posted
TXN00002966,ACCT000152,2024-08-26,fee,-31.16,USD,,posted
TXN00003216,ACCT000166,2024-08-26,purchase,-19.78,USD,MERCH0006,failed
TXN00003446,ACCT000179,2024-08-26,refund,137.67,USD,MERCH0006,failed
TXN00004035,ACCT000215,2024-08-26,withdrawal,-166.89,USD,,posted
TXN00004236,ACCT000227,2024-08-26,transfer,1377.41,GBP,,posted
TXN00000273,ACCT000016,2024-08-27,purchase,-265.34,USD,MERCH0008,posted
TXN00000700,ACCT000043,2024-08-27,refund,52.27,GBP,MERCH0002,failed
TXN00000975,ACCT000058,2024-08-27,withdrawal,-147.02,USD,,posted
TXN00001056,ACCT000062,2024-08-27,withdrawal,-750.99,EUR,,pending
TXN00001380,ACCT000078,2024-08-27,refund,159.01,USD,MERCH0006,posted
TXN00003521,ACCT000182,2024-08-27,refund,27.49,GBP,MERCH0008,posted
TXN00004461,ACCT000240,2024-08-27,purchase,-321.95,USD,MERCH0002,failed
TXN00004468,ACCT000240,2024-08-27,purchase,-370.72,USD,MERCH0010,failed
TXN00004521,ACCT000242,2024-08-27,purchase,-163.07,USD,MERCH0001,posted
TXN00004647,ACCT000248,2024-08-27,purchase,-102.32,USD,MERCH0010,posted
TXN00004688,ACCT000250,2024-08-27,purchase,-340.49,GBP,MERCH0007,posted
TXN00000684,ACCT000041,2024-08-28,transfer,-1707.22,USD,,posted
TXN00000911,ACCT000055,2024-08-28,purchase,-240.41,EUR,MERCH0007,posted
TXN00001863,ACCT000099,2024-08-28,purchase,-326.29,USD,MERCH0007,posted
TXN00002114,ACCT000112,2024-08-28,purchase,-366.8,EUR,MERCH0008,failed
TXN00002900,ACCT000148,2024-08-28,purchase,-366.46,USD,MERCH0007,posted
TXN00002947,ACCT000152,2024-08-28,purchase,-111.14,USD,MERCH0003,pending
TXN00003194,ACCT000166,2024-08-28,purchase,-95.94,USD,MERCH0007,posted
TXN00003500,ACCT000182,2024-08-28,fee,-10.39,GBP,,posted
TXN00004311,ACCT000232,2024-08-28,refund,192.47,USD,MERCH0006,posted
TXN00004643,ACCT000247,2024-08-28,deposit,966.3,EUR,,posted
TXN00005123,ACCT000277,2024-08-28,deposit,4785.68,GBP,,posted
TXN00005737,ACCT000310,2024-08-28,deposit,4674.81,GBP,,posted
TXN00006213,ACCT000334,2024-08-28,refund,152.67,USD,MERCH0004,failed
TXN00000970,ACCT000058,2024-08-29,purchase,-120.42,USD,MERCH0003,failed
TXN00001944,ACCT000104,2024-08-29,refund,182.77,GBP,MERCH0001,posted
TXN00002083,ACCT000111,2024-08-29,fee,-24.7,USD,,posted
TXN00002151,ACCT000114,2024-08-29,fee,-10.9,USD,,posted
TXN00002256,ACCT000121,2024-08-29,fee,-24.76,EUR,,posted
TXN00002329,ACCT000124,2024-08-29,purchase,-13.16,USD,MERCH0006,pending
TXN00004191,ACCT000225,2024-08-29,purchase,-395.55,EUR,MERCH0007,posted
TXN00004211,ACCT000226,2024-08-29,deposit,4619.52,USD,,failed
TXN00004287,ACCT000230,2024-08-29,refund,93.02,USD,MERCH0003,posted
TXN00004699,ACCT000250,2024-08-29,purchase,-420.06,GBP,MERCH0009,posted
TXN00004747,ACCT000253,2024-08-29,fee,-14.33,USD,,posted
TXN00004864,ACCT000261,2024-08-29,purchase,-417.87,EUR,MERCH0006,posted
TXN00000685,ACCT000041,2024-08-30,purchase,-89.39,USD,MERCH0003,posted
TXN00001184,ACCT000068,2024-08-30,purchase,-281.35,EUR,MERCH0008,failed
TXN00001361,ACCT000077,2024-08-30,withdrawal,-473.33,USD,,failed
TXN00002365,ACCT000126,2024-08-30,fee,-22.3,GBP,,posted
TXN00002441,ACCT000129,2024-08-30,purchase,-10.22,GBP,MERCH0008,posted
TXN00003966,ACCT000209,2024-08-30,deposit,417.26,EUR,,posted
TXN00004090,ACCT000218,2024-08-30,transfer,-336.84,USD,,posted
TXN00004181,ACCT000225,2024-08-30,withdrawal,-670.06,EUR,,failed
TXN00004230,ACCT000226,2024-08-30,purchase,-33.54,USD,MERCH0009,posted
TXN00004349,ACCT000234,2024-08-30,purchase,-117.81,EUR,MERCH0008,posted
TXN00004545,ACCT000242,2024-08-30,refund,143.0,USD,MERCH0008,posted
TXN00004803,ACCT000257,2024-08-30,transfer,-1263.34,USD,,posted
TXN00005194,ACCT000281,2024-08-30,purchase,-29.34,EUR,MERCH0007,failed
TXN00006133,ACCT000328,2024-08-30,fee,-11.43,USD,,posted
TXN00000513,ACCT000032,2024-08-31,transfer,452.76,USD,,pending
TXN00000556,ACCT000034,2024-08-31,refund,187.17,USD,MERCH0009,pending
TXN00000591,ACCT000036,2024-08-31,purchase,-347.55,EUR,MERCH0006,posted
TXN00000719,ACCT000046,2024-08-31,purchase,-313.49,USD,MERCH0002,posted
TXN00001149,ACCT000066,2024-08-31,withdrawal,-459.18,GBP,,posted
TXN00001235,ACCT000069,2024-08-31,deposit,2258.51,USD,,posted
TXN00002088,ACCT000111,2024-08-31,purchase,-412.6,USD,MERCH0010,pending
TXN00002189,ACCT000117,2024-08-31,purchase,-37.77,USD,MERCH0006,posted
TXN00003648,ACCT000192,2024-08-31,transfer,-1317.01,USD,,posted
TXN00004167,ACCT000224,2024-08-31,purchase,-209.53,EUR,MERCH0007,posted
TXN00004480,ACCT000240,2024-08-31,purchase,-213.08,USD,MERCH0010,posted
TXN00004993,ACCT000268,2024-08-31,refund,175.9,USD,MERCH0010,posted
TXN00005241,ACCT000283,2024-08-31,transfer,773.52,USD,,posted
TXN00005334,ACCT000288,2024-08-31,purchase,-101.92,USD,MERCH0007,posted
TXN00005833,ACCT000316,2024-08-31,withdrawal,-39.52,USD,,posted
TXN00000338,ACCT000021,2024-09-01,fee,-23.06,GBP,,posted
TXN00001155,ACCT000066,2024-09-01,withdrawal,-135.91,GBP,,posted
TXN00001473,ACCT000083,2024-09-01,purchase,-285.04,EUR,MERCH0006,failed
TXN00002748,ACCT000140,2024-09-01,withdrawal,-592.07,EUR,,failed
TXN00003258,ACCT000168,2024-09-01,purchase,-23.62,USD,MERCH0007,posted
TXN00003289,ACCT000170,2024-09-01,deposit,54.84,EUR,,failed
TXN00003828,ACCT000201,2024-09-01,purchase,-27.13,EUR,MERCH0001,pending
TXN00004005,ACCT000212,2024-09-01,deposit,4942.22,EUR,,failed
TXN00004164,ACCT000224,2024-09-01,refund,113.15,EUR,MERCH0005,failed
TXN00004534,ACCT000242,2024-09-01,purchase,-424.56,USD,MERCH0004,posted
TXN00004682,ACCT000250,2024-09-01,purchase,-303.37,GBP,MERCH0005,posted
TXN00004839,ACCT000260,2024-09-01,withdrawal,-559.8,USD,,failed
TXN00004859,ACCT000261,2024-09-01,purchase,-149.04,EUR,MERCH0004,pending
TXN00004933,ACCT000266,2024-09-01,purchase,-4.54,USD,MERCH0008,pending
TXN00005596,ACCT000302,2024-09-01,withdrawal,-288.34,EUR,,posted
TXN00000194,ACCT000010,2024-09-02,refund,182.8,EUR,MERCH0006,pending
TXN00000482,ACCT000030,2024-09-02,fee,-13.32,GBP,,posted
TXN00001388,ACCT000079,2024-09-02,fee,-7.94,EUR,,posted
TXN00001395,ACCT000079,2024-09-02,purchase,-60.72,EUR,MERCH0002,posted
TXN00001638,ACCT000089,2024-09-02,purchase,-193.9,USD,MERCH0009,posted
TXN00002769,ACCT000143,2024-09-02,purchase,-100.89,USD,MERCH0001,posted
TXN00002806,ACCT000144,2024-09-02,deposit,4019.61,EUR,,posted
TXN00003530,ACCT000183,2024-09-02,purchase,-408.91,GBP,MERCH0007,posted
TXN00003633,ACCT000190,2024-09-02,transfer,-871.57,EUR,,failed
TXN00003942,ACCT000207,2024-09-02,deposit,380.01,EUR,,failed
TXN00004009,ACCT000212,2024-09-02,transfer,1800.49,EUR,,pending
TXN00004231,ACCT000226,2024-09-02,refund,4.9,USD,MERCH0004,pending
TXN00004241,ACCT000227,2024-09-02,withdrawal,-713.15,GBP,,failed
TXN00004477,ACCT000240,2024-09-02,purchase,-64.51,USD,MERCH0008,posted
TXN00005134,ACCT000277,2024-09-02,deposit,474.58,GBP,,posted
TXN00005873,ACCT000317,2024-09-02,withdrawal,-94.5,USD,,posted
TXN00000347,ACCT000022,2024-09-03,transfer,314.34,USD,,pending
TXN00000391,ACCT000024,2024-09-03,withdrawal,-454.15,USD,,posted
TXN00000416,ACCT000026,2024-09-03,purchase,-23.35,USD,MERCH0010,posted
TXN00000509,ACCT000032,2024-09-03,purchase,-33.2,USD,MERCH0005,failed
TXN00000854,ACCT000053,2024-09-03,purchase,-242.28,EUR,MERCH0010,posted
TXN00001173,ACCT000067,2024-09-03,purchase,-197.8,EUR,MERCH0004,failed
TXN00001329,ACCT000075,2024-09-03,refund,50.9,GBP,MERCH0003,posted
TXN00001465,ACCT000083,2024-09-03,purchase,-64.09,EUR,MERCH0006,posted
TXN00001511,ACCT000084,2024-09-03,deposit,1254.61,USD,,posted
TXN00001945,ACCT000104,2024-09-03,purchase,-278.0,GBP,MERCH0003,posted
TXN00002054,ACCT000109,2024-09-03,purchase,-438.95,EUR,MERCH0005,posted
TXN00003130,ACCT000160,2024-09-03,transfer,-972.42,USD,,posted
TXN00003183,ACCT000165,2024-09-03,withdrawal,-403.09,EUR,,posted
TXN00003474,ACCT000180,2024-09-03,purchase,-378.48,USD,MERCH0001,pending
TXN00003665,ACCT000192,2024-09-03,purchase,-49.78,USD,MERCH0008,posted
TXN00004525,ACCT000242,2024-09-03,purchase,-46.67,USD,MERCH0004,posted
TXN00004810,ACCT000258,2024-09-03,transfer,211.93,USD,,posted
TXN00005443,ACCT000293,2024-09-03,transfer,-151.74,GBP,,posted
TXN00005655,ACCT000305,2024-09-03,purchase,-22.11,USD,MERCH0001,posted
TXN00005993,ACCT000321,2024-09-03,transfer,-1339.28,EUR,,pending
TXN00000601,ACCT000037,2024-09-04,withdrawal,-442.45,GBP,,posted
TXN00000802,ACCT000050,2024-09-04,transfer,-1168.93,USD,,failed
TXN00001833,ACCT000098,2024-09-04,purchase,-236.22,GBP,MERCH0003,posted
TXN00002165,ACCT000116,2024-09-04,purchase,-193.29,USD,MERCH0002,posted
TXN00002760,ACCT000142,2024-09-04,purchase,-225.01,USD,MERCH0003,posted
TXN00003366,ACCT000176,2024-09-04,purchase,-176.92,USD,MERCH0006,pending
TXN00003587,ACCT000185,2024-09-04,purchase,-59.67,USD,MERCH0009,posted
TXN00003683,ACCT000193,2024-09-04,withdrawal,-348.49,USD,,pending
TXN00003910,ACCT000206,2024-09-04,purchase,-32.37,GBP,MERCH0003,posted
TXN00004641,ACCT000247,2024-09-04,purchase,-186.23,EUR,MERCH0003,posted
TXN00004698,ACCT000250,2024-09-04,refund,7.38,GBP,MERCH0004,posted
TXN00000899,ACCT000055,2024-09-05,purchase,-67.79,EUR,MERCH0007,pending
TXN00001020,ACCT000061,2024-09-05,withdrawal,-134.95,GBP,,posted
TXN00001181,ACCT000068,2024-09-05,refund,143.72,EUR,MERCH0004,pending
TXN00002272,ACCT000122,2024-09-05,fee,-15.36,USD,,posted
TXN00002531,ACCT000132,2024-09-05,transfer,1615.68,USD,,posted
TXN00004070,ACCT000218,2024-09-05,withdrawal,-561.0,USD,,failed
TXN00004636,ACCT000247,2024-09-05,purchase,-186.8,EUR,MERCH0009,pending
TXN00005138,ACCT000277,2024-09-05,purchase,-206.88,GBP,MERCH0009,posted
TXN00005270,ACCT000285,2024-09-05,purchase,-65.9,EUR,MERCH0009,posted
TXN00000291,ACCT000017,2024-09-06,refund,102.94,USD,MERCH0006,posted
TXN00000458,ACCT000028,2024-09-06,refund,4.3,GBP,MERCH0010,posted
TXN00000696,ACCT000042,2024-09-06,purchase,-406.94,USD,MERCH0009,posted
TXN00000795,ACCT000050,2024-09-06,fee,-34.15,USD,,posted
TXN00000881,ACCT000054,2024-09-06,purchase,-6.23,USD,MERCH0001,posted
TXN00000939,ACCT000056,2024-09-06,refund,134.17,EUR,MERCH0010,pending
TXN00001197,ACCT000068,2024-09-06,withdrawal,-795.06,EUR,,posted
TXN00002958,ACCT000152,2024-09-06,deposit,3764.04,USD,,posted
TXN00002962,ACCT000152,2024-09-06,fee,-16.86,USD,,posted
TXN00002975,ACCT000152,2024-09-06,fee,-26.96,USD,,posted
TXN00005106,ACCT000276,2024-09-06,transfer,-205.7,GBP,,posted
TXN00005427,ACCT000293,2024-09-06,refund,54.67,GBP,MERCH0009,posted
TXN00005818,ACCT000315,2024-09-06,withdrawal,-334.31,EUR,,pending
TXN00006022,ACCT000323,2024-09-06,transfer,-1314.17,USD,,posted
TXN00001045,ACCT000062,2024-09-07,purchase,-153.18,EUR,MERCH0004,pending
TXN00001248,ACCT000070,2024-09-07,purchase,-247.75,USD,MERCH0002,posted
TXN00001552,ACCT000086,2024-09-07,deposit,163.98,GBP,,pending
TXN00001876,ACCT000100,2024-09-07,withdrawal,-271.09,USD,,failed
TXN00002127,ACCT000112,2024-09-07,fee,-24.37,EUR,,posted
TXN00002261,ACCT000121,2024-09-07,purchase,-398.86,EUR,MERCH0004,posted
TXN00002682,ACCT000138,2024-09-07,transfer,-122.98,USD,,posted
TXN00002716,ACCT000139,2024-09-07,transfer,-471.66,USD,,posted
TXN00002824,ACCT000145,2024-09-07,purchase,-330.14,EUR,MERCH0006,posted
TXN00002888,ACCT000147,2024-09-07,transfer,-518.15,USD,,posted
TXN00003434,ACCT000179,2024-09-07,refund,46.12,USD,MERCH0008,posted
TXN00003501,ACCT000182,2024-09-07,purchase,-233.78,GBP,MERCH0007,pending
TXN00005340,ACCT000288,2024-09-07,refund,121.93,USD,MERCH0002,posted
TXN00005380,ACCT000291,2024-09-07,transfer,641.75,USD,,posted
TXN00005460,ACCT000294,2024-09-07,deposit,4447.82,GBP,,posted
TXN00005914,ACCT000319,2024-09-07,purchase,-432.19,USD,MERCH0001,failed
TXN00000019,ACCT000001,2024-09-08,deposit,1811.27,USD,,posted
TXN00000232,ACCT000012,2024-09-08,purchase,-164.29,USD,MERCH0001,posted
TXN00000695,ACCT000042,2024-09-08,withdrawal,-379.85,USD,,posted
TXN00000760,ACCT000048,2024-09-08,refund,28.62,USD,MERCH0001,posted
TXN00000845,ACCT000053,2024-09-08,deposit,3070.99,EUR,,posted
TXN00001012,ACCT000061,2024-09-08,purchase,-198.81,GBP,MERCH0007,failed
TXN00001404,ACCT000079,2024-09-08,deposit,938.91,EUR,,pending
TXN00001484,ACCT000083,2024-09-08,purchase,-34.22,EUR,MERCH0002,failed
TXN00002117,ACCT000112,2024-09-08,deposit,3564.45,EUR,,posted
TXN00002586,ACCT000134,2024-09-08,deposit,3980.57,GBP,,posted
TXN00002837,ACCT000146,2024-09-08,purchase,-145.88,GBP,MERCH0008,posted
TXN00003009,ACCT000154,2024-09-08,purchase,-268.24,USD,MERCH0005,pending
TXN00003324,ACCT000175,2024-09-08,refund,152.3,USD,MERCH0004,posted
TXN00003407,ACCT000178,2024-09-08,purchase,-433.5,USD,MERCH0008,failed
TXN00003644,ACCT000191,2024-09-08,purchase,-198.96,USD,MERCH0008,posted
TXN00003967,ACCT000209,2024-09-08,refund,18.74,EUR,MERCH0004,pending
TXN00004512,ACCT000241,2024-09-08,fee,-30.09,USD,,posted
TXN00004808,ACCT000257,2024-09-08,withdrawal,-114.0,USD,,posted
TXN00005372,ACCT000291,2024-09-08,deposit,4017.16,USD,,posted
TXN00000158,ACCT000009,2024-09-09,deposit,3675.69,EUR,,pending
TXN00000973,ACCT000058,2024-09-09,transfer,1139.84,USD,,posted
TXN00001865,ACCT000099,2024-09-09,purchase,-136.4,USD,MERCH0007,posted
TXN00001866,ACCT000099,2024-09-09,purchase,-422.15,USD,MERCH0006,posted
TXN00002045,ACCT000109,2024-09-09,purchase,-140.18,EUR,MERCH0002,failed
TXN00002106,ACCT000112,2024-09-09,withdrawal,-87.75,EUR,,posted
TXN00002287,ACCT000122,2024-09-09,fee,-31.35,USD,,posted
TXN00002763,ACCT000142,2024-09-09,fee,-12.68,USD,,posted
TXN00002772,ACCT000143,2024-09-09,purchase,-248.86,USD,MERCH0007,posted
TXN00004147,ACCT000223,2024-09-09,fee,-4.23,USD,,posted
TXN00004276,ACCT000228,2024-09-09,fee,-3.37,EUR,,posted
TXN00004515,ACCT000242,2024-09-09,transfer,-285.29,USD,,pending
TXN00004649,ACCT000248,2024-09-09,refund,132.84,USD,MERCH0008,posted
TXN00004828,ACCT000259,2024-09-09,transfer,-1212.51,USD,,posted
TXN00004838,ACCT000259,2024-09-09,transfer,-1224.0,USD,,posted
TXN00004976,ACCT000267,2024-09-09,transfer,-1982.57,GBP,,posted
TXN00005034,ACCT000271,2024-09-09,purchase,-262.72,USD,MERCH0009,posted
TXN00005073,ACCT000272,2024-09-09,deposit,4349.59,EUR,,posted
TXN00005894,ACCT000318,2024-09-09,transfer,-97.2,USD,,posted
TXN00000826,ACCT000052,2024-09-10,transfer,-212.78,USD,,pending
TXN00000921,ACCT000056,2024-09-10,purchase,-425.56,EUR,MERCH0009,failed
TXN00001678,ACCT000090,2024-09-10,purchase,-85.71,USD,MERCH0008,posted
TXN00002509,ACCT000131,2024-09-10,fee,-15.34,EUR,,failed
TXN00003031,ACCT000155,2024-09-10,withdrawal,-727.7,USD,,failed
TXN00003547,ACCT000184,2024-09-10,transfer,1866.36,GBP,,pending
TXN00004321,ACCT000232,2024-09-10,withdrawal,-97.77,USD,,posted
TXN00004348,ACCT000234,2024-09-10,purchase,-77.73,EUR,MERCH0010,posted
TXN00004668,ACCT000249,2024-09-10,purchase,-314.71,GBP,MERCH0005,posted
TXN00004885,ACCT000263,2024-09-10,purchase,-315.64,GBP,MERCH0006,posted
TXN00004938,ACCT000266,2024-09-10,withdrawal,-34.43,USD,,failed
TXN00005494,ACCT000297,2024-09-10,purchase,-429.6,USD,MERCH0007,posted
TXN00000287,ACCT000017,2024-09-11,purchase,-183.63,USD,MERCH0010,posted
TXN00000743,ACCT000047,2024-09-11,deposit,1889.34,EUR,,posted
TXN00000979,ACCT000058,2024-09-11,deposit,3843.89,USD,,posted
TXN00001710,ACCT000092,2024-09-11,refund,108.63,USD,MERCH0009,posted
TXN00002051,ACCT000109,2024-09-11,refund,47.8,EUR,MERCH0003,posted
TXN00002115,ACCT000112,2024-09-11,withdrawal,-122.8,EUR,,failed
TXN00002367,ACCT000126,2024-09-11,purchase,-256.32,GBP,MERCH0008,posted
TXN00002725,ACCT000140,2024-09-11,withdrawal,-667.23,EUR,,pending
TXN00002881,ACCT000147,2024-09-11,purchase,-271.12,USD,MERCH0007,posted
TXN00003103,ACCT000159,2024-09-11,purchase,-184.28,USD,MERCH0002,posted
TXN00003926,ACCT000207,2024-09-11,purchase,-363.7,EUR,MERCH0009,posted
TXN00003961,ACCT000209,2024-09-11,purchase,-328.85,EUR,MERCH0003,posted
TXN00004469,ACCT000240,2024-09-11,fee,-2.55,USD,,failed
TXN00004600,ACCT000245,2024-09-11,fee,-7.73,GBP,,posted
TXN00004671,ACCT000250,2024-09-11,purchase,-123.09,GBP,MERCH0004,posted
TXN00004811,ACCT000258,2024-09-11,refund,41.7,USD,MERCH0008,posted
TXN00005988,ACCT000321,2024-09-11,refund,175.33,EUR,MERCH0006,pending
TXN00006146,ACCT000328,2024-09-11,refund,39.2,USD,MERCH0010,failed
TXN00006233,ACCT000335,2024-09-11,refund,164.46,USD,MERCH0003,posted
TXN00000429,ACCT000026,2024-09-12,withdrawal,-543.91,USD,,posted
TXN00000824,ACCT000052,2024-09-12,refund,31.59,USD,MERCH0005,posted
TXN00001017,ACCT000061,2024-09-12,withdrawal,-616.56,GBP,,pending
TXN00001135,ACCT000066,2024-09-12,purchase,-14.61,GBP,MERCH0006,failed
TXN00001405,ACCT000079,2024-09-12,refund,182.43,EUR,MERCH0007,posted
TXN00001435,ACCT000081,2024-09-12,purchase,-356.69,GBP,MERCH0009,pending
TXN00001858,ACCT000099,2024-09-12,purchase,-191.29,USD,MERCH0005,posted
TXN00001927,ACCT000103,2024-09-12,purchase,-307.37,USD,MERCH0008,pending
TXN00001961,ACCT000104,2024-09-12,purchase,-68.37,GBP,MERCH0007,posted
TXN00001980,ACCT000106,2024-09-12,refund,152.7,EUR,MERCH0006,failed
TXN00002079,ACCT000111,2024-09-12,refund,35.85,USD,MERCH0001,posted
TXN00002164,ACCT000116,2024-09-12,transfer,-657.24,USD,,failed
TXN00002375,ACCT000126,2024-09-12,refund,22.68,GBP,MERCH0004,pending
TXN00002527,ACCT000132,2024-09-12,purchase,-160.26,USD,MERCH0006,pending
TXN00003135,ACCT000161,2024-09-12,deposit,2685.81,EUR,,posted
TXN00003437,ACCT000179,2024-09-12,purchase,-402.29,USD,MERCH0003,pending
TXN00004829,ACCT000259,2024-09-12,purchase,-370.1,USD,MERCH0008,posted
TXN00004975,ACCT000267,2024-09-12,fee,-11.96,GBP,,posted
TXN00000642,ACCT000039,2024-09-13,fee,-27.31,USD,,posted
TXN00000817,ACCT000051,2024-09-13,refund,160.48,USD,MERCH0003,posted
TXN00001073,ACCT000063,2024-09-13,purchase,-299.91,EUR,MERCH0009,pending
TXN00001971,ACCT000105,2024-09-13,deposit,1776.73,USD,,failed
TXN00002335,ACCT000124,2024-09-13,purchase,-377.53,USD,MERCH0010,posted
TXN00003034,ACCT000156,2024-09-13,deposit,1094.76,USD,,posted
TXN00004679,ACCT000250,2024-09-13,transfer,973.78,GBP,,posted
TXN00005667,ACCT000307,2024-09-13,fee,-26.5,GBP,,posted
TXN00005829,ACCT000315,2024-09-13,withdrawal,-674.66,EUR,,failed
TXN00006015,ACCT000323,2024-09-13,transfer,524.03,USD,,posted
TXN00000960,ACCT000058,2024-09-14,deposit,3652.87,USD,,posted
TXN00000963,ACCT000058,2024-09-14,purchase,-138.54,USD,MERCH0004,pending
TXN00001258,ACCT000070,2024-09-14,purchase,-297.24,USD,MERCH0002,pending
TXN00001746,ACCT000093,2024-09-14,purchase,-363.95,USD,MERCH0009,posted
TXN00001891,ACCT000101,2024-09-14,fee,-18.27,USD,,posted
TXN00001912,ACCT000102,2024-09-14,purchase,-349.54,USD,MERCH0003,posted
TXN00001943,ACCT000103,2024-09-14,transfer,721.3,USD,,posted
TXN00002233,ACCT000120,2024-09-14,withdrawal,-90.79,USD,,posted
TXN00002371,ACCT000126,2024-09-14,deposit,3680.02,GBP,,posted
TXN00003546,ACCT000184,2024-09-14,deposit,2876.88,GBP,,posted
TXN00003819,ACCT000200,2024-09-14,fee,-8.19,EUR,,posted
TXN00003880,ACCT000205,2024-09-14,fee,-33.72,EUR,,posted
TXN00004528,ACCT000242,2024-09-14,transfer,1350.0,USD,,posted
TXN00005719,ACCT000310,2024-09-14,deposit,1741.64,GBP,,posted
TXN00005813,ACCT000314,2024-09-14,purchase,-290.29,USD,MERCH0005,pending
TXN00005893,ACCT000318,2024-09-14,transfer,737.64,USD,,posted
TXN00005957,ACCT000320,2024-09-14,refund,108.88,USD,MERCH0005,posted
TXN00000430,ACCT000026,2024-09-15,deposit,3641.67,USD,,posted
TXN00000432,ACCT000026,2024-09-15,withdrawal,-503.22,USD,,posted
TXN00000805,ACCT000051,2024-09-15,refund,137.76,USD,MERCH0002,pending
TXN00001027,ACCT000061,2024-09-15,withdrawal,-443.1,GBP,,pending
TXN00001509,ACCT000084,2024-09-15,purchase,-225.57,USD,MERCH0003,posted
TXN00002722,ACCT000140,2024-09-15,purchase,-425.88,EUR,MERCH0010,posted
TXN00002929,ACCT000150,2024-09-15,deposit,3245.11,EUR,,posted
TXN00003214,ACCT000166,2024-09-15,purchase,-329.66,USD,MERCH0004,posted
TXN00003226,ACCT000167,2024-09-15,refund,198.31,GBP,MERCH0006,posted
TXN00003352,ACCT000176,2024-09-15,refund,167.9,USD,MERCH0003,posted
TXN00004138,ACCT000222,2024-09-15,transfer,-1768.88,USD,,pending
TXN00004580,ACCT000244,2024-09-15,fee,-11.25,USD,,posted
TXN00004592,ACCT000244,2024-09-15,withdrawal,-562.21,USD,,posted
TXN00004960,ACCT000266,2024-09-15,refund,169.91,USD,MERCH0002,pending
TXN00005484,ACCT000295,2024-09-15,fee,-34.49,USD,,posted
TXN00005644,ACCT000305,2024-09-15,purchase,-36.76,USD,MERCH0001,posted
TXN00005896,ACCT000318,2024-09-15,purchase,-278.64,USD,MERCH0001,failed
TXN00005967,ACCT000321,2024-09-15,purchase,-376.28,EUR,MERCH0001,posted
TXN00000293,ACCT000017,2024-09-16,purchase,-295.53,USD,MERCH0006,posted
TXN00000746,ACCT000047,2024-09-16,purchase,-407.52,EUR,MERCH0008,posted
TXN00000980,ACCT000058,2024-09-16,purchase,-147.21,USD,MERCH0009,posted
TXN00001034,ACCT000061,2024-09-16,purchase,-120.74,GBP,MERCH0007,pending
TXN00001400,ACCT000079,2024-09-16,purchase,-273.37,EUR,MERCH0007,posted
TXN00002042,ACCT000109,2024-09-16,withdrawal,-86.72,EUR,,posted
TXN00002271,ACCT000122,2024-09-16,fee,-24.33,USD,,posted
TXN00002754,ACCT000141,2024-09-16,withdrawal,-375.64,USD,,posted
TXN00002761,ACCT000142,2024-09-16,purchase,-236.68,USD,MERCH0002,failed
TXN00002846,ACCT000146,2024-09-16,refund,101.91,GBP,MERCH0002,posted
TXN00003517,ACCT000182,2024-09-16,deposit,4161.93,GBP,,failed
TXN00003924,ACCT000206,2024-09-16,transfer,-949.69,GBP,,posted
TXN00004932,ACCT000266,2024-09-16,purchase,-182.61,USD,MERCH0007,posted
TXN00004948,ACCT000266,2024-09-16,fee,-2.17,USD,,failed
TXN00005708,ACCT000309,2024-09-16,purchase,-259.56,GBP,MERCH0002,posted
TXN00005840,ACCT000316,2024-09-16,purchase,-335.95,USD,MERCH0004,failed
TXN00006139,ACCT000328,2024-09-16,withdrawal,-766.18,USD,,posted
TXN00006228,ACCT000335,2024-09-16,purchase,-187.43,USD,MERCH0004,pending
TXN00000125,ACCT000008,2024-09-17,deposit,3751.83,GBP,,posted
TXN00000798,ACCT000050,2024-09-17,fee,-19.77,USD,,posted
TXN00001359,ACCT000077,2024-09-17,transfer,1047.41,USD,,posted
TXN00001787,ACCT000095,2024-09-17,purchase,-403.74,GBP,MERCH0003,posted
TXN00002059,ACCT000109,2024-09-17,purchase,-148.96,EUR,MERCH0001,posted
TXN00002470,ACCT000129,2024-09-17,purchase,-285.45,GBP,MERCH0007,posted
TXN00002561,ACCT000133,2024-09-17,fee,-5.9,USD,,pending
TXN00002775,ACCT000143,2024-09-17,purchase,-98.11,USD,MERCH0007,pending
TXN00002989,ACCT000153,2024-09-17,withdrawal,-409.12,USD,,failed
TXN00003096,ACCT000158,2024-09-17,deposit,4948.75,EUR,,posted
TXN00003936,ACCT000207,2024-09-17,purchase,-340.21,EUR,MERCH0002,posted
TXN00004345,ACCT000234,2024-09-17,refund,132.05,EUR,MERCH0002,posted
TXN00004697,ACCT000250,2024-09-17,deposit,1095.81,GBP,,posted
TXN00004943,ACCT000266,2024-09-17,transfer,1768.42,USD,,posted
TXN00005266,ACCT000283,2024-09-17,fee,-30.28,USD,,posted
TXN00005441,ACCT000293,2024-09-17,purchase,-74.17,GBP,MERCH0005,posted
TXN00005626,ACCT000304,2024-09-17,purchase,-66.14,GBP,MERCH0007,pending
TXN00006238,ACCT000335,2024-09-17,purchase,-243.8,USD,MERCH0010,posted
TXN00000134,ACCT000008,2024-09-18,deposit,4872.85,GBP,,posted
TXN00000497,ACCT000031,2024-09-18,deposit,3095.19,GBP,,failed
TXN00000542,ACCT000033,2024-09-18,refund,178.26,EUR,MERCH0008,posted
TXN00000599,ACCT000037,2024-09-18,transfer,565.14,GBP,,pending
TXN00002777,ACCT000143,2024-09-18,fee,-6.44,USD,,posted
TXN00002867,ACCT000146,2024-09-18,purchase,-237.48,GBP,MERCH0002,posted
TXN00002886,ACCT000147,2024-09-18,refund,152.21,USD,MERCH0007,failed
TXN00003423,ACCT000178,2024-09-18,refund,180.23,USD,MERCH0007,pending
TXN00005035,ACCT000271,2024-09-18,fee,-6.7,USD,,pending
TXN00005043,ACCT000271,2024-09-18,purchase,-293.04,USD,MERCH0001,posted
TXN00005048,ACCT000271,2024-09-18,fee,-23.49,USD,,pending
TXN00005382,ACCT000291,2024-09-18,withdrawal,-479.17,USD,,posted
TXN00005604,ACCT000303,2024-09-18,refund,34.48,EUR,MERCH0007,pending
TXN00005944,ACCT000320,2024-09-18,fee,-28.7,USD,,pending
TXN00000178,ACCT000010,2024-09-19,purchase,-119.29,EUR,MERCH0005,posted
TXN00000506,ACCT000032,2024-09-19,withdrawal,-703.37,USD,,pending
TXN00001148,ACCT000066,2024-09-19,deposit,2473.63,GBP,,posted
TXN00001371,ACCT000078,2024-09-19,purchase,-417.19,USD,MERCH0005,posted
TXN00001658,ACCT000090,2024-09-19,purchase,-198.67,USD,MERCH0003,pending
TXN00002149,ACCT000114,2024-09-19,purchase,-125.5,USD,MERCH0005,posted
TXN00002247,ACCT000121,2024-09-19,purchase,-399.31,EUR,MERCH0005,failed
TXN00002681,ACCT000138,2024-09-19,withdrawal,-785.99,USD,,posted
TXN00002781,ACCT000144,2024-09-19,fee,-7.96,EUR,,posted
TXN00002897,ACCT000148,2024-09-19,purchase,-170.62,USD,MERCH0008,posted
TXN00003312,ACCT000173,2024-09-19,transfer,-946.1,GBP,,pending
TXN00004702,ACCT000251,2024-09-19,refund,130.47,EUR,MERCH0009,posted
TXN00005310,ACCT000287,2024-09-19,withdrawal,-171.67,EUR,,failed
TXN00005890,ACCT000318,2024-09-19,purchase,-233.21,USD,MERCH0002,posted
TXN00000093,ACCT000006,2024-09-20,purchase,-433.36,USD,MERCH0003,posted
TXN00000894,ACCT000055,2024-09-20,purchase,-403.1,EUR,MERCH0002,failed
TXN00001199,ACCT000068,2024-09-20,purchase,-417.2,EUR,MERCH0001,posted
TXN00002749,ACCT000140,2024-09-20,withdrawal,-213.62,EUR,,posted
TXN00003012,ACCT000154,2024-09-20,purchase,-274.1,USD,MERCH0008,failed
TXN00003191,ACCT000165,2024-09-20,deposit,4953.8,EUR,,posted
TXN00003290,ACCT000170,2024-09-20,fee,-21.41,EUR,,posted
TXN00003664,ACCT000192,2024-09-20,purchase,-30.23,USD,MERCH0010,posted
TXN00003673,ACCT000192,2024-09-20,purchase,-252.0,USD,MERCH0010,posted
TXN00004365,ACCT000235,2024-09-20,fee,-5.31,USD,,posted
TXN00005033,ACCT000271,2024-09-20,purchase,-263.68,USD,MERCH0006,posted
TXN00005950,ACCT000320,2024-09-20,transfer,1079.65,USD,,posted
TXN00000423,ACCT000026,2024-09-21,purchase,-5.25,USD,MERCH0001,pending
TXN00000457,ACCT000028,2024-09-21,fee,-13.0,GBP,,posted
TXN00000466,ACCT000028,2024-09-21,fee,-21.38,GBP,,pending
TXN00000535,ACCT000033,2024-09-21,transfer,614.07,EUR,,pending
TXN00000749,ACCT000047,2024-09-21,purchase,-326.88,EUR,MERCH0004,posted
TXN00000986,ACCT000058,2024-09-21,fee,-16.66,USD,,posted
TXN00000987,ACCT000058,2024-09-21,purchase,-217.34,USD,MERCH0001,posted
TXN00001212,ACCT000069,2024-09-21,purchase,-154.22,USD,MERCH0002,posted
TXN00001310,ACCT000073,2024-09-21,purchase,-23.99,USD,MERCH0004,posted
TXN00001751,ACCT000093,2024-09-21,transfer,1575.0,USD,,posted
TXN00002071,ACCT000110,2024-09-21,refund,150.39,GBP,MERCH0006,posted
TXN00002363,ACCT000126,2024-09-21,deposit,1814.68,GBP,,posted
TXN00002849,ACCT000146,2024-09-21,refund,180.75,GBP,MERCH0003,posted
TXN00003488,ACCT000181,2024-09-21,purchase,-145.79,USD,MERCH0006,posted
TXN00004629,ACCT000247,2024-09-21,purchase,-355.48,EUR,MERCH0007,posted
TXN00004780,ACCT000255,2024-09-21,fee,-19.9,EUR,,posted
TXN00004792,ACCT000256,2024-09-21,refund,33.0,USD,MERCH0006,failed
TXN00005016,ACCT000270,2024-09-21,deposit,538.35,USD,,posted
TXN00005795,ACCT000313,2024-09-21,withdrawal,-459.12,EUR,,failed
TXN00000301,ACCT000018,2024-09-22,purchase,-151.69,USD,MERCH0008,posted
TXN00000954,ACCT000057,2024-09-22,deposit,3917.35,EUR,,posted
TXN00001811,ACCT000097,2024-09-22,transfer,357.41,USD,,pending
TXN00001896,ACCT000101,2024-09-22,fee,-4.71,USD,,posted
TXN00001917,ACCT000102,2024-09-22,purchase,-440.45,USD,MERCH0003,posted
TXN00002747,ACCT000140,2024-09-22,deposit,4790.74,EUR,,pending
TXN00003561,ACCT000184,2024-09-22,deposit,1699.87,GBP,,posted
TXN00004478,ACCT000240,2024-09-22,purchase,-212.17,USD,MERCH0004,posted
TXN00004863,ACCT000261,2024-09-22,purchase,-408.36,EUR,MERCH0004,pending
TXN00005091,ACCT000273,2024-09-22,fee,-24.77,USD,,posted
TXN00005153,ACCT000278,2024-09-22,purchase,-63.65,USD,MERCH0003,posted
TXN00005450,ACCT000294,2024-09-22,transfer,864.41,GBP,,posted
TXN00005805,ACCT000314,2024-09-22,transfer,867.11,USD,,posted
TXN00006030,ACCT000323,2024-09-22,deposit,2521.6,USD,,posted
TXN00006217,ACCT000334,2024-09-22,refund,121.91,USD,MERCH0003,posted
TXN00000165,ACCT000009,2024-09-23,fee,-24.83,EUR,,posted
TXN00000584,ACCT000036,2024-09-23,deposit,2390.49,EUR,,failed
TXN00000737,ACCT000047,2024-09-23,withdrawal,-460.66,EUR,,failed
TXN00000955,ACCT000057,2024-09-23,purchase,-243.67,EUR,MERCH0002,posted
TXN00001398,ACCT000079,2024-09-23,purchase,-260.07,EUR,MERCH0010,posted
TXN00002072,ACCT000110,2024-09-23,refund,74.29,GBP,MERCH0007,posted
TXN00002111,ACCT000112,2024-09-23,transfer,-1686.03,EUR,,failed
TXN00002939,ACCT000151,2024-09-23,purchase,-392.7,GBP,MERCH0004,pending
TXN00003074,ACCT000158,2024-09-23,purchase,-63.69,EUR,MERCH0010,posted
TXN00003248,ACCT000168,2024-09-23,deposit,1838.54,USD,,posted
TXN00004041,ACCT000215,2024-09-23,purchase,-357.56,USD,MERCH0010,posted
TXN00004229,ACCT000226,2024-09-23,purchase,-421.54,USD,MERCH0007,pending
TXN00004465,ACCT000240,2024-09-23,purchase,-42.99,USD,MERCH0002,posted
TXN00004979,ACCT000267,2024-09-23,fee,-28.48,GBP,,posted
TXN00005303,ACCT000286,2024-09-23,fee,-1.5,EUR,,posted
TXN00005636,ACCT000304,2024-09-23,deposit,2824.28,GBP,,pending
TXN00005697,ACCT000309,2024-09-23,withdrawal,-669.45,GBP,,posted
TXN00005999,ACCT000322,2024-09-23,deposit,2610.88,EUR,,failed
TXN00006051,ACCT000324,2024-09-23,purchase,-317.51,EUR,MERCH0004,failed
TXN00000141,ACCT000008,2024-09-24,withdrawal,-150.23,GBP,,posted
TXN00000814,ACCT000051,2024-09-24,withdrawal,-689.13,USD,,posted
TXN00000884,ACCT000054,2024-09-24,refund,50.13,USD,MERCH0007,posted
TXN00001128,ACCT000065,2024-09-24,fee,-4.94,USD,,posted
TXN00001244,ACCT000070,2024-09-24,purchase,-169.05,USD,MERCH0002,posted
TXN00001305,ACCT000073,2024-09-24,withdrawal,-169.64,USD,,failed
TXN00001396,ACCT000079,2024-09-24,purchase,-429.93,EUR,MERCH0007,posted
TXN00002074,ACCT000111,2024-09-24,refund,48.26,USD,MERCH0007,posted
TXN00002372,ACCT000126,2024-09-24,withdrawal,-67.47,GBP,,posted
TXN00002507,ACCT000131,2024-09-24,purchase,-448.93,EUR,MERCH0002,pending
TXN00002520,ACCT000131,2024-09-24,purchase,-366.48,EUR,MERCH0007,failed
TXN00002735,ACCT000140,2024-09-24,transfer,-1822.09,EUR,,posted
TXN00003065,ACCT000157,2024-09-24,deposit,2419.52,USD,,failed
TXN00003125,ACCT000159,2024-09-24,withdrawal,-558.13,USD,,posted
TXN00004149,ACCT000223,2024-09-24,purchase,-113.57,USD,MERCH0005,posted
TXN00004499,ACCT000241,2024-09-24,withdrawal,-716.37,USD,,posted
TXN00004646,ACCT000248,2024-09-24,purchase,-74.66,USD,MERCH0003,posted
TXN00005077,ACCT000272,2024-09-24,purchase,-252.97,EUR,MERCH0006,failed
TXN00005423,ACCT000292,2024-09-24,purchase,-233.23,USD,MERCH0005,posted
TXN00000364,ACCT000023,2024-09-25,purchase,-58.08,USD,MERCH0010,posted
TXN00000645,ACCT000039,2024-09-25,deposit,1249.46,USD,,posted
TXN00000725,ACCT000046,2024-09-25,refund,162.17,USD,MERCH0008,pending
TXN00000922,ACCT000056,2024-09-25,purchase,-174.18,EUR,MERCH0002,posted
TXN00001074,ACCT000063,2024-09-25,withdrawal,-407.23,EUR,,posted
TXN00001154,ACCT000066,2024-09-25,purchase,-212.29,GBP,MERCH0005,posted
TXN00001662,ACCT000090,2024-09-25,withdrawal,-256.66,USD,,posted
TXN00002050,ACCT000109,2024-09-25,purchase,-83.37,EUR,MERCH0008,posted
TXN00002092,ACCT000111,2024-09-25,withdrawal,-404.77,USD,,posted
TXN00002169,ACCT000116,2024-09-25,refund,150.55,USD,MERCH0003,pending
TXN00002248,ACCT000121,2024-09-25,deposit,4759.89,EUR,,pending
TXN00002289,ACCT000122,2024-09-25,refund,18.08,USD,MERCH0001,posted
TXN00002573,ACCT000133,2024-09-25,withdrawal,-35.91,USD,,pending
TXN00002894,ACCT000148,2024-09-25,transfer,-1600.1,USD,,pending
TXN00003228,ACCT000167,2024-09-25,purchase,-410.45,GBP,MERCH0001,posted
TXN00003360,ACCT000176,2024-09-25,fee,-16.66,USD,,posted
TXN00003382,ACCT000177,2024-09-25,purchase,-360.07,USD,MERCH0004,posted
TXN00003406,ACCT000178,2024-09-25,fee,-14.12,USD,,pending
TXN00003833,ACCT000201,2024-09-25,purchase,-191.39,EUR,MERCH0002,posted
TXN00005419,ACCT000292,2024-09-25,purchase,-117.11,USD,MERCH0005,posted
TXN00005742,ACCT000310,2024-09-25,deposit,4063.25,GBP,,posted
TXN00000001,ACCT000001,2024-09-26,withdrawal,-655.87,USD,,posted
TXN00000205,ACCT000011,2024-09-26,refund,68.35,GBP,MERCH0001,pending
TXN00000271,ACCT000016,2024-09-26,fee,-22.6,USD,,posted
TXN00000657,ACCT000040,2024-09-26,purchase,-79.13,GBP,MERCH0005,posted
TXN00001134,ACCT000066,2024-09-26,purchase,-414.42,GBP,MERCH0007,posted
TXN00001854,ACCT000099,2024-09-26,deposit,559.45,USD,,posted
TXN00003010,ACCT000154,2024-09-26,purchase,-130.15,USD,MERCH0010,posted
TXN00003412,ACCT000178,2024-09-26,deposit,4036.65,USD,,posted
TXN00004332,ACCT000233,2024-09-26,fee,-4.37,USD,,posted
TXN00004664,ACCT000249,2024-09-26,withdrawal,-160.45,GBP,,posted
TXN00004961,ACCT000266,2024-09-26,purchase,-94.65,USD,MERCH0003,pending
TXN00005709,ACCT000309,2024-09-26,purchase,-240.09,GBP,MERCH0007,posted
TXN00005959,ACCT000320,2024-09-26,fee,-24.25,USD,,posted
TXN00006229,ACCT000335,2024-09-26,purchase,-342.93,USD,MERCH0010,failed
TXN00000809,ACCT000051,2024-09-27,purchase,-313.69,USD,MERCH0001,pending
TXN00000967,ACCT000058,2024-09-27,deposit,970.73,USD,,posted
TXN00001263,ACCT000070,2024-09-27,transfer,529.21,USD,,posted
TXN00001724,ACCT000092,2024-09-27,withdrawal,-386.74,USD,,failed
TXN00001882,ACCT000101,2024-09-27,transfer,1422.85,USD,,failed
TXN00002046,ACCT000109,2024-09-27,withdrawal,-681.12,EUR,,posted
TXN00002575,ACCT000134,2024-09-27,purchase,-149.11,GBP,MERCH0001,posted
TXN00003201,ACCT000166,2024-09-27,purchase,-122.71,USD,MERCH0007,posted
TXN00003386,ACCT000177,2024-09-27,purchase,-237.1,USD,MERCH0010,pending
TXN00005069,ACCT000272,2024-09-27,withdrawal,-39.3,EUR,,posted
TXN00005660,ACCT000306,2024-09-27,transfer,-1534.2,USD,,pending
TXN00006140,ACCT000328,2024-09-27,transfer,42.59,USD,,posted
TXN00001848,ACCT000099,2024-09-28,transfer,79.28,USD,,posted
TXN00001889,ACCT000101,2024-09-28,refund,55.32,USD,MERCH0006,pending
TXN00002120,ACCT000112,2024-09-28,purchase,-378.79,EUR,MERCH0005,posted
TXN00002662,ACCT000137,2024-09-28,purchase,-354.77,USD,MERCH0002,posted
TXN00002868,ACCT000147,2024-09-28,purchase,-396.53,USD,MERCH0005,posted
TXN00003607,ACCT000186,2024-09-28,withdrawal,-159.56,USD,,posted
TXN00004450,ACCT000239,2024-09-28,purchase,-114.34,USD,MERCH0008,failed
TXN00004658,ACCT000249,2024-09-28,withdrawal,-575.79,GBP,,posted
TXN00004958,ACCT000266,2024-09-28,withdrawal,-752.46,USD,,posted
TXN00005004,ACCT000269,2024-09-28,purchase,-235.7,GBP,MERCH0006,pending
TXN00005418,ACCT000292,2024-09-28,purchase,-395.37,USD,MERCH0009,posted
TXN00005612,ACCT000303,2024-09-28,purchase,-227.43,EUR,MERCH0005,posted
TXN00005912,ACCT000319,2024-09-28,purchase,-223.05,USD,MERCH0006,posted
TXN00005985,ACCT000321,2024-09-28,transfer,900.01,EUR,,failed
TXN00000571,ACCT000035,2024-09-29,withdrawal,-342.07,USD,,posted
TXN00000663,ACCT000040,2024-09-29,purchase,-91.9,GBP,MERCH0003,posted
TXN00000722,ACCT000046,2024-09-29,purchase,-326.66,USD,MERCH0008,pending
TXN00000783,ACCT000049,2024-09-29,withdrawal,-324.19,EUR,,pending
TXN00000928,ACCT000056,2024-09-29,transfer,982.73,EUR,,pending
TXN00000953,ACCT000057,2024-09-29,refund,21.22,EUR,MERCH0006,posted
TXN00000976,ACCT000058,2024-09-29,transfer,1759.07,USD,,posted
TXN00001311,ACCT000073,2024-09-29,refund,4.02,USD,MERCH0006,posted
TXN00001480,ACCT000083,2024-09-29,fee,-20.93,EUR,,failed
TXN00001801,ACCT000096,2024-09-29,purchase,-338.22,USD,MERCH0008,pending
TXN00001968,ACCT000105,2024-09-29,purchase,-138.33,USD,MERCH0010,failed
TXN00002538,ACCT000132,2024-09-29,transfer,283.4,USD,,posted
TXN00002762,ACCT000142,2024-09-29,purchase,-437.63,USD,MERCH0006,posted
TXN00003162,ACCT000163,2024-09-29,deposit,4770.41,GBP,,posted
TXN00003657,ACCT000192,2024-09-29,deposit,4106.27,USD,,posted
TXN00004006,ACCT000212,2024-09-29,withdrawal,-97.81,EUR,,posted
TXN00004622,ACCT000247,2024-09-29,purchase,-223.24,EUR,MERCH0007,posted
TXN00005074,ACCT000272,2024-09-29,refund,92.24,EUR,MERCH0006,posted
TXN00005823,ACCT000315,2024-09-29,withdrawal,-695.78,EUR,,posted
TXN00000412,ACCT000025,2024-09-30,purchase,-27.26,USD,MERCH0002,posted
TXN00000559,ACCT000035,2024-09-30,withdrawal,-728.96,USD,,posted
TXN00000810,ACCT000051,2024-09-30,withdrawal,-67.91,USD,,posted
TXN00001283,ACCT000072,2024-09-30,purchase,-43.1,USD,MERCH0005,failed
TXN00001651,ACCT000089,2024-09-30,purchase,-60.14,USD,MERCH0001,posted
TXN00001667,ACCT000090,2024-09-30,purchase,-292.94,USD,MERCH0001,failed
TXN00002060,ACCT000109,2024-09-30,fee,-31.51,EUR,,posted
TXN00002153,ACCT000115,2024-09-30,deposit,1942.92,EUR,,posted
TXN00002286,ACCT000122,2024-09-30,purchase,-327.87,USD,MERCH0003,failed
TXN00002348,ACCT000125,2024-09-30,deposit,3797.05,EUR,,posted
TXN00002430,ACCT000128,2024-09-30,purchase,-244.41,GBP,MERCH0003,posted
TXN00003060,ACCT000157,2024-09-30,refund,27.05,USD,MERCH0009,failed
TXN00003167,ACCT000163,2024-09-30,purchase,-217.26,GBP,MERCH0009,failed
TXN00003448,ACCT000179,2024-09-30,fee,-32.43,USD,,posted
TXN00003932,ACCT000207,2024-09-30,withdrawal,-627.89,EUR,,posted
TXN00004226,ACCT000226,2024-09-30,purchase,-90.27,USD,MERCH0004,pending
TXN00004718,ACCT000252,2024-09-30,fee,-28.96,USD,,posted
TXN00004781,ACCT000255,2024-09-30,refund,39.9,EUR,MERCH0010,posted
TXN00004819,ACCT000258,2024-09-30,fee,-30.44,USD,,posted
TXN00004876,ACCT000262,2024-09-30,fee,-2.46,USD,,posted
TXN00005122,ACCT000277,2024-09-30,deposit,2884.68,GBP,,posted
TXN00005218,ACCT000282,2024-09-30,purchase,-23.38,USD,MERCH0005,pending
TXN00005239,ACCT000283,2024-09-30,refund,65.47,USD,MERCH0005,posted
TXN00005387,ACCT000291,2024-09-30,transfer,-303.13,USD,,failed
TXN00005753,ACCT000312,2024-09-30,deposit,2363.92,EUR,,posted
TXN00005930,ACCT000319,2024-09-30,purchase,-177.04,USD,MERCH0004,posted
TXN00005947,ACCT000320,2024-09-30,purchase,-237.92,USD,MERCH0003,posted
TXN00000135,ACCT000008,2024-10-01,transfer,1181.15,GBP,,failed
TXN00001048,ACCT000062,2024-10-01,deposit,1472.41,EUR,,posted
TXN00002133,ACCT000113,2024-10-01,deposit,3908.78,USD,,posted
TXN00002739,ACCT000140,2024-10-01,deposit,2468.51,EUR,,posted
TXN00002907,ACCT000149,2024-10-01,withdrawal,-119.39,USD,,posted
TXN00003165,ACCT000163,2024-10-01,refund,175.32,GBP,MERCH0002,posted
TXN00003626,ACCT000189,2024-10-01,purchase,-215.14,USD,MERCH0002,pending
TXN00003883,ACCT000205,2024-10-01,purchase,-151.42,EUR,MERCH0010,pending
TXN00004213,ACCT000226,2024-10-01,deposit,3106.55,USD,,pending
TXN00004302,ACCT000232,2024-10-01,withdrawal,-752.02,USD,,pending
TXN00004482,ACCT000240,2024-10-01,fee,-9.54,USD,,posted
TXN00005088,ACCT000273,2024-10-01,purchase,-255.35,USD,MERCH0007,posted
TXN00005452,ACCT000294,2024-10-01,refund,177.54,GBP,MERCH0003,posted
TXN00005948,ACCT000320,2024-10-01,purchase,-238.54,USD,MERCH0002,posted
TXN00006005,ACCT000322,2024-10-01,refund,23.06,EUR,MERCH0008,posted
TXN00006236,ACCT000335,2024-10-01,purchase,-359.34,USD,MERCH0010,posted
TXN00000306,ACCT000019,2024-10-02,purchase,-92.14,EUR,MERCH0009,posted
TXN00000442,ACCT000027,2024-10-02,fee,-27.15,GBP,,posted
TXN00001174,ACCT000067,2024-10-02,deposit,476.16,EUR,,posted
TXN00001415,ACCT000080,2024-10-02,refund,19.26,USD,MERCH0002,failed
TXN00001559,ACCT000086,2024-10-02,purchase,-434.66,GBP,MERCH0004,posted
TXN00002102,ACCT000112,2024-10-02,deposit,82.99,EUR,,posted
TXN00002339,ACCT000124,2024-10-02,purchase,-292.25,USD,MERCH0010,pending
TXN00002417,ACCT000128,2024-10-02,refund,116.24,GBP,MERCH0005,failed
TXN00002560,ACCT000133,2024-10-02,withdrawal,-277.82,USD,,pending
TXN00002599,ACCT000134,2024-10-02,purchase,-333.13,GBP,MERCH0007,pending
TXN00003297,ACCT000172,2024-10-02,purchase,-329.3,USD,MERCH0001,posted
TXN00003392,ACCT000177,2024-10-02,refund,61.83,USD,MERCH0005,posted
TXN00003662,ACCT000192,2024-10-02,fee,-28.33,USD,,pending
TXN00004109,ACCT000220,2024-10-02,purchase,-141.26,GBP,MERCH0007,posted
TXN00004305,ACCT000232,2024-10-02,refund,169.63,USD,MERCH0003,posted
TXN00005872,ACCT000317,2024-10-02,fee,-15.06,USD,,posted
TXN00005878,ACCT000317,2024-10-02,transfer,-1393.66,USD,,posted
TXN00000285,ACCT000017,2024-10-03,withdrawal,-223.69,USD,,failed
TXN00000307,ACCT000019,2024-10-03,transfer,-55.47,EUR,,posted
TXN00000321,ACCT000019,2024-10-03,withdrawal,-348.28,EUR,,posted
TXN00000443,ACCT000027,2024-10-03,withdrawal,-443.91,GBP,,pending
TXN00000523,ACCT000032,2024-10-03,purchase,-158.24,USD,MERCH0009,failed
TXN00000560,ACCT000035,2024-10-03,deposit,4033.3,USD,,posted
TXN00000863,ACCT000054,2024-10-03,withdrawal,-409.75,USD,,posted
TXN00001130,ACCT000065,2024-10-03,refund,25.16,USD,MERCH0008,failed
TXN00001277,ACCT000072,2024-10-03,purchase,-243.28,USD,MERCH0004,posted
TXN00002080,ACCT000111,2024-10-03,refund,27.9,USD,MERCH0002,posted
TXN00003325,ACCT000175,2024-10-03,deposit,4389.38,USD,,pending
TXN00003503,ACCT000182,2024-10-03,purchase,-438.47,GBP,MERCH0002,failed
TXN00004344,ACCT000234,2024-10-03,fee,-20.26,EUR,,failed
TXN00004568,ACCT000243,2024-10-03,deposit,4791.62,EUR,,posted
TXN00004665,ACCT000249,2024-10-03,fee,-28.5,GBP,,posted
TXN00004738,ACCT000253,2024-10-03,purchase,-289.36,USD,MERCH0009,posted
TXN00004745,ACCT000253,2024-10-03,purchase,-421.87,USD,MERCH0007,failed
TXN00004794,ACCT000256,2024-10-03,fee,-22.91,USD,,failed
TXN00004853,ACCT000261,2024-10-03,purchase,-216.4,EUR,MERCH0008,posted
TXN00005042,ACCT000271,2024-10-03,fee,-29.81,USD,,posted
TXN00005075,ACCT000272,2024-10-03,purchase,-107.38,EUR,MERCH0008,pending
TXN00005285,ACCT000286,2024-10-03,purchase,-13.61,EUR,MERCH0002,posted
TXN00005362,ACCT000290,2024-10-03,transfer,-161.79,USD,,posted
TXN00005438,ACCT000293,2024-10-03,purchase,-158.46,GBP,MERCH0010,posted
TXN00005762,ACCT000312,2024-10-03,withdrawal,-92.43,EUR,,posted
TXN00005888,ACCT000318,2024-10-03,purchase,-394.71,USD,MERCH0010,pending
TXN00000203,ACCT000010,2024-10-04,withdrawal,-156.93,EUR,,posted
TXN00000314,ACCT000019,2024-10-04,deposit,1160.39,EUR,,posted
TXN00000708,ACCT000044,2024-10-04,refund,110.07,USD,MERCH0008,posted
TXN00001257,ACCT000070,2024-10-04,purchase,-236.22,USD,MERCH0010,posted
TXN00001951,ACCT000104,2024-10-04,transfer,-260.46,GBP,,pending
TXN00002147,ACCT000114,2024-10-04,purchase,-331.94,USD,MERCH0002,posted
TXN00002360,ACCT000126,2024-10-04,refund,98.35,GBP,MERCH0003,posted
TXN00002872,ACCT000147,2024-10-04,purchase,-301.19,USD,MERCH0003,pending
TXN00002993,ACCT000154,2024-10-04,transfer,1490.2,USD,,posted
TXN00003478,ACCT000180,2024-10-04,purchase,-105.3,USD,MERCH0002,posted
TXN00003512,ACCT000182,2024-10-04,withdrawal,-407.02,GBP,,posted
TXN00003849,ACCT000203,2024-10-04,withdrawal,-72.17,EUR,,posted
TXN00004092,ACCT000219,2024-10-04,purchase,-364.86,GBP,MERCH0003,posted
TXN00004502,ACCT000241,2024-10-04,withdrawal,-412.64,USD,,posted
TXN00004652,ACCT000249,2024-10-04,deposit,3558.12,GBP,,failed
TXN00004888,ACCT000263,2024-10-04,fee,-2.04,GBP,,posted
TXN00004909,ACCT000263,2024-10-04,withdrawal,-210.6,GBP,,posted
TXN00004969,ACCT000267,2024-10-04,deposit,4856.77,GBP,,pending
TXN00005028,ACCT000271,2024-10-04,refund,135.21,USD,MERCH0001,pending
TXN00005332,ACCT000288,2024-10-04,purchase,-163.55,USD,MERCH0002,posted
TXN00005686,ACCT000308,2024-10-04,deposit,2457.79,USD,,pending
TXN00005906,ACCT000319,2024-10-04,purchase,-183.81,USD,MERCH0002,posted
TXN00006076,ACCT000325,2024-10-04,deposit,4561.52,USD,,posted
TXN00000580,ACCT000036,2024-10-05,refund,40.86,EUR,MERCH0003,posted
TXN00001219,ACCT000069,2024-10-05,refund,177.87,USD,MERCH0006,failed
TXN00001691,ACCT000091,2024-10-05,withdrawal,-100.0,EUR,,posted
TXN00002822,ACCT000145,2024-10-05,purchase,-49.41,EUR,MERCH0009,posted
TXN00003281,ACCT000170,2024-10-05,purchase,-298.43,EUR,MERCH0007,posted
TXN00004288,ACCT000230,2024-10-05,fee,-34.89,USD,,failed
TXN00004793,ACCT000256,2024-10-05,refund,9.53,USD,MERCH0003,pending
TXN00005032,ACCT000271,2024-10-05,purchase,-337.78,USD,MERCH0008,posted
TXN00005104,ACCT000276,2024-10-05,purchase,-405.14,GBP,MERCH0002,posted
TXN00005226,ACCT000282,2024-10-05,purchase,-394.65,USD,MERCH0002,pending
TXN00005300,ACCT000286,2024-10-05,withdrawal,-165.53,EUR,,failed
TXN00005599,ACCT000302,2024-10-05,purchase,-206.67,EUR,MERCH0007,posted
TXN00005670,ACCT000307,2024-10-05,deposit,4702.78,GBP,,posted
TXN00005672,ACCT000307,2024-10-05,refund,165.16,GBP,MERCH0005,posted
TXN00005745,ACCT000310,2024-10-05,purchase,-132.71,GBP,MERCH0005,posted
TXN00001028,ACCT000061,2024-10-06,purchase,-445.85,GBP,MERCH0001,posted
TXN00001401,ACCT000079,2024-10-06,transfer,931.21,EUR,,pending
TXN00001914,ACCT000102,2024-10-06,withdrawal,-537.46,USD,,posted
TXN00002048,ACCT000109,2024-10-06,refund,45.91,EUR,MERCH0009,posted
TXN00002208,ACCT000117,2024-10-06,purchase,-168.18,USD,MERCH0001,pending
TXN00002370,ACCT000126,2024-10-06,purchase,-121.8,GBP,MERCH0010,posted
TXN00003063,ACCT000157,2024-10-06,withdrawal,-585.75,USD,,pending
TXN00003087,ACCT000158,2024-10-06,withdrawal,-726.93,EUR,,failed
TXN00004316,ACCT000232,2024-10-06,purchase,-62.56,USD,MERCH0007,posted
TXN00005041,ACCT000271,2024-10-06,purchase,-417.99,USD,MERCH0003,failed
TXN00005072,ACCT000272,2024-10-06,transfer,452.89,EUR,,posted
TXN00005219,ACCT000282,2024-10-06,withdrawal,-89.12,USD,,posted
TXN00005926,ACCT000319,2024-10-06,deposit,224.62,USD,,posted
TXN00006234,ACCT000335,2024-10-06,purchase,-222.63,USD,MERCH0005,posted
TXN00000327,ACCT000020,2024-10-07,refund,138.58,EUR,MERCH0004,posted
TXN00001411,ACCT000080,2024-10-07,purchase,-14.94,USD,MERCH0008,failed
TXN00001756,ACCT000093,2024-10-07,purchase,-45.07,USD,MERCH0008,posted
TXN00002070,ACCT000110,2024-10-07,deposit,1676.99,GBP,,posted
TXN00002383,ACCT000126,2024-10-07,refund,65.88,GBP,MERCH0001,pending
TXN00002825,ACCT000145,2024-10-07,fee,-18.79,EUR,,posted
TXN00003718,ACCT000196,2024-10-07,purchase,-380.52,USD,MERCH0003,posted
TXN00003730,ACCT000196,2024-10-07,purchase,-399.0,USD,MERCH0008,posted
TXN00003788,ACCT000199,2024-10-07,purchase,-247.39,GBP,MERCH0002,failed
TXN00004389,ACCT000236,2024-10-07,fee,-17.32,USD,,posted
TXN00004535,ACCT000242,2024-10-07,fee,-17.18,USD,,failed
TXN00004630,ACCT000247,2024-10-07,withdrawal,-330.36,EUR,,posted
TXN00005081,ACCT000273,2024-10-07,deposit,2936.24,USD,,posted
TXN00005359,ACCT000289,2024-10-07,refund,79.12,EUR,MERCH0001,posted
TXN00005830,ACCT000315,2024-10-07,purchase,-161.3,EUR,MERCH0010,posted
TXN00000180,ACCT000010,2024-10-08,deposit,518.89,EUR,,posted
TXN00000441,ACCT000027,2024-10-08,purchase,-382.77,GBP,MERCH0001,failed
TXN00000478,ACCT000029,2024-10-08,transfer,-862.47,GBP,,posted
TXN00000586,ACCT000036,2024-10-08,purchase,-218.11,EUR,MERCH0005,posted
TXN00001652,ACCT000089,2024-10-08,withdrawal,-715.44,USD,,pending
TXN00001669,ACCT000090,2024-10-08,withdrawal,-583.22,USD,,posted
TXN00003086,ACCT000158,2024-10-08,purchase,-421.04,EUR,MERCH0009,failed
TXN00003282,ACCT000170,2024-10-08,fee,-20.48,EUR,,posted
TXN00003735,ACCT000196,2024-10-08,purchase,-117.62,USD,MERCH0008,failed
TXN00004125,ACCT000222,2024-10-08,purchase,-101.05,USD,MERCH0001,posted
TXN00004507,ACCT000241,2024-10-08,fee,-24.74,USD,,posted
TXN00004659,ACCT000249,2024-10-08,purchase,-322.79,GBP,MERCH0004,posted
TXN00005121,ACCT000277,2024-10-08,fee,-17.36,GBP,,posted
TXN00005169,ACCT000280,2024-10-08,transfer,-1251.22,USD,,posted
TXN00005645,ACCT000305,2024-10-08,purchase,-80.12,USD,MERCH0008,posted
TXN00005765,ACCT000312,2024-10-08,withdrawal,-529.89,EUR,,posted
TXN00005879,ACCT000317,2024-10-08,transfer,1756.11,USD,,pending
TXN00005902,ACCT000319,2024-10-08,transfer,-129.05,USD,,posted
TXN00000281,ACCT000017,2024-10-09,refund,45.99,USD,MERCH0005,posted
TXN00000302,ACCT000018,2024-10-09,purchase,-205.07,USD,MERCH0001,posted
TXN00000409,ACCT000025,2024-10-09,deposit,2711.88,USD,,failed
TXN00001223,ACCT000069,2024-10-09,withdrawal,-426.64,USD,,failed
TXN00001716,ACCT000092,2024-10-09,fee,-9.24,USD,,posted
TXN00002062,ACCT000109,2024-10-09,purchase,-418.85,EUR,MERCH0005,pending
TXN00002742,ACCT000140,2024-10-09,purchase,-177.14,EUR,MERCH0008,posted
TXN00002968,ACCT000152,2024-10-09,refund,186.99,USD,MERCH0001,posted
TXN00003050,ACCT000157,2024-10-09,withdrawal,-628.15,USD,,posted
TXN00003691,ACCT000194,2024-10-09,fee,-32.15,GBP,,posted
TXN00004140,ACCT000223,2024-10-09,withdrawal,-772.8,USD,,posted
TXN00004180,ACCT000225,2024-10-09,deposit,3113.33,EUR,,failed
TXN00004323,ACCT000232,2024-10-09,purchase,-280.76,USD,MERCH0001,failed
TXN00005273,ACCT000285,2024-10-09,purchase,-81.22,EUR,MERCH0003,posted
TXN00006070,ACCT000324,2024-10-09,purchase,-99.73,EUR,MERCH0010,failed
TXN00000294,ACCT000017,2024-10-10,deposit,3733.84,USD,,posted
TXN00000689,ACCT000042,2024-10-10,fee,-27.39,USD,,pending
TXN00000818,ACCT000051,2024-10-10,purchase,-269.21,USD,MERCH0003,posted
TXN00000858,ACCT000054,2024-10-10,purchase,-298.35,USD,MERCH0007,posted
TXN00000878,ACCT000054,2024-10-10,purchase,-111.91,USD,MERCH0008,pending
TXN00001272,ACCT000071,2024-10-10,fee,-3.23,GBP,,posted
TXN00001463,ACCT000083,2024-10-10,purchase,-173.06,EUR,MERCH0005,posted
TXN00001940,ACCT000103,2024-10-10,deposit,1540.26,USD,,posted
TXN00002058,ACCT000109,2024-10-10,fee,-3.43,EUR,,posted
TXN00002468,ACCT000129,2024-10-10,withdrawal,-612.72,GBP,,posted
TXN00002759,ACCT000142,2024-10-10,purchase,-147.83,USD,MERCH0005,pending
TXN00003075,ACCT000158,2024-10-10,transfer,-1257.39,EUR,,posted
TXN00003686,ACCT000194,2024-10-10,refund,183.45,GBP,MERCH0007,posted
TXN00003929,ACCT000207,2024-10-10,deposit,4470.09,EUR,,pending
TXN00004168,ACCT000224,2024-10-10,transfer,-809.36,EUR,,pending
TXN00004689,ACCT000250,2024-10-10,purchase,-297.63,GBP,MERCH0006,failed
TXN00005901,ACCT000318,2024-10-10,purchase,-184.75,USD,MERCH0003,pending
TXN00005976,ACCT000321,2024-10-10,purchase,-377.81,EUR,MERCH0002,posted
TXN00000026,ACCT000003,2024-10-11,fee,-4.51,EUR,,posted
TXN00000422,ACCT000026,2024-10-11,transfer,-1115.98,USD,,pending
TXN00000669,ACCT000040,2024-10-11,withdrawal,-195.95,GBP,,posted
TXN00000821,ACCT000051,2024-10-11,purchase,-340.7,USD,MERCH0005,posted
TXN00001278,ACCT000072,2024-10-11,refund,3.2,USD,MERCH0001,posted
TXN00001344,ACCT000077,2024-10-11,purchase,-132.89,USD,MERCH0003,posted
TXN00001953,ACCT000104,2024-10-11,purchase,-403.09,GBP,MERCH0004,failed
TXN00002084,ACCT000111,2024-10-11,purchase,-404.15,USD,MERCH0006,posted
TXN00002743,ACCT000140,2024-10-11,purchase,-381.95,EUR,MERCH0006,posted
TXN00002892,ACCT000148,2024-10-11,deposit,3853.15,USD,,posted
TXN00003161,ACCT000163,2024-10-11,transfer,331.65,GBP,,pending
TXN00003302,ACCT000173,2024-10-11,purchase,-327.07,GBP,MERCH0008,posted
TXN00003472,ACCT000180,2024-10-11,purchase,-387.35,USD,MERCH0006,pending
TXN00003493,ACCT000182,2024-10-11,purchase,-200.94,GBP,MERCH0006,failed
TXN00003647,ACCT000192,2024-10-11,fee,-24.29,USD,,posted
TXN00003803,ACCT000199,2024-10-11,fee,-18.35,GBP,,posted
TXN00003822,ACCT000201,2024-10-11,purchase,-338.43,EUR,MERCH0001,posted
TXN00004178,ACCT000225,2024-10-11,deposit,4380.92,EUR,,posted
TXN00004248,ACCT000227,2024-10-11,purchase,-177.27,GBP,MERCH0005,failed
TXN00004858,ACCT000261,2024-10-11,fee,-34.93,EUR,,posted
TXN00005197,ACCT000281,2024-10-11,purchase,-330.17,EUR,MERCH0007,pending
TXN00005797,ACCT000313,2024-10-11,fee,-20.57,EUR,,posted
TXN00005933,ACCT000319,2024-10-11,refund,57.59,USD,MERCH0010,posted
TXN00006029,ACCT000323,2024-10-11,transfer,1152.37,USD,,posted
TXN00000595,ACCT000036,2024-10-12,transfer,1471.71,EUR,,posted
TXN00000887,ACCT000054,2024-10-12,deposit,999.92,USD,,pending
TXN00000913,ACCT000055,2024-10-12,purchase,-427.62,EUR,MERCH0007,posted
TXN00001799,ACCT000096,2024-10-12,withdrawal,-567.63,USD,,posted
TXN00002726,ACCT000140,2024-10-12,deposit,990.23,EUR,,pending
TXN00002904,ACCT000148,2024-10-12,refund,24.29,USD,MERCH0010,posted
TXN00003272,ACCT000169,2024-10-12,refund,81.4,USD,MERCH0003,posted
TXN00003389,ACCT000177,2024-10-12,transfer,342.32,USD,,posted
TXN00003609,ACCT000186,2024-10-12,fee,-15.67,USD,,posted
TXN00003732,ACCT000196,2024-10-12,transfer,-1895.07,USD,,posted
TXN00004237,ACCT000227,2024-10-12,withdrawal,-698.1,GBP,,posted
TXN00004359,ACCT000235,2024-10-12,purchase,-123.85,USD,MERCH0003,posted
TXN00004748,ACCT000253,2024-10-12,purchase,-62.66,USD,MERCH0009,posted
TXN00004879,ACCT000262,2024-10-12,withdrawal,-560.92,USD,,posted
TXN00005777,ACCT000312,2024-10-12,transfer,1760.69,EUR,,posted
TXN00000029,ACCT000003,2024-10-13,deposit,2881.2,EUR,,posted
TXN00000415,ACCT000026,2024-10-13,purchase,-303.96,USD,MERCH0007,pending
TXN00000502,ACCT000032,2024-10-13,transfer,1927.31,USD,,posted
TXN00000688,ACCT000042,2024-10-13,refund,173.75,USD,MERCH0006,posted
TXN00000710,ACCT000044,2024-10-13,refund,90.05,USD,MERCH0007,pending
TXN00001242,ACCT000070,2024-10-13,transfer,-1211.17,USD,,posted
TXN00002195,ACCT000117,2024-10-13,refund,139.93,USD,MERCH0008,posted
TXN00002555,ACCT000133,2024-10-13,purchase,-216.05,USD,MERCH0006,failed
TXN00002809,ACCT000145,2024-10-13,refund,143.97,EUR,MERCH0004,failed
TXN00003372,ACCT000176,2024-10-13,transfer,-1227.57,USD,,posted
TXN00003491,ACCT000181,2024-10-13,transfer,1914.05,USD,,pending
TXN00003524,ACCT000182,2024-10-13,withdrawal,-467.85,GBP,,posted
TXN00003720,ACCT000196,2024-10-13,purchase,-101.14,USD,MERCH0007,failed
TXN00003733,ACCT000196,2024-10-13,purchase,-22.6,USD,MERCH0004,posted
TXN00003869,ACCT000205,2024-10-13,transfer,-1776.98,EUR,,failed
TXN00003994,ACCT000212,2024-10-13,transfer,710.39,EUR,,posted
TXN00004295,ACCT000230,2024-10-13,purchase,-222.22,USD,MERCH0003,posted
TXN00005493,ACCT000297,2024-10-13,transfer,432.77,USD,,posted
TXN00005685,ACCT000308,2024-10-13,deposit,64.8,USD,,posted
TXN00000488,ACCT000030,2024-10-14,purchase,-337.27,GBP,MERCH0002,posted
TXN00000664,ACCT000040,2024-10-14,purchase,-113.58,GBP,MERCH0001,pending
TXN00001421,ACCT000080,2024-10-14,deposit,2238.19,USD,,posted
TXN00001568,ACCT000087,2024-10-14,deposit,231.83,EUR,,posted
TXN00002756,ACCT000141,2024-10-14,purchase,-26.43,USD,MERCH0002,posted
TXN00002971,ACCT000152,2024-10-14,withdrawal,-66.71,USD,,pending
TXN00003275,ACCT000169,2024-10-14,deposit,2623.97,USD,,posted
TXN00003468,ACCT000180,2024-10-14,purchase,-206.54,USD,MERCH0003,failed
TXN00004881,ACCT000262,2024-10-14,purchase,-269.07,USD,MERCH0009,posted
TXN00004955,ACCT000266,2024-10-14,transfer,-517.93,USD,,posted
TXN00005774,ACCT000312,2024-10-14,fee,-33.09,EUR,,posted
TXN00005816,ACCT000314,2024-10-14,fee,-5.99,USD,,posted
TXN00005940,ACCT000320,2024-10-14,deposit,2963.19,USD,,posted
TXN00000318,ACCT000019,2024-10-15,purchase,-311.32,EUR,MERCH0001,posted
TXN00000431,ACCT000026,2024-10-15,transfer,-1349.17,USD,,posted
TXN00001589,ACCT000087,2024-10-15,transfer,-1362.87,EUR,,posted
TXN00001688,ACCT000090,2024-10-15,refund,63.55,USD,MERCH0003,posted
TXN00001938,ACCT000103,2024-10-15,fee,-24.08,USD,,posted
TXN00002185,ACCT000116,2024-10-15,purchase,-359.21,USD,MERCH0003,pending
TXN00002659,ACCT000137,2024-10-15,purchase,-260.06,USD,MERCH0007,posted
TXN00002801,ACCT000144,2024-10-15,refund,147.09,EUR,MERCH0002,posted
TXN00003746,ACCT000196,2024-10-15,refund,45.03,USD,MERCH0005,failed
TXN00004666,ACCT000249,2024-10-15,transfer,-1032.96,GBP,,posted
TXN00004783,ACCT000255,2024-10-15,purchase,-236.9,EUR,MERCH0001,posted
TXN00005021,ACCT000270,2024-10-15,withdrawal,-343.17,USD,,pending
TXN00005322,ACCT000288,2024-10-15,fee,-1.51,USD,,posted
TXN00005758,ACCT000312,2024-10-15,purchase,-286.48,EUR,MERCH0001,posted
TXN00005918,ACCT000319,2024-10-15,transfer,-1803.92,USD,,posted
TXN00006006,ACCT000322,2024-10-15,purchase,-327.49,EUR,MERCH0003,pending
TXN00006227,ACCT000335,2024-10-15,purchase,-166.59,USD,MERCH0003,pending
TXN00000003,ACCT000001,2024-10-16,deposit,4951.65,USD,,posted
TXN00000045,ACCT000004,2024-10-16,fee,-23.88,USD,,posted
TXN00000345,ACCT000022,2024-10-16,deposit,4890.58,USD,,failed
TXN00000437,ACCT000027,2024-10-16,transfer,936.44,GBP,,posted
TXN00000449,ACCT000028,2024-10-16,purchase,-422.81,GBP,MERCH0008,posted
TXN00000917,ACCT000056,2024-10-16,purchase,-283.18,EUR,MERCH0006,failed
TXN00000948,ACCT000056,2024-10-16,refund,189.71,EUR,MERCH0003,posted
TXN00001230,ACCT000069,2024-10-16,deposit,1784.17,USD,,posted
TXN00001250,ACCT000070,2024-10-16,refund,156.93,USD,MERCH0006,posted
TXN00001741,ACCT000093,2024-10-16,purchase,-443.96,USD,MERCH0010,posted
TXN00002359,ACCT000125,2024-10-16,transfer,1733.51,EUR,,posted
TXN00002376,ACCT000126,2024-10-16,refund,115.16,GBP,MERCH0005,pending
TXN00002751,ACCT000140,2024-10-16,purchase,-294.28,EUR,MERCH0001,posted
TXN00002874,ACCT000147,2024-10-16,purchase,-283.24,USD,MERCH0004,posted
TXN00003727,ACCT000196,2024-10-16,fee,-33.01,USD,,pending
TXN00003734,ACCT000196,2024-10-16,fee,-21.18,USD,,failed
TXN00003744,ACCT000196,2024-10-16,purchase,-151.53,USD,MERCH0005,posted
TXN00003769,ACCT000198,2024-10-16,transfer,-40.94,GBP,,posted
TXN00003938,ACCT000207,2024-10-16,purchase,-82.85,EUR,MERCH0003,posted
TXN00004188,ACCT000225,2024-10-16,deposit,4136.07,EUR,,pending
TXN00004272,ACCT000228,2024-10-16,purchase,-326.41,EUR,MERCH0004,posted
TXN00005061,ACCT000272,2024-10-16,purchase,-421.49,EUR,MERCH0003,failed
TXN00005151,ACCT000278,2024-10-16,purchase,-45.67,USD,MERCH0001,posted
TXN00000013,ACCT000001,2024-10-17,fee,-24.02,USD,,pending
TXN00000033,ACCT000004,2024-10-17,transfer,1889.56,USD,,failed
TXN00000202,ACCT000010,2024-10-17,purchase,-426.92,EUR,MERCH0010,posted
TXN00000365,ACCT000023,2024-10-17,purchase,-4.94,USD,MERCH0008,failed
TXN00000536,ACCT000033,2024-10-17,purchase,-47.24,EUR,MERCH0007,posted
TXN00000777,ACCT000049,2024-10-17,transfer,-362.71,EUR,,failed
TXN00001051,ACCT000062,2024-10-17,refund,44.32,EUR,MERCH0007,posted
TXN00001105,ACCT000064,2024-10-17,purchase,-324.21,GBP,MERCH0001,posted
TXN00001387,ACCT000078,2024-10-17,purchase,-71.7,USD,MERCH0003,posted
TXN00001845,ACCT000099,2024-10-17,transfer,1797.83,USD,,posted
TXN00001911,ACCT000102,2024-10-17,withdrawal,-671.58,USD,,pending
TXN00001926,ACCT000103,2024-10-17,transfer,238.18,USD,,posted
TXN00002094,ACCT000111,2024-10-17,purchase,-21.74,USD,MERCH0003,failed
TXN00002658,ACCT000137,2024-10-17,purchase,-442.68,USD,MERCH0005,failed
TXN00002786,ACCT000144,2024-10-17,withdrawal,-189.11,EUR,,posted
TXN00002793,ACCT000144,2024-10-17,purchase,-26.93,EUR,MERCH0002,posted
TXN00002909,ACCT000149,2024-10-17,purchase,-52.81,USD,MERCH0001,pending
TXN00002994,ACCT000154,2024-10-17,transfer,180.64,USD,,posted
TXN00003480,ACCT000180,2024-10-17,transfer,786.99,USD,,posted
TXN00003595,ACCT000186,2024-10-17,withdrawal,-557.18,USD,,posted
TXN00003670,ACCT000192,2024-10-17,purchase,-439.18,USD,MERCH0003,failed
TXN00003672,ACCT000192,2024-10-17,deposit,4917.86,USD,,pending
TXN00003702,ACCT000194,2024-10-17,refund,7.6,GBP,MERCH0007,pending
TXN00003707,ACCT000194,2024-10-17,refund,69.12,GBP,MERCH0006,posted
TXN00003743,ACCT000196,2024-10-17,deposit,4513.4,USD,,failed
TXN00004015,ACCT000212,2024-10-17,purchase,-66.22,EUR,MERCH0001,failed
TXN00004091,ACCT000218,2024-10-17,purchase,-190.01,USD,MERCH0001,posted
TXN00004240,ACCT000227,2024-10-17,deposit,1089.01,GBP,,posted
TXN00004284,ACCT000230,2024-10-17,purchase,-157.98,USD,MERCH0006,posted
TXN00005302,ACCT000286,2024-10-17,purchase,-163.6,EUR,MERCH0005,posted
TXN00005396,ACCT000292,2024-10-17,refund,76.6,USD,MERCH0003,pending
TXN00005768,ACCT000312,2024-10-17,withdrawal,-546.15,EUR,,pending
TXN00005828,ACCT000315,2024-10-17,withdrawal,-553.63,EUR,,failed
TXN00005973,ACCT000321,2024-10-17,withdrawal,-360.0,EUR,,failed
TXN00000417,ACCT000026,2024-10-18,purchase,-354.74,USD,MERCH0005,posted
TXN00001141,ACCT000066,2024-10-18,purchase,-388.89,GBP,MERCH0004,failed
TXN00002362,ACCT000126,2024-10-18,purchase,-275.06,GBP,MERCH0005,failed
TXN00003094,ACCT000158,2024-10-18,purchase,-213.23,EUR,MERCH0001,failed
TXN00003952,ACCT000209,2024-10-18,purchase,-421.74,EUR,MERCH0003,failed
TXN00004111,ACCT000220,2024-10-18,refund,128.74,GBP,MERCH0008,posted
TXN00005256,ACCT000283,2024-10-18,deposit,4906.75,USD,,posted
TXN00005368,ACCT000290,2024-10-18,purchase,-317.26,USD,MERCH0004,posted
TXN00005483,ACCT000295,2024-10-18,purchase,-174.83,USD,MERCH0005,failed
TXN00005770,ACCT000312,2024-10-18,refund,23.2,EUR,MERCH0006,failed
TXN00005776,ACCT000312,2024-10-18,transfer,-1163.68,EUR,,posted
TXN00005819,ACCT000315,2024-10-18,deposit,1201.51,EUR,,pending
TXN00005937,ACCT000320,2024-10-18,withdrawal,-260.27,USD,,pending
TXN00005994,ACCT000321,2024-10-18,purchase,-228.68,EUR,MERCH0010,posted
TXN00006243,ACCT000335,2024-10-18,transfer,-104.56,USD,,posted
TXN00000531,ACCT000033,2024-10-19,purchase,-309.65,EUR,MERCH0010,posted
TXN00000741,ACCT000047,2024-10-19,fee,-7.37,EUR,,posted
TXN00000916,ACCT000055,2024-10-19,purchase,-210.3,EUR,MERCH0008,posted
TXN00001952,ACCT000104,2024-10-19,purchase,-233.77,GBP,MERCH0004,pending
TXN00001992,ACCT000106,2024-10-19,refund,72.36,EUR,MERCH0009,pending
TXN00002206,ACCT000117,2024-10-19,purchase,-448.76,USD,MERCH0008,failed
TXN00002317,ACCT000123,2024-10-19,withdrawal,-159.33,GBP,,posted
TXN00002597,ACCT000134,2024-10-19,purchase,-333.45,GBP,MERCH0006,pending
TXN00002731,ACCT000140,2024-10-19,purchase,-284.82,EUR,MERCH0006,failed
TXN00002928,ACCT000150,2024-10-19,deposit,1928.25,EUR,,posted
TXN00003151,ACCT000163,2024-10-19,purchase,-89.07,GBP,MERCH0005,posted
TXN00003204,ACCT000166,2024-10-19,withdrawal,-337.96,USD,,posted
TXN00003692,ACCT000194,2024-10-19,purchase,-444.09,GBP,MERCH0004,posted
TXN00003801,ACCT000199,2024-10-19,purchase,-378.0,GBP,MERCH0007,posted
TXN00003963,ACCT000209,2024-10-19,deposit,3771.89,EUR,,posted
TXN00003972,ACCT000210,2024-10-19,withdrawal,-178.35,USD,,pending
TXN00004337,ACCT000233,2024-10-19,transfer,-830.35,USD,,pending
TXN00004764,ACCT000255,2024-10-19,refund,156.44,EUR,MERCH0006,posted
TXN00005078,ACCT000272,2024-10-19,withdrawal,-521.18,EUR,,posted
TXN00005299,ACCT000286,2024-10-19,withdrawal,-564.34,EUR,,posted
TXN00005433,ACCT000293,2024-10-19,refund,89.39,GBP,MERCH0007,pending
TXN00005509,ACCT000298,2024-10-19,withdrawal,-628.25,GBP,,failed
TXN00005846,ACCT000316,2024-10-19,purchase,-29.79,USD,MERCH0002,posted
TXN00000465,ACCT000028,2024-10-20,purchase,-77.35,GBP,MERCH0001,posted
TXN00001521,ACCT000084,2024-10-20,transfer,-1709.59,USD,,posted
TXN00001530,ACCT000085,2024-10-20,refund,100.52,EUR,MERCH0004,failed
TXN00001553,ACCT000086,2024-10-20,refund,139.66,GBP,MERCH0005,posted
TXN00001580,ACCT000087,2024-10-20,transfer,1560.58,EUR,,posted
TXN00001986,ACCT000106,2024-10-20,deposit,1018.8,EUR,,posted
TXN00002420,ACCT000128,2024-10-20,refund,131.08,GBP,MERCH0010,posted
TXN00002752,ACCT000141,2024-10-20,refund,91.0,USD,MERCH0003,posted
TXN00003313,ACCT000173,2024-10-20,transfer,260.1,GBP,,posted
TXN00003327,ACCT000175,2024-10-20,refund,100.09,USD,MERCH0001,failed
TXN00003981,ACCT000210,2024-10-20,refund,91.68,USD,MERCH0010,posted
TXN00004375,ACCT000235,2024-10-20,fee,-11.83,USD,,posted
TXN00004396,ACCT000237,2024-10-20,withdrawal,-137.06,EUR,,posted
TXN00004459,ACCT000240,2024-10-20,fee,-2.73,USD,,pending
TXN00004673,ACCT000250,2024-10-20,withdrawal,-369.94,GBP,,posted
TXN00004705,ACCT000251,2024-10-20,fee,-7.95,EUR,,failed
TXN00004901,ACCT000263,2024-10-20,purchase,-287.84,GBP,MERCH0009,pending
TXN00004999,ACCT000268,2024-10-20,transfer,1287.64,USD,,posted
TXN00005000,ACCT000268,2024-10-20,withdrawal,-547.93,USD,,posted
TXN00005026,ACCT000271,2024-10-20,purchase,-319.67,USD,MERCH0001,posted
TXN00005206,ACCT000282,2024-10-20,withdrawal,-414.39,USD,,failed
TXN00005810,ACCT000314,2024-10-20,deposit,143.78,USD,,posted
TXN00006235,ACCT000335,2024-10-20,purchase,-286.46,USD,MERCH0001,pending
TXN00000035,ACCT000004,2024-10-21,purchase,-6.03,USD,MERCH0005,posted
TXN00000078,ACCT000005,2024-10-21,transfer,-979.53,EUR,,posted
TXN00000300,ACCT000018,2024-10-21,refund,65.33,USD,MERCH0003,failed
TXN00000419,ACCT000026,2024-10-21,fee,-28.95,USD,,posted
TXN00000504,ACCT000032,2024-10-21,purchase,-81.24,USD,MERCH0005,pending
TXN00000520,ACCT000032,2024-10-21,withdrawal,-402.83,USD,,pending
TXN00000771,ACCT000049,2024-10-21,purchase,-49.01,EUR,MERCH0009,failed
TXN00000875,ACCT000054,2024-10-21,purchase,-376.88,USD,MERCH0006,posted
TXN00001584,ACCT000087,2024-10-21,transfer,1112.05,EUR,,pending
TXN00001585,ACCT000087,2024-10-21,purchase,-145.14,EUR,MERCH0003,posted
TXN00001898,ACCT000102,2024-10-21,withdrawal,-206.24,USD,,pending
TXN00002423,ACCT000128,2024-10-21,transfer,1064.87,GBP,,failed
TXN00002428,ACCT000128,2024-10-21,transfer,-393.92,GBP,,posted
TXN00002705,ACCT000138,2024-10-21,deposit,3514.84,USD,,failed
TXN00002758,ACCT000141,2024-10-21,purchase,-291.91,USD,MERCH0007,posted
TXN00003886,ACCT000205,2024-10-21,fee,-14.5,EUR,,posted
TXN00004327,ACCT000232,2024-10-21,fee,-7.96,USD,,posted
TXN00004660,ACCT000249,2024-10-21,withdrawal,-721.94,GBP,,posted
TXN00004701,ACCT000250,2024-10-21,withdrawal,-625.36,GBP,,pending
TXN00004966,ACCT000267,2024-10-21,withdrawal,-325.3,GBP,,failed
TXN00005860,ACCT000316,2024-10-21,purchase,-192.0,USD,MERCH0008,posted
TXN00005969,ACCT000321,2024-10-21,refund,36.99,EUR,MERCH0003,posted
TXN00000223,ACCT000012,2024-10-22,deposit,855.15,USD,,posted
TXN00000408,ACCT000025,2024-10-22,deposit,4331.51,USD,,posted
TXN00001522,ACCT000084,2024-10-22,purchase,-30.66,USD,MERCH0005,pending
TXN00001539,ACCT000086,2024-10-22,purchase,-314.09,GBP,MERCH0008,posted
TXN00001712,ACCT000092,2024-10-22,deposit,3530.31,USD,,posted
TXN00001758,ACCT000093,2024-10-22,transfer,196.67,USD,,posted
TXN00001919,ACCT000102,2024-10-22,fee,-13.22,USD,,failed
TXN00002246,ACCT000121,2024-10-22,fee,-21.16,EUR,,posted
TXN00002463,ACCT000129,2024-10-22,purchase,-223.28,GBP,MERCH0008,pending
TXN00002746,ACCT000140,2024-10-22,refund,122.14,EUR,MERCH0006,pending
TXN00002765,ACCT000142,2024-10-22,fee,-24.62,USD,,pending
TXN00002953,ACCT000152,2024-10-22,fee,-26.56,USD,,pending
TXN00002986,ACCT000153,2024-10-22,transfer,1062.88,USD,,failed
TXN00003552,ACCT000184,2024-10-22,purchase,-231.37,GBP,MERCH0003,posted
TXN00003554,ACCT000184,2024-10-22,fee,-20.03,GBP,,pending
TXN00003563,ACCT000184,2024-10-22,fee,-7.18,GBP,,failed
TXN00003787,ACCT000199,2024-10-22,purchase,-180.81,GBP,MERCH0001,posted
TXN00003834,ACCT000201,2024-10-22,deposit,3520.45,EUR,,failed
TXN00004257,ACCT000227,2024-10-22,purchase,-358.28,GBP,MERCH0005,posted
TXN00004653,ACCT000249,2024-10-22,purchase,-258.88,GBP,MERCH0001,posted
TXN00005057,ACCT000272,2024-10-22,deposit,2607.06,EUR,,failed
TXN00005180,ACCT000281,2024-10-22,transfer,-325.11,EUR,,posted
TXN00005759,ACCT000312,2024-10-22,refund,143.09,EUR,MERCH0007,posted
TXN00000067,ACCT000005,2024-10-23,purchase,-86.57,EUR,MERCH0009,posted
TXN00000396,ACCT000024,2024-10-23,deposit,4787.09,USD,,pending
TXN00000421,ACCT000026,2024-10-23,withdrawal,-768.9,USD,,posted
TXN00000424,ACCT000026,2024-10-23,purchase,-96.89,USD,MERCH0005,failed
TXN00000455,ACCT000028,2024-10-23,purchase,-295.19,GBP,MERCH0007,posted
TXN00000909,ACCT000055,2024-10-23,deposit,4464.52,EUR,,pending
TXN00001180,ACCT000068,2024-10-23,withdrawal,-48.87,EUR,,posted
TXN00001338,ACCT000077,2024-10-23,transfer,849.02,USD,,posted
TXN00001939,ACCT000103,2024-10-23,purchase,-114.76,USD,MERCH0004,posted
TXN00002077,ACCT000111,2024-10-23,transfer,-181.38,USD,,posted
TXN00002368,ACCT000126,2024-10-23,withdrawal,-641.87,GBP,,posted
TXN00002369,ACCT000126,2024-10-23,deposit,3463.71,GBP,,posted
TXN00002373,ACCT000126,2024-10-23,refund,22.36,GBP,MERCH0008,posted
TXN00002438,ACCT000128,2024-10-23,purchase,-341.2,GBP,MERCH0003,posted
TXN00002729,ACCT000140,2024-10-23,refund,60.0,EUR,MERCH0010,posted
TXN00002741,ACCT000140,2024-10-23,purchase,-222.45,EUR,MERCH0009,pending
TXN00003553,ACCT000184,2024-10-23,withdrawal,-637.34,GBP,,pending
TXN00003663,ACCT000192,2024-10-23,fee,-34.6,USD,,pending
TXN00003708,ACCT000194,2024-10-23,refund,93.01,GBP,MERCH0008,failed
TXN00004166,ACCT000224,2024-10-23,deposit,4023.5,EUR,,pending
TXN00005223,ACCT000282,2024-10-23,purchase,-24.26,USD,MERCH0001,posted
TXN00005346,ACCT000289,2024-10-23,purchase,-3.21,EUR,MERCH0004,posted
TXN00005386,ACCT000291,2024-10-23,purchase,-190.21,USD,MERCH0010,posted
TXN00005463,ACCT000294,2024-10-23,refund,77.11,GBP,MERCH0002,failed
TXN00000100,ACCT000006,2024-10-24,purchase,-329.73,USD,MERCH0002,posted
TXN00000782,ACCT000049,2024-10-24,purchase,-298.41,EUR,MERCH0003,posted
TXN00000972,ACCT000058,2024-10-24,purchase,-344.83,USD,MERCH0002,posted
TXN00001538,ACCT000086,2024-10-24,purchase,-207.52,GBP,MERCH0005,posted
TXN00001720,ACCT000092,2024-10-24,purchase,-377.33,USD,MERCH0008,posted
TXN00001785,ACCT000095,2024-10-24,purchase,-353.03,GBP,MERCH0009,pending
TXN00001957,ACCT000104,2024-10-24,purchase,-94.32,GBP,MERCH0004,posted
TXN00002533,ACCT000132,2024-10-24,withdrawal,-728.89,USD,,failed
TXN00002546,ACCT000132,2024-10-24,fee,-22.33,USD,,posted
TXN00002745,ACCT000140,2024-10-24,transfer,1132.52,EUR,,posted
TXN00003105,ACCT000159,2024-10-24,purchase,-62.2,USD,MERCH0004,posted
TXN00003168,ACCT000163,2024-10-24,purchase,-234.53,GBP,MERCH0001,pending
TXN00003453,ACCT000180,2024-10-24,purchase,-337.93,USD,MERCH0010,failed
TXN00004053,ACCT000217,2024-10-24,purchase,-206.04,USD,MERCH0002,posted
TXN00004626,ACCT000247,2024-10-24,withdrawal,-768.83,EUR,,posted
TXN00004714,ACCT000252,2024-10-24,purchase,-378.17,USD,MERCH0009,posted
TXN00004734,ACCT000252,2024-10-24,purchase,-44.64,USD,MERCH0009,posted
TXN00005126,ACCT000277,2024-10-24,deposit,786.64,GBP,,posted
TXN00005176,ACCT000280,2024-10-24,transfer,-591.32,USD,,posted
TXN00005179,ACCT000281,2024-10-24,fee,-5.33,EUR,,failed
TXN00005772,ACCT000312,2024-10-24,purchase,-197.29,EUR,MERCH0009,posted
TXN00005792,ACCT000313,2024-10-24,fee,-25.75,EUR,,posted
TXN00005919,ACCT000319,2024-10-24,purchase,-411.35,USD,MERCH0003,pending
TXN00005927,ACCT000319,2024-10-24,transfer,1614.41,USD,,posted
TXN00006223,ACCT000334,2024-10-24,fee,-33.67,USD,,failed
TXN00000072,ACCT000005,2024-10-25,purchase,-55.68,EUR,MERCH0006,posted
TXN00000400,ACCT000024,2024-10-25,refund,165.27,USD,MERCH0009,failed
TXN00001037,ACCT000061,2024-10-25,purchase,-173.12,GBP,MERCH0006,posted
TXN00001362,ACCT000077,2024-10-25,purchase,-101.13,USD,MERCH0004,posted
TXN00001571,ACCT000087,2024-10-25,fee,-3.53,EUR,,posted
TXN00001588,ACCT000087,2024-10-25,purchase,-256.7,EUR,MERCH0007,posted
TXN00001873,ACCT000100,2024-10-25,refund,27.88,USD,MERCH0002,posted
TXN00002119,ACCT000112,2024-10-25,deposit,3206.69,EUR,,posted
TXN00002467,ACCT000129,2024-10-25,withdrawal,-276.33,GBP,,posted
TXN00002666,ACCT000137,2024-10-25,refund,69.71,USD,MERCH0008,posted
TXN00002737,ACCT000140,2024-10-25,deposit,4514.19,EUR,,posted
TXN00002923,ACCT000150,2024-10-25,transfer,-1008.08,EUR,,pending
TXN00003085,ACCT000158,2024-10-25,purchase,-24.94,EUR,MERCH0004,posted
TXN00003391,ACCT000177,2024-10-25,fee,-27.94,USD,,posted
TXN00003438,ACCT000179,2024-10-25,refund,39.8,USD,MERCH0001,posted
TXN00003511,ACCT000182,2024-10-25,transfer,863.3,GBP,,posted
TXN00003684,ACCT000194,2024-10-25,deposit,1608.57,GBP,,posted
TXN00003738,ACCT000196,2024-10-25,refund,119.84,USD,MERCH0007,pending
TXN00003742,ACCT000196,2024-10-25,refund,161.54,USD,MERCH0004,pending
TXN00004033,ACCT000215,2024-10-25,purchase,-399.1,USD,MERCH0003,failed
TXN00004108,ACCT000220,2024-10-25,purchase,-149.04,GBP,MERCH0009,pending
TXN00004246,ACCT000227,2024-10-25,purchase,-317.81,GBP,MERCH0002,pending
TXN00004338,ACCT000233,2024-10-25,purchase,-154.52,USD,MERCH0001,posted
TXN00004900,ACCT000263,2024-10-25,purchase,-326.04,GBP,MERCH0006,posted
TXN00005135,ACCT000277,2024-10-25,purchase,-44.17,GBP,MERCH0006,posted
TXN00005794,ACCT000313,2024-10-25,purchase,-174.81,EUR,MERCH0002,failed
TXN00005814,ACCT000314,2024-10-25,purchase,-208.47,USD,MERCH0008,pending
TXN00005854,ACCT000316,2024-10-25,fee,-14.6,USD,,failed
TXN00006021,ACCT000323,2024-10-25,transfer,1498.74,USD,,posted
TXN00006131,ACCT000328,2024-10-25,transfer,1609.44,USD,,posted
TXN00000605,ACCT000037,2024-10-26,purchase,-129.56,GBP,MERCH0010,posted
TXN00001177,ACCT000067,2024-10-26,deposit,1046.63,EUR,,pending
TXN00001440,ACCT000081,2024-10-26,refund,103.67,GBP,MERCH0007,failed
TXN00001493,ACCT000084,2024-10-26,deposit,2415.59,USD,,failed
TXN00001597,ACCT000087,2024-10-26,refund,104.46,EUR,MERCH0008,failed
TXN00001647,ACCT000089,2024-10-26,fee,-3.97,USD,,posted
TXN00001874,ACCT000100,2024-10-26,fee,-22.65,USD,,failed
TXN00002182,ACCT000116,2024-10-26,withdrawal,-306.47,USD,,posted
TXN00002427,ACCT000128,2024-10-26,transfer,1314.15,GBP,,posted
TXN00002898,ACCT000148,2024-10-26,withdrawal,-747.34,USD,,posted
TXN00003430,ACCT000179,2024-10-26,purchase,-108.61,USD,MERCH0005,pending
TXN00003844,ACCT000203,2024-10-26,purchase,-243.16,EUR,MERCH0010,posted
TXN00005001,ACCT000268,2024-10-26,purchase,-297.06,USD,MERCH0003,posted
TXN00005114,ACCT000277,2024-10-26,transfer,1789.38,GBP,,failed
TXN00006062,ACCT000324,2024-10-26,refund,114.82,EUR,MERCH0009,posted
TXN00006232,ACCT000335,2024-10-26,deposit,588.23,USD,,failed
TXN00000047,ACCT000004,2024-10-27,fee,-27.83,USD,,posted
TXN00000289,ACCT000017,2024-10-27,fee,-14.2,USD,,posted
TXN00000295,ACCT000017,2024-10-27,transfer,535.91,USD,,posted
TXN00000456,ACCT000028,2024-10-27,purchase,-115.46,GBP,MERCH0009,posted
TXN00000484,ACCT000030,2024-10-27,transfer,1983.76,GBP,,posted
TXN00000839,ACCT000052,2024-10-27,purchase,-313.96,USD,MERCH0002,posted
TXN00001270,ACCT000071,2024-10-27,deposit,2490.25,GBP,,pending
TXN00001847,ACCT000099,2024-10-27,fee,-10.98,USD,,failed
TXN00001969,ACCT000105,2024-10-27,purchase,-433.37,USD,MERCH0006,posted
TXN00002214,ACCT000118,2024-10-27,transfer,-1882.28,GBP,,posted
TXN00002724,ACCT000140,2024-10-27,deposit,157.32,EUR,,posted
TXN00002927,ACCT000150,2024-10-27,fee,-10.32,EUR,,failed
TXN00003219,ACCT000167,2024-10-27,transfer,-801.55,GBP,,posted
TXN00003287,ACCT000170,2024-10-27,withdrawal,-682.82,EUR,,posted
TXN00003577,ACCT000185,2024-10-27,deposit,1820.85,USD,,pending
TXN00004579,ACCT000244,2024-10-27,transfer,-916.23,USD,,posted
TXN00004779,ACCT000255,2024-10-27,deposit,1115.91,EUR,,pending
TXN00005336,ACCT000288,2024-10-27,purchase,-23.19,USD,MERCH0009,pending
TXN00005806,ACCT000314,2024-10-27,withdrawal,-421.05,USD,,posted
TXN00005812,ACCT000314,2024-10-27,transfer,-1934.34,USD,,pending
TXN00005815,ACCT000314,2024-10-27,refund,178.63,USD,MERCH0001,posted
TXN00005857,ACCT000316,2024-10-27,transfer,-1062.97,USD,,pending
TXN00005884,ACCT000317,2024-10-27,deposit,1589.69,USD,,pending
TXN00005924,ACCT000319,2024-10-27,purchase,-13.41,USD,MERCH0010,posted
TXN00005936,ACCT000320,2024-10-27,transfer,-1129.04,USD,,failed
TXN00000056,ACCT000005,2024-10-28,withdrawal,-344.46,EUR,,posted
TXN00000086,ACCT000005,2024-10-28,deposit,1523.66,EUR,,posted
TXN00000089,ACCT000006,2024-10-28,transfer,348.64,USD,,posted
TXN00000121,ACCT000008,2024-10-28,fee,-12.95,GBP,,posted
TXN00000376,ACCT000023,2024-10-28,fee,-23.92,USD,,pending
TXN00001469,ACCT000083,2024-10-28,purchase,-398.59,EUR,MERCH0007,posted
TXN00001646,ACCT000089,2024-10-28,transfer,-1307.49,USD,,posted
TXN00001978,ACCT000106,2024-10-28,transfer,153.79,EUR,,posted
TXN00002381,ACCT000126,2024-10-28,deposit,1738.65,GBP,,failed
TXN00002733,ACCT000140,2024-10-28,transfer,-751.74,EUR,,posted
TXN00002836,ACCT000146,2024-10-28,refund,119.89,GBP,MERCH0010,failed
TXN00002887,ACCT000147,2024-10-28,purchase,-153.67,USD,MERCH0008,failed
TXN00003039,ACCT000156,2024-10-28,purchase,-373.81,USD,MERCH0008,posted
TXN00003322,ACCT000173,2024-10-28,purchase,-283.83,GBP,MERCH0002,posted
TXN00003328,ACCT000175,2024-10-28,fee,-14.69,USD,,posted
TXN00003395,ACCT000177,2024-10-28,fee,-33.79,USD,,posted
TXN00003634,ACCT000190,2024-10-28,fee,-30.46,EUR,,pending
TXN00003889,ACCT000205,2024-10-28,purchase,-84.17,EUR,MERCH0005,posted
TXN00003986,ACCT000210,2024-10-28,fee,-34.15,USD,,pending
TXN00003999,ACCT000212,2024-10-28,deposit,3777.26,EUR,,posted
TXN00004391,ACCT000237,2024-10-28,withdrawal,-553.75,EUR,,posted
TXN00004578,ACCT000244,2024-10-28,refund,125.82,USD,MERCH0005,failed
TXN00005205,ACCT000281,2024-10-28,withdrawal,-28.85,EUR,,posted
TXN00005773,ACCT000312,2024-10-28,purchase,-114.34,EUR,MERCH0005,pending
TXN00005785,ACCT000313,2024-10-28,fee,-16.3,EUR,,pending
TXN00005802,ACCT000313,2024-10-28,purchase,-374.65,EUR,MERCH0008,pending
TXN00006240,ACCT000335,2024-10-28,refund,196.64,USD,MERCH0002,posted
TXN00000057,ACCT000005,2024-10-29,purchase,-142.41,EUR,MERCH0006,posted
TXN00000060,ACCT000005,2024-10-29,purchase,-292.64,EUR,MERCH0006,failed
TXN00000070,ACCT000005,2024-10-29,transfer,1694.13,EUR,,pending
TXN00000073,ACCT000005,2024-10-29,purchase,-312.97,EUR,MERCH0006,pending
TXN00000084,ACCT000005,2024-10-29,withdrawal,-624.59,EUR,,posted
TXN00000315,ACCT000019,2024-10-29,purchase,-228.57,EUR,MERCH0010,posted
TXN00000483,ACCT000030,2024-10-29,withdrawal,-223.82,GBP,,pending
TXN00000706,ACCT000043,2024-10-29,withdrawal,-508.63,GBP,,posted
TXN00000776,ACCT000049,2024-10-29,fee,-27.67,EUR,,posted
TXN00000951,ACCT000057,2024-10-29,purchase,-405.38,EUR,MERCH0008,posted
TXN00001036,ACCT000061,2024-10-29,purchase,-377.11,GBP,MERCH0003,posted
TXN00002278,ACCT000122,2024-10-29,withdrawal,-174.14,USD,,pending
TXN00002437,ACCT000128,2024-10-29,purchase,-436.25,GBP,MERCH0002,pending
TXN00002517,ACCT000131,2024-10-29,purchase,-45.43,EUR,MERCH0010,posted
TXN00002902,ACCT000148,2024-10-29,refund,117.97,USD,MERCH0009,posted
TXN00003036,ACCT000156,2024-10-29,deposit,2202.94,USD,,failed
TXN00003477,ACCT000180,2024-10-29,transfer,-1562.85,USD,,pending
TXN00003710,ACCT000195,2024-10-29,purchase,-245.19,EUR,MERCH0002,failed
TXN00004170,ACCT000224,2024-10-29,purchase,-132.64,EUR,MERCH0005,posted
TXN00004310,ACCT000232,2024-10-29,purchase,-223.56,USD,MERCH0009,pending
TXN00004460,ACCT000240,2024-10-29,fee,-1.14,USD,,posted
TXN00004617,ACCT000246,2024-10-29,refund,54.4,USD,MERCH0003,pending
TXN00004721,ACCT000252,2024-10-29,deposit,4863.76,USD,,posted
TXN00005094,ACCT000275,2024-10-29,purchase,-184.07,EUR,MERCH0009,failed
TXN00005276,ACCT000286,2024-10-29,withdrawal,-44.92,EUR,,posted
TXN00005333,ACCT000288,2024-10-29,purchase,-173.96,USD,MERCH0007,posted
TXN00005619,ACCT000304,2024-10-29,purchase,-284.03,GBP,MERCH0005,posted
TXN00005766,ACCT000312,2024-10-29,purchase,-192.81,EUR,MERCH0007,posted
TXN00005789,ACCT000313,2024-10-29,purchase,-14.76,EUR,MERCH0002,posted
TXN00005821,ACCT000315,2024-10-29,purchase,-322.19,EUR,MERCH0008,failed
TXN00006057,ACCT000324,2024-10-29,withdrawal,-571.88,EUR,,posted
TXN00000702,ACCT000043,2024-10-30,transfer,-1057.16,GBP,,posted
TXN00000994,ACCT000059,2024-10-30,purchase,-56.16,USD,MERCH0008,posted
TXN00001018,ACCT000061,2024-10-30,withdrawal,-609.92,GBP,,failed
TXN00001040,ACCT000061,2024-10-30,purchase,-391.42,GBP,MERCH0002,posted
TXN00001098,ACCT000064,2024-10-30,transfer,413.35,GBP,,posted
TXN00001225,ACCT000069,2024-10-30,withdrawal,-208.25,USD,,posted
TXN00001554,ACCT000086,2024-10-30,purchase,-219.43,GBP,MERCH0007,failed
TXN00001595,ACCT000087,2024-10-30,purchase,-335.3,EUR,MERCH0002,pending
TXN00001661,ACCT000090,2024-10-30,purchase,-206.58,USD,MERCH0009,failed
TXN00001930,ACCT000103,2024-10-30,purchase,-221.3,USD,MERCH0001,posted
TXN00002379,ACCT000126,2024-10-30,refund,67.74,GBP,MERCH0003,posted
TXN00002926,ACCT000150,2024-10-30,purchase,-95.59,EUR,MERCH0007,posted
TXN00002931,ACCT000150,2024-10-30,purchase,-198.02,EUR,MERCH0008,posted
TXN00003315,ACCT000173,2024-10-30,purchase,-389.46,GBP,MERCH0003,posted
TXN00003990,ACCT000210,2024-10-30,refund,38.31,USD,MERCH0001,posted
TXN00004152,ACCT000223,2024-10-30,fee,-20.7,USD,,pending
TXN00004169,ACCT000224,2024-10-30,purchase,-133.96,EUR,MERCH0007,pending
TXN00004457,ACCT000240,2024-10-30,withdrawal,-84.16,USD,,failed
TXN00005022,ACCT000270,2024-10-30,purchase,-417.75,USD,MERCH0007,posted
TXN00005039,ACCT000271,2024-10-30,fee,-24.16,USD,,posted
TXN00005448,ACCT000294,2024-10-30,deposit,1312.48,GBP,,posted
TXN00005946,ACCT000320,2024-10-30,purchase,-349.11,USD,MERCH0006,failed
TXN00000648,ACCT000039,2024-10-31,purchase,-78.66,USD,MERCH0005,posted
TXN00001139,ACCT000066,2024-10-31,purchase,-436.49,GBP,MERCH0006,failed
TXN00001583,ACCT000087,2024-10-31,withdrawal,-479.29,EUR,,posted
TXN00001766,ACCT000094,2024-10-31,purchase,-132.93,USD,MERCH0002,posted
TXN00001895,ACCT000101,2024-10-31,withdrawal,-433.06,USD,,posted
TXN00001909,ACCT000102,2024-10-31,transfer,1174.65,USD,,posted
TXN00002634,ACCT000135,2024-10-31,purchase,-168.56,USD,MERCH0006,posted
TXN00002924,ACCT000150,2024-10-31,refund,43.48,EUR,MERCH0010,posted
TXN00003588,ACCT000185,2024-10-31,purchase,-244.85,USD,MERCH0009,failed
TXN00003775,ACCT000198,2024-10-31,purchase,-319.61,GBP,MERCH0006,pending
TXN00004018,ACCT000215,2024-10-31,fee,-7.47,USD,,pending
TXN00005754,ACCT000312,2024-10-31,purchase,-377.93,EUR,MERCH0005,posted
TXN00005791,ACCT000313,2024-10-31,purchase,-178.31,EUR,MERCH0006,posted
TXN00005922,ACCT000319,2024-10-31,withdrawal,-711.4,USD,,posted
TXN00000077,ACCT000005,2024-11-01,purchase,-379.37,EUR,MERCH0006,pending
TXN00001586,ACCT000087,2024-11-01,transfer,964.19,EUR,,posted
TXN00002764,ACCT000142,2024-11-01,fee,-19.53,USD,,pending
TXN00003885,ACCT000205,2024-11-01,purchase,-354.58,EUR,MERCH0006,posted
TXN00004209,ACCT000226,2024-11-01,purchase,-334.24,USD,MERCH0001,posted
TXN00004401,ACCT000237,2024-11-01,withdrawal,-241.04,EUR,,failed
TXN00004874,ACCT000262,2024-11-01,transfer,-1717.79,USD,,pending
TXN00004950,ACCT000266,2024-11-01,deposit,757.47,USD,,posted
TXN00005705,ACCT000309,2024-11-01,refund,167.06,GBP,MERCH0006,posted
TXN00005757,ACCT000312,2024-11-01,fee,-11.86,EUR,,posted
TXN00006037,ACCT000323,2024-11-01,purchase,-142.73,USD,MERCH0009,failed
TXN00006144,ACCT000328,2024-11-01,transfer,100.94,USD,,failed
TXN00000039,ACCT000004,2024-11-02,refund,37.99,USD,MERCH0006,posted
TXN00000420,ACCT000026,2024-11-02,purchase,-101.28,USD,MERCH0009,failed
TXN00000492,ACCT000030,2024-11-02,purchase,-120.6,GBP,MERCH0002,posted
TXN00001117,ACCT000064,2024-11-02,purchase,-116.38,GBP,MERCH0001,pending
TXN00001789,ACCT000095,2024-11-02,withdrawal,-426.14,GBP,,posted
TXN00002039,ACCT000109,2024-11-02,fee,-20.47,EUR,,pending
TXN00002047,ACCT000109,2024-11-02,purchase,-6.97,EUR,MERCH0008,posted
TXN00002122,ACCT000112,2024-11-02,transfer,604.93,EUR,,posted
TXN00002162,ACCT000115,2024-11-02,fee,-30.63,EUR,,posted
TXN00002281,ACCT000122,2024-11-02,transfer,862.89,USD,,failed
TXN00002508,ACCT000131,2024-11-02,transfer,-1741.34,EUR,,failed
TXN00002607,ACCT000134,2024-11-02,deposit,3127.73,GBP,,posted
TXN00002633,ACCT000135,2024-11-02,purchase,-186.24,USD,MERCH0002,pending
TXN00002903,ACCT000148,2024-11-02,fee,-7.77,USD,,posted
TXN00003083,ACCT000158,2024-11-02,purchase,-53.68,EUR,MERCH0006,posted
TXN00003598,ACCT000186,2024-11-02,purchase,-380.63,USD,MERCH0001,posted
TXN00003696,ACCT000194,2024-11-02,withdrawal,-452.09,GBP,,posted
TXN00004073,ACCT000218,2024-11-02,transfer,-998.1,USD,,posted
TXN00004471,ACCT000240,2024-11-02,transfer,-1449.08,USD,,posted
TXN00004725,ACCT000252,2024-11-02,purchase,-278.77,USD,MERCH0002,pending
TXN00004736,ACCT000252,2024-11-02,purchase,-284.97,USD,MERCH0007,posted
TXN00004843,ACCT000260,2024-11-02,purchase,-220.86,USD,MERCH0007,pending
TXN00005204,ACCT000281,2024-11-02,purchase,-65.0,EUR,MERCH0008,pending
TXN00005284,ACCT000286,2024-11-02,refund,50.33,EUR,MERCH0009,posted
TXN00005479,ACCT000295,2024-11-02,refund,183.95,USD,MERCH0009,posted
TXN00005727,ACCT000310,2024-11-02,withdrawal,-299.25,GBP,,posted
TXN00005731,ACCT000310,2024-11-02,fee,-18.72,GBP,,failed
TXN00005783,ACCT000313,2024-11-02,deposit,4676.08,EUR,,posted
TXN00000234,ACCT000012,2024-11-03,refund,22.11,USD,MERCH0004,posted
TXN00000469,ACCT000028,2024-11-03,purchase,-369.74,GBP,MERCH0010,posted
TXN00001294,ACCT000073,2024-11-03,transfer,370.83,USD,,failed
TXN00001699,ACCT000091,2024-11-03,purchase,-70.15,EUR,MERCH0007,failed
TXN00001777,ACCT000094,2024-11-03,deposit,4346.7,USD,,failed
TXN00001970,ACCT000105,2024-11-03,withdrawal,-27.11,USD,,posted
TXN00002041,ACCT000109,2024-11-03,deposit,702.77,EUR,,posted
TXN00002243,ACCT000121,2024-11-03,transfer,1363.54,EUR,,posted
TXN00002457,ACCT000129,2024-11-03,purchase,-47.75,GBP,MERCH0003,posted
TXN00002708,ACCT000139,2024-11-03,fee,-18.23,USD,,posted
TXN00003506,ACCT000182,2024-11-03,deposit,1694.09,GBP,,posted
TXN00003739,ACCT000196,2024-11-03,fee,-12.72,USD,,pending
TXN00004599,ACCT000245,2024-11-03,purchase,-55.7,GBP,MERCH0001,posted
TXN00004740,ACCT000253,2024-11-03,fee,-19.71,USD,,failed
TXN00005100,ACCT000275,2024-11-03,fee,-34.66,EUR,,posted
TXN00005319,ACCT000288,2024-11-03,purchase,-241.96,USD,MERCH0006,posted
TXN00005325,ACCT000288,2024-11-03,withdrawal,-299.89,USD,,posted
TXN00005345,ACCT000289,2024-11-03,withdrawal,-21.92,EUR,,posted
TXN00005503,ACCT000298,2024-11-03,purchase,-308.28,GBP,MERCH0010,pending
TXN00005718,ACCT000310,2024-11-03,transfer,755.71,GBP,,posted
TXN00005781,ACCT000313,2024-11-03,purchase,-236.8,EUR,MERCH0009,posted
TXN00006168,ACCT000330,2024-11-03,deposit,3624.43,GBP,,posted
TXN00006170,ACCT000330,2024-11-03,purchase,-436.07,GBP,MERCH0010,posted
TXN00006211,ACCT000334,2024-11-03,purchase,-416.78,USD,MERCH0009,posted
TXN00000062,ACCT000005,2024-11-04,transfer,1917.76,EUR,,posted
TXN00000176,ACCT000010,2024-11-04,purchase,-376.66,EUR,MERCH0004,posted
TXN00000361,ACCT000023,2024-11-04,purchase,-50.81,USD,MERCH0007,pending
TXN00000395,ACCT000024,2024-11-04,transfer,-1572.38,USD,,posted
TXN00001143,ACCT000066,2024-11-04,fee,-4.15,GBP,,posted
TXN00001169,ACCT000067,2024-11-04,refund,124.84,EUR,MERCH0005,pending
TXN00001684,ACCT000090,2024-11-04,purchase,-174.64,USD,MERCH0007,posted
TXN00002061,ACCT000109,2024-11-04,withdrawal,-505.09,EUR,,posted
TXN00002942,ACCT000151,2024-11-04,purchase,-348.46,GBP,MERCH0002,posted
TXN00003195,ACCT000166,2024-11-04,refund,72.95,USD,MERCH0010,posted
TXN00003566,ACCT000184,2024-11-04,withdrawal,-749.73,GBP,,posted
TXN00004175,ACCT000225,2024-11-04,purchase,-378.42,EUR,MERCH0001,posted
TXN00004266,ACCT000228,2024-11-04,deposit,1144.01,EUR,,posted
TXN00004491,ACCT000241,2024-11-04,fee,-19.75,USD,,posted
TXN00004775,ACCT000255,2024-11-04,purchase,-174.57,EUR,MERCH0001,posted
TXN00004911,ACCT000263,2024-11-04,transfer,987.96,GBP,,posted
TXN00005089,ACCT000273,2024-11-04,withdrawal,-715.17,USD,,posted
TXN00005606,ACCT000303,2024-11-04,fee,-9.18,EUR,,posted
TXN00005730,ACCT000310,2024-11-04,deposit,92.95,GBP,,posted
TXN00005809,ACCT000314,2024-11-04,purchase,-90.55,USD,MERCH0007,pending
TXN00005826,ACCT000315,2024-11-04,transfer,-1028.69,EUR,,pending
TXN00000061,ACCT000005,2024-11-05,deposit,2604.17,EUR,,pending
TXN00000349,ACCT000023,2024-11-05,purchase,-338.89,USD,MERCH0002,posted
TXN00000797,ACCT000050,2024-11-05,fee,-22.19,USD,,posted
TXN00000837,ACCT000052,2024-11-05,purchase,-41.61,USD,MERCH0002,pending
TXN00000968,ACCT000058,2024-11-05,refund,165.09,USD,MERCH0001,posted
TXN00001024,ACCT000061,2024-11-05,transfer,-619.45,GBP,,pending
TXN00001668,ACCT000090,2024-11-05,transfer,184.83,USD,,failed
TXN00001779,ACCT000094,2024-11-05,purchase,-125.44,USD,MERCH0002,posted
TXN00001782,ACCT000094,2024-11-05,fee,-12.63,USD,,posted
TXN00002856,ACCT000146,2024-11-05,purchase,-224.78,GBP,MERCH0008,failed
TXN00002895,ACCT000148,2024-11-05,purchase,-326.89,USD,MERCH0002,posted
TXN00002932,ACCT000150,2024-11-05,purchase,-116.95,EUR,MERCH0007,posted
TXN00003265,ACCT000169,2024-11-05,refund,178.16,USD,MERCH0002,posted
TXN00003341,ACCT000175,2024-11-05,deposit,3328.45,USD,,pending
TXN00003824,ACCT000201,2024-11-05,deposit,382.49,EUR,,posted
TXN00003912,ACCT000206,2024-11-05,withdrawal,-196.83,GBP,,pending
TXN00004171,ACCT000225,2024-11-05,purchase,-363.37,EUR,MERCH0009,posted
TXN00004339,ACCT000233,2024-11-05,transfer,-138.67,USD,,posted
TXN00004571,ACCT000243,2024-11-05,deposit,679.74,EUR,,failed
TXN00005328,ACCT000288,2024-11-05,fee,-14.34,USD,,failed
TXN00005445,ACCT000294,2024-11-05,deposit,71.29,GBP,,posted
TXN00005514,ACCT000298,2024-11-05,refund,102.26,GBP,MERCH0010,posted
TXN00005831,ACCT000315,2024-11-05,refund,176.0,EUR,MERCH0005,posted
TXN00005997,ACCT000322,2024-11-05,purchase,-95.09,EUR,MERCH0006,posted
TXN00006175,ACCT000330,2024-11-05,withdrawal,-645.12,GBP,,posted
TXN00006184,ACCT000330,2024-11-05,fee,-10.36,GBP,,posted
TXN00000071,ACCT000005,2024-11-06,withdrawal,-736.57,EUR,,pending
TXN00000816,ACCT000051,2024-11-06,transfer,-537.28,USD,,failed
TXN00001192,ACCT000068,2024-11-06,refund,159.32,EUR,MERCH0002,posted
TXN00001251,ACCT000070,2024-11-06,purchase,-228.63,USD,MERCH0003,posted
TXN00001457,ACCT000083,2024-11-06,deposit,1550.35,EUR,,pending
TXN00001581,ACCT000087,2024-11-06,withdrawal,-27.69,EUR,,posted
TXN00001582,ACCT000087,2024-11-06,fee,-33.36,EUR,,posted
TXN00001643,ACCT000089,2024-11-06,purchase,-85.62,USD,MERCH0007,posted
TXN00001754,ACCT000093,2024-11-06,purchase,-256.4,USD,MERCH0003,posted
TXN00001770,ACCT000094,2024-11-06,fee,-27.12,USD,,posted
TXN00001832,ACCT000098,2024-11-06,purchase,-439.23,GBP,MERCH0002,posted
TXN00001966,ACCT000105,2024-11-06,fee,-28.66,USD,,posted
TXN00002099,ACCT000112,2024-11-06,purchase,-300.9,EUR,MERCH0004,posted
TXN00002203,ACCT000117,2024-11-06,withdrawal,-46.15,USD,,posted
TXN00002352,ACCT000125,2024-11-06,transfer,627.19,EUR,,failed
TXN00002410,ACCT000127,2024-11-06,transfer,1812.1,USD,,posted
TXN00002614,ACCT000135,2024-11-06,purchase,-32.73,USD,MERCH0008,pending
TXN00003170,ACCT000163,2024-11-06,purchase,-243.93,GBP,MERCH0004,posted
TXN00004483,ACCT000240,2024-11-06,purchase,-91.49,USD,MERCH0009,posted
TXN00004657,ACCT000249,2024-11-06,purchase,-290.38,GBP,MERCH0001,pending
TXN00004727,ACCT000252,2024-11-06,purchase,-106.7,USD,MERCH0005,pending
TXN00005516,ACCT000298,2024-11-06,deposit,2398.14,GBP,,posted
TXN00005618,ACCT000304,2024-11-06,purchase,-324.1,GBP,MERCH0002,posted
TXN00005663,ACCT000306,2024-11-06,refund,124.52,USD,MERCH0003,posted
TXN00005904,ACCT000319,2024-11-06,fee,-24.46,USD,,posted
TXN00006180,ACCT000330,2024-11-06,purchase,-238.6,GBP,MERCH0003,posted
TXN00000296,ACCT000017,2024-11-07,purchase,-26.99,USD,MERCH0008,failed
TXN00000438,ACCT000027,2024-11-07,refund,24.44,GBP,MERCH0009,failed
TXN00000493,ACCT000031,2024-11-07,purchase,-419.02,GBP,MERCH0007,posted
TXN00001289,ACCT000072,2024-11-07,refund,180.58,USD,MERCH0001,failed
TXN00001681,ACCT000090,2024-11-07,deposit,393.8,USD,,posted
TXN00001773,ACCT000094,2024-11-07,withdrawal,-374.57,USD,,pending
TXN00001855,ACCT000099,2024-11-07,purchase,-402.02,USD,MERCH0010,posted
TXN00002613,ACCT000135,2024-11-07,deposit,399.1,USD,,posted
TXN00002778,ACCT000143,2024-11-07,withdrawal,-280.9,USD,,posted
TXN00003249,ACCT000168,2024-11-07,purchase,-175.67,USD,MERCH0001,failed
TXN00003339,ACCT000175,2024-11-07,withdrawal,-631.01,USD,,posted
TXN00003614,ACCT000186,2024-11-07,purchase,-61.49,USD,MERCH0007,posted
TXN00003618,ACCT000189,2024-11-07,transfer,-1852.2,USD,,posted
TXN00003703,ACCT000194,2024-11-07,purchase,-424.64,GBP,MERCH0001,posted
TXN00003825,ACCT000201,2024-11-07,purchase,-409.15,EUR,MERCH0009,posted
TXN00004261,ACCT000228,2024-11-07,purchase,-261.42,EUR,MERCH0002,pending
TXN00004767,ACCT000255,2024-11-07,refund,52.01,EUR,MERCH0008,posted
TXN00004872,ACCT000262,2024-11-07,withdrawal,-284.39,USD,,failed
TXN00004923,ACCT000265,2024-11-07,purchase,-151.14,GBP,MERCH0008,posted
TXN00004926,ACCT000265,2024-11-07,purchase,-249.35,GBP,MERCH0004,posted
TXN00005190,ACCT000281,2024-11-07,purchase,-45.99,EUR,MERCH0007,posted
TXN00005428,ACCT000293,2024-11-07,purchase,-400.19,GBP,MERCH0003,failed
TXN00005892,ACCT000318,2024-11-07,fee,-4.0,USD,,posted
TXN00000311,ACCT000019,2024-11-08,refund,120.48,EUR,MERCH0009,posted
TXN00000341,ACCT000022,2024-11-08,fee,-27.49,USD,,pending
TXN00000885,ACCT000054,2024-11-08,purchase,-83.46,USD,MERCH0010,posted
TXN00000969,ACCT000058,2024-11-08,refund,148.75,USD,MERCH0009,posted
TXN00000981,ACCT000058,2024-11-08,withdrawal,-554.65,USD,,failed
TXN00001126,ACCT000065,2024-11-08,refund,40.22,USD,MERCH0001,posted
TXN00002263,ACCT000121,2024-11-08,fee,-32.1,EUR,,failed
TXN00002455,ACCT000129,2024-11-08,purchase,-15.74,GBP,MERCH0006,posted
TXN00002503,ACCT000131,2024-11-08,refund,16.87,EUR,MERCH0003,failed
TXN00002594,ACCT000134,2024-11-08,fee,-11.4,GBP,,posted
TXN00002930,ACCT000150,2024-11-08,purchase,-258.53,EUR,MERCH0007,posted
TXN00003279,ACCT000170,2024-11-08,fee,-12.61,EUR,,pending
TXN00003344,ACCT000176,2024-11-08,purchase,-129.75,USD,MERCH0002,posted
TXN00003715,ACCT000195,2024-11-08,transfer,1834.17,EUR,,posted
TXN00003740,ACCT000196,2024-11-08,withdrawal,-766.11,USD,,posted
TXN00004136,ACCT000222,2024-11-08,fee,-23.89,USD,,posted
TXN00004199,ACCT000225,2024-11-08,fee,-30.66,EUR,,posted
TXN00004663,ACCT000249,2024-11-08,purchase,-386.82,GBP,MERCH0007,posted
TXN00004719,ACCT000252,2024-11-08,withdrawal,-153.86,USD,,pending
TXN00004724,ACCT000252,2024-11-08,fee,-16.29,USD,,posted
TXN00005165,ACCT000279,2024-11-08,refund,159.23,USD,MERCH0007,posted
TXN00005464,ACCT000294,2024-11-08,fee,-12.9,GBP,,posted
TXN00005817,ACCT000314,2024-11-08,deposit,1305.96,USD,,failed
TXN00000068,ACCT000005,2024-11-09,refund,54.68,EUR,MERCH0002,posted
TXN00000528,ACCT000033,2024-11-09,transfer,384.15,EUR,,posted
TXN00000570,ACCT000035,2024-11-09,withdrawal,-242.05,USD,,failed
TXN00000600,ACCT000037,2024-11-09,purchase,-240.42,GBP,MERCH0002,posted
TXN00000880,ACCT000054,2024-11-09,fee,-27.44,USD,,posted
TXN00000886,ACCT000054,2024-11-09,purchase,-158.49,USD,MERCH0005,posted
TXN00000905,ACCT000055,2024-11-09,purchase,-436.65,EUR,MERCH0010,posted
TXN00000999,ACCT000059,2024-11-09,deposit,2549.3,USD,,posted
TXN00001101,ACCT000064,2024-11-09,deposit,4538.88,GBP,,posted
TXN00001506,ACCT000084,2024-11-09,purchase,-194.28,USD,MERCH0006,posted
TXN00001578,ACCT000087,2024-11-09,purchase,-58.71,EUR,MERCH0005,posted
TXN00001614,ACCT000088,2024-11-09,purchase,-104.06,USD,MERCH0005,posted
TXN00001626,ACCT000088,2024-11-09,deposit,307.6,USD,,posted
TXN00001670,ACCT000090,2024-11-09,withdrawal,-273.22,USD,,posted
TXN00001774,ACCT000094,2024-11-09,refund,129.12,USD,MERCH0003,posted
TXN00001792,ACCT000095,2024-11-09,purchase,-171.77,GBP,MERCH0010,posted
TXN00002453,ACCT000129,2024-11-09,purchase,-225.41,GBP,MERCH0001,posted
TXN00002899,ACCT000148,2024-11-09,transfer,-524.36,USD,,posted
TXN00002973,ACCT000152,2024-11-09,refund,125.49,USD,MERCH0006,posted
TXN00003713,ACCT000195,2024-11-09,purchase,-65.99,EUR,MERCH0003,posted
TXN00003998,ACCT000212,2024-11-09,purchase,-257.52,EUR,MERCH0007,pending
TXN00004123,ACCT000222,2024-11-09,withdrawal,-468.79,USD,,pending
TXN00004449,ACCT000239,2024-11-09,refund,110.7,USD,MERCH0004,posted
TXN00005637,ACCT000304,2024-11-09,purchase,-335.91,GBP,MERCH0004,posted
TXN00005824,ACCT000315,2024-11-09,fee,-6.88,EUR,,posted
TXN00006003,ACCT000322,2024-11-09,withdrawal,-525.94,EUR,,failed
TXN00006165,ACCT000330,2024-11-09,transfer,1605.41,GBP,,posted
TXN00000058,ACCT000005,2024-11-10,refund,96.8,EUR,MERCH0006,posted
TXN00000309,ACCT000019,2024-11-10,purchase,-174.45,EUR,MERCH0002,pending
TXN00000310,ACCT000019,2024-11-10,purchase,-371.26,EUR,MERCH0002,posted
TXN00000383,ACCT000024,2024-11-10,deposit,3724.94,USD,,pending
TXN00000494,ACCT000031,2024-11-10,withdrawal,-575.05,GBP,,pending
TXN00000543,ACCT000033,2024-11-10,withdrawal,-381.73,EUR,,posted
TXN00001057,ACCT000062,2024-11-10,fee,-32.78,EUR,,failed
TXN00002134,ACCT000113,2024-11-10,transfer,-1217.82,USD,,posted
TXN00002174,ACCT000116,2024-11-10,transfer,954.78,USD,,posted
TXN00002564,ACCT000133,2024-11-10,purchase,-187.93,USD,MERCH0009,posted
TXN00002921,ACCT000149,2024-11-10,fee,-1.78,USD,,posted
TXN00003061,ACCT000157,2024-11-10,withdrawal,-632.69,USD,,posted
TXN00004069,ACCT000218,2024-11-10,purchase,-206.12,USD,MERCH0002,posted
TXN00004623,ACCT000247,2024-11-10,deposit,4810.13,EUR,,posted
TXN00005107,ACCT000276,2024-11-10,purchase,-69.92,GBP,MERCH0006,posted
TXN00005139,ACCT000277,2024-11-10,fee,-22.45,GBP,,posted
TXN00005157,ACCT000279,2024-11-10,purchase,-53.9,USD,MERCH0002,posted
TXN00005254,ACCT000283,2024-11-10,withdrawal,-426.07,USD,,posted
TXN00005381,ACCT000291,2024-11-10,refund,54.26,USD,MERCH0007,posted
TXN00005756,ACCT000312,2024-11-10,purchase,-15.14,EUR,MERCH0002,posted
TXN00005895,ACCT000318,2024-11-10,withdrawal,-28.0,USD,,posted
TXN00000066,ACCT000005,2024-11-11,deposit,1427.81,EUR,,failed
TXN00000190,ACCT000010,2024-11-11,deposit,3254.03,EUR,,posted
TXN00000649,ACCT000039,2024-11-11,refund,31.73,USD,MERCH0010,posted
TXN00000681,ACCT000041,2024-11-11,withdrawal,-492.37,USD,,pending
TXN00000733,ACCT000047,2024-11-11,purchase,-89.72,EUR,MERCH0003,posted
TXN00001572,ACCT000087,2024-11-11,fee,-23.09,EUR,,posted
TXN00001587,ACCT000087,2024-11-11,purchase,-321.81,EUR,MERCH0009,failed
TXN00002096,ACCT000112,2024-11-11,transfer,-707.74,EUR,,posted
TXN00002187,ACCT000117,2024-11-11,refund,36.12,USD,MERCH0004,posted
TXN00002374,ACCT000126,2024-11-11,purchase,-216.8,GBP,MERCH0004,posted
TXN00003694,ACCT000194,2024-11-11,refund,105.99,GBP,MERCH0001,posted
TXN00003784,ACCT000198,2024-11-11,purchase,-163.55,GBP,MERCH0009,posted
TXN00004324,ACCT000232,2024-11-11,withdrawal,-97.06,USD,,failed
TXN00004570,ACCT000243,2024-11-11,transfer,-1403.78,EUR,,posted
TXN00005920,ACCT000319,2024-11-11,purchase,-22.63,USD,MERCH0007,pending
TXN00006169,ACCT000330,2024-11-11,purchase,-399.81,GBP,MERCH0004,posted
TXN00000021,ACCT000001,2024-11-12,withdrawal,-642.48,USD,,failed
TXN00000081,ACCT000005,2024-11-12,withdrawal,-45.5,EUR,,posted
TXN00000284,ACCT000017,2024-11-12,purchase,-444.8,USD,MERCH0006,failed
TXN00000367,ACCT000023,2024-11-12,purchase,-80.62,USD,MERCH0010,posted
TXN00000573,ACCT000035,2024-11-12,refund,140.99,USD,MERCH0005,posted
TXN00001196,ACCT000068,2024-11-12,deposit,647.41,EUR,,posted
TXN00001575,ACCT000087,2024-11-12,deposit,3586.5,EUR,,pending
TXN00001609,ACCT000088,2024-11-12,transfer,-1238.75,USD,,posted
TXN00002669,ACCT000137,2024-11-12,fee,-6.38,USD,,pending
TXN00002757,ACCT000141,2024-11-12,refund,30.93,USD,MERCH0006,failed
TXN00003541,ACCT000184,2024-11-12,refund,179.8,GBP,MERCH0003,posted
TXN00004072,ACCT000218,2024-11-12,withdrawal,-561.67,USD,,posted
TXN00005329,ACCT000288,2024-11-12,purchase,-73.6,USD,MERCH0008,posted
TXN00005462,ACCT000294,2024-11-12,fee,-32.78,GBP,,failed
TXN00005607,ACCT000303,2024-11-12,transfer,-882.94,EUR,,posted
TXN00000774,ACCT000049,2024-11-13,deposit,2762.35,EUR,,posted
TXN00001279,ACCT000072,2024-11-13,withdrawal,-529.39,USD,,posted
TXN00001325,ACCT000074,2024-11-13,purchase,-293.96,USD,MERCH0006,failed
TXN00001443,ACCT000081,2024-11-13,purchase,-64.49,GBP,MERCH0001,posted
TXN00001795,ACCT000096,2024-11-13,refund,83.85,USD,MERCH0007,posted
TXN00002327,ACCT000124,2024-11-13,purchase,-258.05,USD,MERCH0010,posted
TXN00002442,ACCT000129,2024-11-13,fee,-14.61,GBP,,posted
TXN00002753,ACCT000141,2024-11-13,purchase,-201.53,USD,MERCH0010,posted
TXN00003068,ACCT000157,2024-11-13,refund,150.3,USD,MERCH0010,posted
TXN00003455,ACCT000180,2024-11-13,deposit,330.61,USD,,posted
TXN00003964,ACCT000209,2024-11-13,fee,-16.73,EUR,,pending
TXN00004585,ACCT000244,2024-11-13,purchase,-118.79,USD,MERCH0005,pending
TXN00004797,ACCT000256,2024-11-13,purchase,-234.81,USD,MERCH0001,posted
TXN00004949,ACCT000266,2024-11-13,transfer,48.13,USD,,posted
TXN00005209,ACCT000282,2024-11-13,fee,-16.35,USD,,failed
TXN00005296,ACCT000286,2024-11-13,refund,186.44,EUR,MERCH0005,posted
TXN00005898,ACCT000318,2024-11-13,refund,149.06,USD,MERCH0007,failed
TXN00000157,ACCT000009,2024-11-14,deposit,2346.44,EUR,,pending
TXN00000372,ACCT000023,2024-11-14,withdrawal,-677.6,USD,,pending
TXN00000609,ACCT000037,2024-11-14,fee,-23.37,GBP,,pending
TXN00000703,ACCT000043,2024-11-14,purchase,-249.0,GBP,MERCH0007,posted
TXN00000758,ACCT000048,2024-11-14,withdrawal,-467.78,USD,,posted
TXN00001140,ACCT000066,2024-11-14,refund,189.64,GBP,MERCH0006,failed
TXN00001190,ACCT000068,2024-11-14,deposit,1448.16,EUR,,failed
TXN00001367,ACCT000078,2024-11-14,transfer,913.28,USD,,posted
TXN00001904,ACCT000102,2024-11-14,refund,170.96,USD,MERCH0005,failed
TXN00002064,ACCT000109,2024-11-14,transfer,-770.1,EUR,,pending
TXN00002645,ACCT000136,2024-11-14,refund,143.01,EUR,MERCH0007,pending
TXN00003545,ACCT000184,2024-11-14,purchase,-426.22,GBP,MERCH0008,posted
TXN00003970,ACCT000210,2024-11-14,refund,85.81,USD,MERCH0009,posted
TXN00004650,ACCT000248,2024-11-14,withdrawal,-332.18,USD,,failed
TXN00004655,ACCT000249,2024-11-14,fee,-23.41,GBP,,posted
TXN00004800,ACCT000256,2024-11-14,withdrawal,-455.79,USD,,pending
TXN00004814,ACCT000258,2024-11-14,purchase,-91.63,USD,MERCH0010,posted
TXN00005605,ACCT000303,2024-11-14,purchase,-258.25,EUR,MERCH0007,posted
TXN00000470,ACCT000028,2024-11-15,withdrawal,-150.82,GBP,,failed
TXN00000827,ACCT000052,2024-11-15,transfer,1228.76,USD,,failed
TXN00001054,ACCT000062,2024-11-15,refund,38.58,EUR,MERCH0009,posted
TXN00001164,ACCT000066,2024-11-15,withdrawal,-286.24,GBP,,posted
TXN00001341,ACCT000077,2024-11-15,deposit,1233.14,USD,,failed
TXN00001429,ACCT000081,2024-11-15,deposit,4674.92,GBP,,posted
TXN00002081,ACCT000111,2024-11-15,purchase,-445.5,USD,MERCH0003,posted
TXN00002425,ACCT000128,2024-11-15,fee,-1.64,GBP,,posted
TXN00002452,ACCT000129,2024-11-15,purchase,-395.95,GBP,MERCH0006,posted
TXN00002686,ACCT000138,2024-11-15,purchase,-11.59,USD,MERCH0010,posted
TXN00002995,ACCT000154,2024-11-15,refund,155.67,USD,MERCH0002,posted
TXN00003196,ACCT000166,2024-11-15,purchase,-31.84,USD,MERCH0003,posted
TXN00003465,ACCT000180,2024-11-15,refund,42.0,USD,MERCH0004,pending
TXN00004258,ACCT000227,2024-11-15,refund,106.05,GBP,MERCH0003,posted
TXN00004292,ACCT000230,2024-11-15,refund,128.02,USD,MERCH0006,posted
TXN00004593,ACCT000244,2024-11-15,deposit,3787.51,USD,,posted
TXN00005779,ACCT000312,2024-11-15,withdrawal,-274.87,EUR,,posted
TXN00005900,ACCT000318,2024-11-15,withdrawal,-113.35,USD,,pending
TXN00005907,ACCT000319,2024-11-15,purchase,-310.1,USD,MERCH0003,failed
TXN00005931,ACCT000319,2024-11-15,purchase,-379.98,USD,MERCH0003,posted
TXN00006189,ACCT000330,2024-11-15,fee,-2.88,GBP,,pending
TXN00000313,ACCT000019,2024-11-16,deposit,866.17,EUR,,posted
TXN00000593,ACCT000036,2024-11-16,purchase,-161.92,EUR,MERCH0001,posted
TXN00000964,ACCT000058,2024-11-16,purchase,-340.98,USD,MERCH0010,posted
TXN00001058,ACCT000062,2024-11-16,purchase,-92.69,EUR,MERCH0009,posted
TXN00001298,ACCT000073,2024-11-16,withdrawal,-650.56,USD,,posted
TXN00001318,ACCT000074,2024-11-16,refund,27.59,USD,MERCH0010,posted
TXN00001569,ACCT000087,2024-11-16,deposit,4789.24,EUR,,pending
TXN00001671,ACCT000090,2024-11-16,purchase,-101.02,USD,MERCH0006,posted
TXN00001674,ACCT000090,2024-11-16,deposit,4093.39,USD,,posted
TXN00001749,ACCT000093,2024-11-16,purchase,-398.33,USD,MERCH0004,failed
TXN00001764,ACCT000094,2024-11-16,purchase,-439.91,USD,MERCH0010,posted
TXN00002040,ACCT000109,2024-11-16,withdrawal,-146.79,EUR,,posted
TXN00002087,ACCT000111,2024-11-16,withdrawal,-610.97,USD,,failed
TXN00002112,ACCT000112,2024-11-16,purchase,-112.92,EUR,MERCH0001,pending
TXN00002875,ACCT000147,2024-11-16,transfer,-1659.39,USD,,posted
TXN00003288,ACCT000170,2024-11-16,purchase,-375.14,EUR,MERCH0001,posted
TXN00003345,ACCT000176,2024-11-16,refund,139.97,USD,MERCH0001,posted
TXN00003473,ACCT000180,2024-11-16,transfer,-317.25,USD,,posted
TXN00003717,ACCT000196,2024-11-16,fee,-27.5,USD,,posted
TXN00004372,ACCT000235,2024-11-16,purchase,-354.08,USD,MERCH0004,posted
TXN00004467,ACCT000240,2024-11-16,purchase,-50.8,USD,MERCH0004,failed
TXN00005093,ACCT000273,2024-11-16,refund,59.7,USD,MERCH0008,failed
TXN00005370,ACCT000291,2024-11-16,fee,-13.92,USD,,posted
TXN00005385,ACCT000291,2024-11-16,purchase,-5.6,USD,MERCH0006,posted
TXN00006164,ACCT000330,2024-11-16,refund,152.75,GBP,MERCH0007,posted
TXN00000040,ACCT000004,2024-11-17,withdrawal,-593.2,USD,,failed
TXN00000119,ACCT000008,2024-11-17,purchase,-278.39,GBP,MERCH0007,posted
TXN00000144,ACCT000009,2024-11-17,purchase,-206.47,EUR,MERCH0008,posted
TXN00000316,ACCT000019,2024-11-17,purchase,-394.82,EUR,MERCH0007,posted
TXN00000414,ACCT000025,2024-11-17,fee,-16.34,USD,,posted
TXN00001022,ACCT000061,2024-11-17,purchase,-47.52,GBP,MERCH0001,posted
TXN00001055,ACCT000062,2024-11-17,purchase,-226.14,EUR,MERCH0010,failed
TXN00001227,ACCT000069,2024-11-17,transfer,-114.51,USD,,failed
TXN00001593,ACCT000087,2024-11-17,fee,-27.2,EUR,,posted
TXN00001603,ACCT000088,2024-11-17,transfer,-856.99,USD,,posted
TXN00001690,ACCT000091,2024-11-17,purchase,-371.74,EUR,MERCH0001,posted
TXN00002389,ACCT000127,2024-11-17,transfer,-399.97,USD,,posted
TXN00002617,ACCT000135,2024-11-17,withdrawal,-104.62,USD,,posted
TXN00002670,ACCT000137,2024-11-17,refund,138.92,USD,MERCH0005,posted
TXN00003492,ACCT000182,2024-11-17,refund,86.37,GBP,MERCH0006,posted
TXN00003523,ACCT000182,2024-11-17,purchase,-341.51,GBP,MERCH0010,failed
TXN00003714,ACCT000195,2024-11-17,purchase,-26.87,EUR,MERCH0008,failed
TXN00003914,ACCT000206,2024-11-17,purchase,-447.07,GBP,MERCH0008,posted
TXN00004160,ACCT000224,2024-11-17,purchase,-122.85,EUR,MERCH0008,posted
TXN00004242,ACCT000227,2024-11-17,withdrawal,-777.9,GBP,,posted
TXN00004385,ACCT000236,2024-11-17,purchase,-65.07,USD,MERCH0004,posted
TXN00006024,ACCT000323,2024-11-17,purchase,-186.51,USD,MERCH0004,posted
TXN00000538,ACCT000033,2024-11-18,purchase,-335.83,EUR,MERCH0008,posted
TXN00000819,ACCT000051,2024-11-18,fee,-27.19,USD,,posted
TXN00000989,ACCT000058,2024-11-18,purchase,-15.86,USD,MERCH0005,posted
TXN00001613,ACCT000088,2024-11-18,fee,-5.21,USD,,posted
TXN00002320,ACCT000124,2024-11-18,purchase,-227.53,USD,MERCH0006,pending
TXN00002343,ACCT000124,2024-11-18,refund,158.12,USD,MERCH0007,posted
TXN00002401,ACCT000127,2024-11-18,transfer,1884.16,USD,,pending
TXN00002750,ACCT000140,2024-11-18,purchase,-119.66,EUR,MERCH0005,posted
TXN00003127,ACCT000160,2024-11-18,purchase,-404.75,USD,MERCH0004,posted
TXN00003145,ACCT000163,2024-11-18,deposit,268.64,GBP,,failed
TXN00003462,ACCT000180,2024-11-18,purchase,-53.38,USD,MERCH0002,posted
TXN00004608,ACCT000246,2024-11-18,fee,-9.56,USD,,posted
TXN00004882,ACCT000262,2024-11-18,transfer,-581.12,USD,,posted
TXN00005724,ACCT000310,2024-11-18,withdrawal,-669.02,GBP,,posted
TXN00006216,ACCT000334,2024-11-18,transfer,1252.82,USD,,posted
TXN00000036,ACCT000004,2024-11-19,fee,-28.34,USD,,posted
TXN00000097,ACCT000006,2024-11-19,withdrawal,-509.69,USD,,posted
TXN00000283,ACCT000017,2024-11-19,transfer,610.98,USD,,posted
TXN00000418,ACCT000026,2024-11-19,purchase,-345.08,USD,MERCH0005,posted
TXN00000558,ACCT000035,2024-11-19,fee,-18.8,USD,,failed
TXN00000959,ACCT000058,2024-11-19,transfer,1955.5,USD,,pending
TXN00001345,ACCT000077,2024-11-19,transfer,-1951.11,USD,,posted
TXN00001604,ACCT000088,2024-11-19,transfer,-689.16,USD,,failed
TXN00001621,ACCT000088,2024-11-19,deposit,4744.46,USD,,failed
TXN00001780,ACCT000094,2024-11-19,refund,106.38,USD,MERCH0007,failed
TXN00001984,ACCT000106,2024-11-19,purchase,-146.56,EUR,MERCH0003,failed
TXN00002086,ACCT000111,2024-11-19,fee,-22.45,USD,,failed
TXN00002390,ACCT000127,2024-11-19,purchase,-299.18,USD,MERCH0010,posted
TXN00002615,ACCT000135,2024-11-19,purchase,-430.03,USD,MERCH0005,failed
TXN00002625,ACCT000135,2024-11-19,purchase,-9.35,USD,MERCH0010,posted
TXN00002697,ACCT000138,2024-11-19,transfer,-1232.88,USD,,posted
TXN00002721,ACCT000139,2024-11-19,purchase,-166.47,USD,MERCH0007,posted
TXN00002732,ACCT000140,2024-11-19,purchase,-60.85,EUR,MERCH0010,posted
TXN00002842,ACCT000146,2024-11-19,purchase,-172.79,GBP,MERCH0008,posted
TXN00003678,ACCT000193,2024-11-19,refund,26.98,USD,MERCH0007,pending
TXN00003689,ACCT000194,2024-11-19,purchase,-197.85,GBP,MERCH0001,failed
TXN00003721,ACCT000196,2024-11-19,fee,-10.35,USD,,posted
TXN00004651,ACCT000248,2024-11-19,purchase,-439.1,USD,MERCH0008,posted
TXN00004654,ACCT000249,2024-11-19,purchase,-124.31,GBP,MERCH0004,posted
TXN00004744,ACCT000253,2024-11-19,withdrawal,-89.28,USD,,posted
TXN00005092,ACCT000273,2024-11-19,withdrawal,-657.49,USD,,posted
TXN00005360,ACCT000289,2024-11-19,fee,-7.95,EUR,,posted
TXN00005703,ACCT000309,2024-11-19,transfer,1725.91,GBP,,posted
TXN00006093,ACCT000326,2024-11-19,refund,48.21,USD,MERCH0001,posted
TXN00006103,ACCT000327,2024-11-19,purchase,-106.66,USD,MERCH0010,posted
TXN00000023,ACCT000001,2024-11-20,purchase,-144.56,USD,MERCH0007,posted
TXN00000454,ACCT000028,2024-11-20,withdrawal,-671.2,GBP,,posted
TXN00000714,ACCT000045,2024-11-20,withdrawal,-278.27,USD,,posted
TXN00001611,ACCT000088,2024-11-20,fee,-13.05,USD,,posted
TXN00001633,ACCT000089,2024-11-20,purchase,-56.85,USD,MERCH0004,posted
TXN00001637,ACCT000089,2024-11-20,deposit,1147.79,USD,,posted
TXN00002194,ACCT000117,2024-11-20,withdrawal,-574.85,USD,,posted
TXN00002626,ACCT000135,2024-11-20,withdrawal,-739.04,USD,,posted
TXN00002630,ACCT000135,2024-11-20,refund,174.65,USD,MERCH0001,posted
TXN00002650,ACCT000136,2024-11-20,deposit,1267.74,EUR,,failed
TXN00002768,ACCT000142,2024-11-20,purchase,-290.38,USD,MERCH0001,failed
TXN00002771,ACCT000143,2024-11-20,fee,-1.65,USD,,posted
TXN00003404,ACCT000178,2024-11-20,fee,-19.89,USD,,posted
TXN00003494,ACCT000182,2024-11-20,transfer,584.39,GBP,,posted
TXN00003535,ACCT000183,2024-11-20,purchase,-321.03,GBP,MERCH0002,posted
TXN00004165,ACCT000224,2024-11-20,withdrawal,-336.39,EUR,,posted
TXN00005790,ACCT000313,2024-11-20,withdrawal,-640.97,EUR,,failed
TXN00006017,ACCT000323,2024-11-20,refund,21.76,USD,MERCH0005,pending
TXN00006102,ACCT000327,2024-11-20,refund,159.16,USD,MERCH0006,pending
TXN00006163,ACCT000330,2024-11-20,purchase,-361.57,GBP,MERCH0009,posted
TXN00000101,ACCT000006,2024-11-21,transfer,-1595.44,USD,,posted
TXN00000813,ACCT000051,2024-11-21,purchase,-115.67,USD,MERCH0005,pending
TXN00001422,ACCT000081,2024-11-21,purchase,-311.58,GBP,MERCH0007,posted
TXN00001619,ACCT000088,2024-11-21,purchase,-130.35,USD,MERCH0004,posted
TXN00001631,ACCT000088,2024-11-21,refund,141.13,USD,MERCH0002,pending
TXN00002090,ACCT000111,2024-11-21,fee,-11.89,USD,,posted
TXN00002180,ACCT000116,2024-11-21,deposit,1757.54,USD,,posted
TXN00002386,ACCT000127,2024-11-21,deposit,3905.02,USD,,posted
TXN00002472,ACCT000129,2024-11-21,deposit,851.33,GBP,,posted
TXN00002577,ACCT000134,2024-11-21,refund,108.44,GBP,MERCH0003,posted
TXN00002858,ACCT000146,2024-11-21,purchase,-214.73,GBP,MERCH0007,posted
TXN00003113,ACCT000159,2024-11-21,purchase,-176.98,USD,MERCH0004,posted
TXN00003460,ACCT000180,2024-11-21,refund,94.91,USD,MERCH0007,failed
TXN00003745,ACCT000196,2024-11-21,fee,-8.54,USD,,posted
TXN00003988,ACCT000210,2024-11-21,transfer,-1147.23,USD,,posted
TXN00004262,ACCT000228,2024-11-21,purchase,-425.53,EUR,MERCH0005,posted
TXN00004662,ACCT000249,2024-11-21,fee,-18.79,GBP,,posted
TXN00004893,ACCT000263,2024-11-21,purchase,-225.18,GBP,MERCH0007,posted
TXN00005168,ACCT000280,2024-11-21,refund,57.52,USD,MERCH0004,pending
TXN00005508,ACCT000298,2024-11-21,fee,-18.68,GBP,,posted
TXN00006187,ACCT000330,2024-11-21,purchase,-161.91,GBP,MERCH0002,posted
TXN00000051,ACCT000004,2024-11-22,purchase,-22.8,USD,MERCH0010,failed
TXN00000167,ACCT000009,2024-11-22,fee,-3.54,EUR,,pending
TXN00000282,ACCT000017,2024-11-22,fee,-20.87,USD,,posted
TXN00000305,ACCT000019,2024-11-22,fee,-33.82,EUR,,posted
TXN00000435,ACCT000027,2024-11-22,purchase,-143.01,GBP,MERCH0001,posted
TXN00000467,ACCT000028,2024-11-22,purchase,-426.42,GBP,MERCH0005,posted
TXN00000977,ACCT000058,2024-11-22,purchase,-124.88,USD,MERCH0001,posted
TXN00000978,ACCT000058,2024-11-22,purchase,-133.37,USD,MERCH0005,failed
TXN00002043,ACCT000109,2024-11-22,withdrawal,-283.28,EUR,,posted
TXN00003076,ACCT000158,2024-11-22,transfer,-637.88,EUR,,posted
TXN00003558,ACCT000184,2024-11-22,purchase,-192.31,GBP,MERCH0010,posted
TXN00003971,ACCT000210,2024-11-22,deposit,4706.49,USD,,failed
TXN00004113,ACCT000220,2024-11-22,fee,-10.58,GBP,,posted
TXN00004219,ACCT000226,2024-11-22,purchase,-140.91,USD,MERCH0006,posted
TXN00004255,ACCT000227,2024-11-22,purchase,-9.43,GBP,MERCH0008,posted
TXN00004445,ACCT000239,2024-11-22,fee,-29.68,USD,,pending
TXN00004707,ACCT000252,2024-11-22,transfer,-1690.81,USD,,failed
TXN00005062,ACCT000272,2024-11-22,transfer,-412.94,EUR,,pending
TXN00005095,ACCT000275,2024-11-22,deposit,4856.91,EUR,,posted
TXN00005268,ACCT000283,2024-11-22,fee,-14.91,USD,,pending
TXN00005410,ACCT000292,2024-11-22,purchase,-173.39,USD,MERCH0004,posted
TXN00005449,ACCT000294,2024-11-22,transfer,-345.92,GBP,,posted
TXN00005638,ACCT000304,2024-11-22,transfer,-356.8,GBP,,posted
TXN00005651,ACCT000305,2024-11-22,fee,-8.56,USD,,posted
TXN00005929,ACCT000319,2024-11-22,fee,-12.82,USD,,failed
TXN00006090,ACCT000326,2024-11-22,fee,-2.26,USD,,failed
TXN00006181,ACCT000330,2024-11-22,purchase,-422.73,GBP,MERCH0003,posted
TXN00000753,ACCT000047,2024-11-23,deposit,1638.36,EUR,,posted
TXN00000982,ACCT000058,2024-11-23,purchase,-262.28,USD,MERCH0009,posted
TXN00000988,ACCT000058,2024-11-23,purchase,-400.71,USD,MERCH0008,pending
TXN00001336,ACCT000077,2024-11-23,deposit,3937.06,USD,,posted
TXN00001340,ACCT000077,2024-11-23,deposit,3481.44,USD,,posted
TXN00001665,ACCT000090,2024-11-23,purchase,-417.48,USD,MERCH0005,posted
TXN00001921,ACCT000102,2024-11-23,purchase,-395.08,USD,MERCH0005,failed
TXN00002397,ACCT000127,2024-11-23,deposit,3327.17,USD,,posted
TXN00002408,ACCT000127,2024-11-23,purchase,-112.62,USD,MERCH0008,pending
TXN00002530,ACCT000132,2024-11-23,purchase,-93.36,USD,MERCH0007,failed
TXN00002603,ACCT000134,2024-11-23,purchase,-415.17,GBP,MERCH0001,posted
TXN00002640,ACCT000135,2024-11-23,refund,137.53,USD,MERCH0004,pending
TXN00003048,ACCT000157,2024-11-23,withdrawal,-619.74,USD,,failed
TXN00003217,ACCT000166,2024-11-23,purchase,-109.75,USD,MERCH0005,posted
TXN00003400,ACCT000178,2024-11-23,deposit,2952.34,USD,,posted
TXN00003499,ACCT000182,2024-11-23,fee,-19.83,GBP,,posted
TXN00003578,ACCT000185,2024-11-23,purchase,-322.49,USD,MERCH0004,posted
TXN00003625,ACCT000189,2024-11-23,fee,-34.77,USD,,posted
TXN00003728,ACCT000196,2024-11-23,purchase,-32.46,USD,MERCH0008,posted
TXN00003867,ACCT000205,2024-11-23,deposit,3635.56,EUR,,failed
TXN00004059,ACCT000217,2024-11-23,deposit,2707.27,USD,,posted
TXN00004778,ACCT000255,2024-11-23,purchase,-411.92,EUR,MERCH0010,pending
TXN00004871,ACCT000262,2024-11-23,purchase,-166.08,USD,MERCH0003,posted
TXN00004937,ACCT000266,2024-11-23,refund,146.4,USD,MERCH0005,posted
TXN00005411,ACCT000292,2024-11-23,withdrawal,-493.14,USD,,posted
TXN00005453,ACCT000294,2024-11-23,refund,112.45,GBP,MERCH0004,failed
TXN00005952,ACCT000320,2024-11-23,refund,6.64,USD,MERCH0009,posted
TXN00006083,ACCT000326,2024-11-23,refund,11.23,USD,MERCH0003,pending
TXN00006115,ACCT000327,2024-11-23,purchase,-409.8,USD,MERCH0005,failed
TXN00000117,ACCT000007,2024-11-24,purchase,-240.14,USD,MERCH0002,posted
TXN00000804,ACCT000051,2024-11-24,purchase,-400.79,USD,MERCH0009,posted
TXN00001093,ACCT000064,2024-11-24,purchase,-356.59,GBP,MERCH0008,posted
TXN00001412,ACCT000080,2024-11-24,refund,70.7,USD,MERCH0007,posted
TXN00001445,ACCT000081,2024-11-24,purchase,-415.76,GBP,MERCH0004,pending
TXN00001605,ACCT000088,2024-11-24,purchase,-136.73,USD,MERCH0005,posted
TXN00001768,ACCT000094,2024-11-24,refund,71.74,USD,MERCH0002,posted
TXN00001790,ACCT000095,2024-11-24,purchase,-288.6,GBP,MERCH0008,pending
TXN00002204,ACCT000117,2024-11-24,refund,11.65,USD,MERCH0007,failed
TXN00002224,ACCT000120,2024-11-24,deposit,3749.67,USD,,failed
TXN00002534,ACCT000132,2024-11-24,withdrawal,-610.28,USD,,pending
TXN00002618,ACCT000135,2024-11-24,deposit,4753.53,USD,,pending
TXN00002628,ACCT000135,2024-11-24,fee,-6.21,USD,,posted
TXN00002651,ACCT000136,2024-11-24,deposit,4742.62,EUR,,failed
TXN00003274,ACCT000169,2024-11-24,refund,150.61,USD,MERCH0003,posted
TXN00003540,ACCT000184,2024-11-24,purchase,-168.11,GBP,MERCH0004,failed
TXN00003646,ACCT000192,2024-11-24,purchase,-78.87,USD,MERCH0008,posted
TXN00003687,ACCT000194,2024-11-24,withdrawal,-755.9,GBP,,failed
TXN00003695,ACCT000194,2024-11-24,deposit,2177.99,GBP,,pending
TXN00003701,ACCT000194,2024-11-24,fee,-7.14,GBP,,posted
TXN00004057,ACCT000217,2024-11-24,refund,165.49,USD,MERCH0006,posted
TXN00004250,ACCT000227,2024-11-24,transfer,357.98,GBP,,posted
TXN00004307,ACCT000232,2024-11-24,fee,-28.41,USD,,pending
TXN00004603,ACCT000246,2024-11-24,purchase,-93.81,USD,MERCH0010,posted
TXN00004785,ACCT000255,2024-11-24,deposit,4881.44,EUR,,pending
TXN00004806,ACCT000257,2024-11-24,withdrawal,-682.67,USD,,posted
TXN00004910,ACCT000263,2024-11-24,purchase,-85.97,GBP,MERCH0010,posted
TXN00004965,ACCT000267,2024-11-24,transfer,625.78,GBP,,failed
TXN00005067,ACCT000272,2024-11-24,withdrawal,-298.59,EUR,,pending
TXN00005687,ACCT000308,2024-11-24,deposit,2037.74,USD,,posted
TXN00005923,ACCT000319,2024-11-24,fee,-24.55,USD,,pending
TXN00006095,ACCT000326,2024-11-24,purchase,-252.72,USD,MERCH0006,posted
TXN00006109,ACCT000327,2024-11-24,withdrawal,-56.73,USD,,posted
TXN00006113,ACCT000327,2024-11-24,refund,40.87,USD,MERCH0001,posted
TXN00006183,ACCT000330,2024-11-24,withdrawal,-305.93,GBP,,posted
TXN00000766,ACCT000049,2024-11-25,refund,48.64,EUR,MERCH0008,posted
TXN00001477,ACCT000083,2024-11-25,fee,-14.52,EUR,,pending
TXN00001606,ACCT000088,2024-11-25,deposit,61.06,USD,,failed
TXN00001630,ACCT000088,2024-11-25,deposit,3348.34,USD,,posted
TXN00001771,ACCT000094,2024-11-25,transfer,-648.22,USD,,pending
TXN00002387,ACCT000127,2024-11-25,withdrawal,-411.39,USD,,posted
TXN00002610,ACCT000135,2024-11-25,fee,-10.45,USD,,posted
TXN00003199,ACCT000166,2024-11-25,purchase,-426.96,USD,MERCH0009,posted
TXN00003498,ACCT000182,2024-11-25,purchase,-95.63,GBP,MERCH0001,failed
TXN00003902,ACCT000206,2024-11-25,purchase,-312.1,GBP,MERCH0001,posted
TXN00004404,ACCT000237,2024-11-25,purchase,-318.73,EUR,MERCH0003,pending
TXN00004857,ACCT000261,2024-11-25,transfer,-1161.63,EUR,,posted
TXN00004962,ACCT000266,2024-11-25,refund,67.98,USD,MERCH0001,pending
TXN00005838,ACCT000316,2024-11-25,purchase,-383.44,USD,MERCH0010,failed
TXN00006011,ACCT000322,2024-11-25,withdrawal,-380.63,EUR,,posted
TXN00000126,ACCT000008,2024-11-26,purchase,-224.21,GBP,MERCH0004,posted
TXN00000312,ACCT000019,2024-11-26,purchase,-448.27,EUR,MERCH0006,posted
TXN00000479,ACCT000029,2024-11-26,deposit,4554.92,GBP,,posted
TXN00000547,ACCT000033,2024-11-26,fee,-10.22,EUR,,posted
TXN00000568,ACCT000035,2024-11-26,fee,-29.17,USD,,posted
TXN00000603,ACCT000037,2024-11-26,transfer,-654.97,GBP,,posted
TXN00000691,ACCT000042,2024-11-26,purchase,-51.86,USD,MERCH0009,posted
TXN00000846,ACCT000053,2024-11-26,refund,31.34,EUR,MERCH0002,posted
TXN00001062,ACCT000063,2024-11-26,purchase,-310.02,EUR,MERCH0005,posted
TXN00001622,ACCT000088,2024-11-26,purchase,-221.61,USD,MERCH0007,posted
TXN00001975,ACCT000106,2024-11-26,refund,192.62,EUR,MERCH0007,pending
TXN00002646,ACCT000136,2024-11-26,fee,-5.25,EUR,,failed
TXN00002794,ACCT000144,2024-11-26,deposit,4856.15,EUR,,failed
TXN00003259,ACCT000168,2024-11-26,transfer,-125.73,USD,,failed
TXN00003371,ACCT000176,2024-11-26,refund,54.78,USD,MERCH0009,posted
TXN00003514,ACCT000182,2024-11-26,deposit,3054.47,GBP,,posted
TXN00003690,ACCT000194,2024-11-26,fee,-10.13,GBP,,posted
TXN00004100,ACCT000219,2024-11-26,transfer,-405.17,GBP,,failed
TXN00004279,ACCT000228,2024-11-26,fee,-20.32,EUR,,posted
TXN00004330,ACCT000233,2024-11-26,deposit,903.34,USD,,posted
TXN00004640,ACCT000247,2024-11-26,fee,-14.41,EUR,,failed
TXN00004733,ACCT000252,2024-11-26,purchase,-172.69,USD,MERCH0002,posted
TXN00005741,ACCT000310,2024-11-26,purchase,-45.04,GBP,MERCH0005,pending
TXN00005767,ACCT000312,2024-11-26,deposit,1387.29,EUR,,posted
TXN00005871,ACCT000317,2024-11-26,deposit,4199.6,USD,,posted
TXN00006186,ACCT000330,2024-11-26,fee,-5.47,GBP,,posted
TXN00000042,ACCT000004,2024-11-27,transfer,-1865.49,USD,,posted
TXN00000319,ACCT000019,2024-11-27,fee,-5.2,EUR,,posted
TXN00000428,ACCT000026,2024-11-27,purchase,-209.19,USD,MERCH0009,pending
TXN00000486,ACCT000030,2024-11-27,purchase,-252.91,GBP,MERCH0006,posted
TXN00000856,ACCT000054,2024-11-27,purchase,-241.98,USD,MERCH0006,posted
TXN00001066,ACCT000063,2024-11-27,purchase,-74.23,EUR,MERCH0004,posted
TXN00001735,ACCT000093,2024-11-27,fee,-7.62,USD,,posted
TXN00001778,ACCT000094,2024-11-27,withdrawal,-216.62,USD,,posted
TXN00002239,ACCT000120,2024-11-27,purchase,-411.18,USD,MERCH0003,posted
TXN00002392,ACCT000127,2024-11-27,withdrawal,-388.15,USD,,posted
TXN00002623,ACCT000135,2024-11-27,purchase,-269.86,USD,MERCH0008,posted
TXN00003343,ACCT000175,2024-11-27,purchase,-397.47,USD,MERCH0005,posted
TXN00003538,ACCT000183,2024-11-27,purchase,-42.79,GBP,MERCH0002,posted
TXN00003860,ACCT000203,2024-11-27,fee,-6.69,EUR,,posted
TXN00003965,ACCT000209,2024-11-27,refund,10.16,EUR,MERCH0007,pending
TXN00004352,ACCT000234,2024-11-27,fee,-1.52,EUR,,posted
TXN00004784,ACCT000255,2024-11-27,deposit,523.45,EUR,,posted
TXN00005915,ACCT000319,2024-11-27,withdrawal,-455.91,USD,,pending
TXN00005917,ACCT000319,2024-11-27,purchase,-275.7,USD,MERCH0003,posted
TXN00006087,ACCT000326,2024-11-27,fee,-29.73,USD,,failed
TXN00006100,ACCT000327,2024-11-27,transfer,-815.03,USD,,posted
TXN00006101,ACCT000327,2024-11-27,purchase,-192.28,USD,MERCH0002,failed
TXN00006222,ACCT000334,2024-11-27,purchase,-59.04,USD,MERCH0005,posted
TXN00000109,ACCT000007,2024-11-28,purchase,-180.16,USD,MERCH0001,posted
TXN00000118,ACCT000008,2024-11-28,purchase,-159.98,GBP,MERCH0008,posted
TXN00000444,ACCT000027,2024-11-28,purchase,-178.45,GBP,MERCH0006,pending
TXN00000453,ACCT000028,2024-11-28,transfer,-1413.4,GBP,,pending
TXN00000541,ACCT000033,2024-11-28,purchase,-161.73,EUR,MERCH0005,failed
TXN00000807,ACCT000051,2024-11-28,purchase,-205.95,USD,MERCH0008,posted
TXN00000832,ACCT000052,2024-11-28,purchase,-247.78,USD,MERCH0006,failed
TXN00001610,ACCT000088,2024-11-28,transfer,-30.21,USD,,failed
TXN00001893,ACCT000101,2024-11-28,fee,-25.89,USD,,posted
TXN00002627,ACCT000135,2024-11-28,deposit,4512.74,USD,,posted
TXN00002884,ACCT000147,2024-11-28,transfer,1675.92,USD,,pending
TXN00003296,ACCT000172,2024-11-28,deposit,4365.61,USD,,posted
TXN00003741,ACCT000196,2024-11-28,purchase,-357.49,USD,MERCH0010,pending
TXN00004875,ACCT000262,2024-11-28,purchase,-21.62,USD,MERCH0007,pending
TXN00005064,ACCT000272,2024-11-28,purchase,-263.5,EUR,MERCH0001,posted
TXN00005070,ACCT000272,2024-11-28,fee,-25.67,EUR,,posted
TXN00005398,ACCT000292,2024-11-28,purchase,-133.79,USD,MERCH0002,pending
TXN00005550,ACCT000300,2024-11-28,refund,6.9,EUR,MERCH0004,posted
TXN00005771,ACCT000312,2024-11-28,fee,-15.83,EUR,,pending
TXN00006110,ACCT000327,2024-11-28,deposit,987.52,USD,,pending
TXN00006178,ACCT000330,2024-11-28,purchase,-90.03,GBP,MERCH0004,posted
TXN00000626,ACCT000038,2024-11-29,withdrawal,-787.83,EUR,,posted
TXN00000644,ACCT000039,2024-11-29,deposit,2827.78,USD,,failed
TXN00001052,ACCT000062,2024-11-29,withdrawal,-413.62,EUR,,posted
TXN00001292,ACCT000072,2024-11-29,purchase,-16.83,USD,MERCH0009,failed
TXN00001331,ACCT000075,2024-11-29,transfer,1175.66,GBP,,pending
TXN00001573,ACCT000087,2024-11-29,refund,189.11,EUR,MERCH0002,failed
TXN00002620,ACCT000135,2024-11-29,refund,24.95,USD,MERCH0002,posted
TXN00003177,ACCT000164,2024-11-29,purchase,-147.16,USD,MERCH0002,failed
TXN00003180,ACCT000164,2024-11-29,purchase,-142.84,USD,MERCH0006,failed
TXN00003507,ACCT000182,2024-11-29,withdrawal,-301.67,GBP,,pending
TXN00003529,ACCT000183,2024-11-29,refund,163.29,GBP,MERCH0002,posted
TXN00004524,ACCT000242,2024-11-29,refund,199.0,USD,MERCH0009,posted
TXN00004687,ACCT000250,2024-11-29,transfer,527.69,GBP,,posted
TXN00004918,ACCT000264,2024-11-29,purchase,-64.09,EUR,MERCH0001,failed
TXN00005058,ACCT000272,2024-11-29,withdrawal,-225.46,EUR,,posted
TXN00005131,ACCT000277,2024-11-29,fee,-15.45,GBP,,pending
TXN00005348,ACCT000289,2024-11-29,refund,183.46,EUR,MERCH0008,pending
TXN00005961,ACCT000320,2024-11-29,purchase,-279.61,USD,MERCH0010,posted
TXN00006096,ACCT000326,2024-11-29,fee,-34.78,USD,,posted
TXN00006167,ACCT000330,2024-11-29,fee,-1.93,GBP,,posted
TXN00000049,ACCT000004,2024-11-30,purchase,-316.63,USD,MERCH0006,pending
TXN00000433,ACCT000027,2024-11-30,refund,124.42,GBP,MERCH0006,posted
TXN00000868,ACCT000054,2024-11-30,purchase,-408.51,USD,MERCH0008,pending
TXN00001189,ACCT000068,2024-11-30,transfer,1603.52,EUR,,posted
TXN00001548,ACCT000086,2024-11-30,fee,-27.38,GBP,,failed
TXN00001750,ACCT000093,2024-11-30,purchase,-447.06,USD,MERCH0003,pending
TXN00002266,ACCT000121,2024-11-30,purchase,-70.38,EUR,MERCH0007,posted
TXN00002330,ACCT000124,2024-11-30,fee,-19.77,USD,,posted
TXN00002848,ACCT000146,2024-11-30,purchase,-264.79,GBP,MERCH0005,failed
TXN00003432,ACCT000179,2024-11-30,transfer,-1582.92,USD,,pending
TXN00003464,ACCT000180,2024-11-30,purchase,-63.79,USD,MERCH0008,posted
TXN00003486,ACCT000180,2024-11-30,purchase,-193.51,USD,MERCH0007,pending
TXN00004916,ACCT000264,2024-11-30,purchase,-76.91,EUR,MERCH0005,posted
TXN00005262,ACCT000283,2024-11-30,transfer,746.58,USD,,posted
TXN00005659,ACCT000305,2024-11-30,transfer,-377.0,USD,,posted
TXN00006242,ACCT000335,2024-11-30,withdrawal,-382.68,USD,,posted
TXN00000150,ACCT000009,2024-12-01,fee,-8.63,EUR,,posted
TXN00000320,ACCT000019,2024-12-01,purchase,-313.75,EUR,MERCH0004,failed
TXN00000676,ACCT000040,2024-12-01,purchase,-33.31,GBP,MERCH0006,pending
TXN00001377,ACCT000078,2024-12-01,purchase,-295.38,USD,MERCH0008,posted
TXN00001600,ACCT000088,2024-12-01,deposit,4971.4,USD,,failed
TXN00001772,ACCT000094,2024-12-01,deposit,3526.34,USD,,posted
TXN00001973,ACCT000106,2024-12-01,transfer,1436.06,EUR,,posted
TXN00002409,ACCT000127,2024-12-01,withdrawal,-557.86,USD,,posted
TXN00002629,ACCT000135,2024-12-01,purchase,-85.23,USD,MERCH0004,posted
TXN00002736,ACCT000140,2024-12-01,withdrawal,-452.9,EUR,,pending
TXN00002744,ACCT000140,2024-12-01,deposit,1155.5,EUR,,posted
TXN00003515,ACCT000182,2024-12-01,refund,168.15,GBP,MERCH0005,posted
TXN00003832,ACCT000201,2024-12-01,deposit,3669.15,EUR,,failed
TXN00004277,ACCT000228,2024-12-01,refund,77.69,EUR,MERCH0004,posted
TXN00004343,ACCT000233,2024-12-01,refund,34.57,USD,MERCH0003,posted
TXN00004462,ACCT000240,2024-12-01,fee,-2.8,USD,,posted
TXN00004836,ACCT000259,2024-12-01,fee,-24.27,USD,,posted
TXN00005192,ACCT000281,2024-12-01,deposit,3488.46,EUR,,posted
TXN00005224,ACCT000282,2024-12-01,purchase,-70.28,USD,MERCH0001,pending
TXN00005289,ACCT000286,2024-12-01,withdrawal,-244.57,EUR,,pending
TXN00005775,ACCT000312,2024-12-01,transfer,61.23,EUR,,posted
TXN00005842,ACCT000316,2024-12-01,fee,-13.43,USD,,posted
TXN00006086,ACCT000326,2024-12-01,purchase,-399.06,USD,MERCH0004,failed
TXN00006105,ACCT000327,2024-12-01,purchase,-185.49,USD,MERCH0001,posted
TXN00006177,ACCT000330,2024-12-01,fee,-11.53,GBP,,posted
TXN00000010,ACCT000001,2024-12-02,purchase,-418.16,USD,MERCH0003,posted
TXN00000161,ACCT000009,2024-12-02,fee,-29.87,EUR,,failed
TXN00000496,ACCT000031,2024-12-02,withdrawal,-171.9,GBP,,pending
TXN00000606,ACCT000037,2024-12-02,transfer,-210.59,GBP,,failed
TXN00001042,ACCT000062,2024-12-02,fee,-20.31,EUR,,posted
TXN00001071,ACCT000063,2024-12-02,purchase,-424.59,EUR,MERCH0007,failed
TXN00001574,ACCT000087,2024-12-02,purchase,-94.08,EUR,MERCH0009,failed
TXN00001615,ACCT000088,2024-12-02,withdrawal,-304.31,USD,,posted
TXN00001673,ACCT000090,2024-12-02,purchase,-425.71,USD,MERCH0007,posted
TXN00002049,ACCT000109,2024-12-02,purchase,-403.98,EUR,MERCH0005,pending
TXN00002755,ACCT000141,2024-12-02,refund,35.09,USD,MERCH0005,posted
TXN00003174,ACCT000164,2024-12-02,fee,-25.51,USD,,pending
TXN00003348,ACCT000176,2024-12-02,purchase,-420.46,USD,MERCH0001,posted
TXN00003550,ACCT000184,2024-12-02,purchase,-172.97,GBP,MERCH0004,posted
TXN00003704,ACCT000194,2024-12-02,transfer,1701.55,GBP,,failed
TXN00003894,ACCT000205,2024-12-02,refund,23.54,EUR,MERCH0004,failed
TXN00003950,ACCT000209,2024-12-02,transfer,145.25,EUR,,failed
TXN00004003,ACCT000212,2024-12-02,purchase,-103.36,EUR,MERCH0003,pending
TXN00004251,ACCT000227,2024-12-02,transfer,1513.38,GBP,,posted
TXN00004625,ACCT000247,2024-12-02,purchase,-155.11,EUR,MERCH0003,failed
TXN00005009,ACCT000270,2024-12-02,withdrawal,-72.02,USD,,posted
TXN00005054,ACCT000271,2024-12-02,deposit,545.74,USD,,posted
TXN00005244,ACCT000283,2024-12-02,fee,-5.15,USD,,pending
TXN00005808,ACCT000314,2024-12-02,withdrawal,-466.92,USD,,failed
TXN00006099,ACCT000326,2024-12-02,purchase,-114.29,USD,MERCH0010,posted
TXN00006174,ACCT000330,2024-12-02,deposit,4140.51,GBP,,failed
TXN00000037,ACCT000004,2024-12-03,transfer,1634.64,USD,,failed
TXN00000074,ACCT000005,2024-12-03,fee,-21.28,EUR,,pending
TXN00000075,ACCT000005,2024-12-03,fee,-7.32,EUR,,failed
TXN00000079,ACCT000005,2024-12-03,refund,137.89,EUR,MERCH0007,posted
TXN00000351,ACCT000023,2024-12-03,fee,-14.71,USD,,posted
TXN00000355,ACCT000023,2024-12-03,purchase,-356.93,USD,MERCH0002,pending
TXN00000446,ACCT000027,2024-12-03,purchase,-165.65,GBP,MERCH0007,posted
TXN00000611,ACCT000038,2024-12-03,purchase,-296.12,EUR,MERCH0004,posted
TXN00000614,ACCT000038,2024-12-03,withdrawal,-80.79,EUR,,posted
TXN00000632,ACCT000038,2024-12-03,transfer,362.35,EUR,,failed
TXN00000660,ACCT000040,2024-12-03,transfer,-57.78,GBP,,failed
TXN00000698,ACCT000043,2024-12-03,purchase,-187.86,GBP,MERCH0007,posted
TXN00000889,ACCT000054,2024-12-03,deposit,1418.31,USD,,posted
TXN00001033,ACCT000061,2024-12-03,refund,113.76,GBP,MERCH0008,posted
TXN00001068,ACCT000063,2024-12-03,purchase,-433.81,EUR,MERCH0001,posted
TXN00001138,ACCT000066,2024-12-03,refund,126.79,GBP,MERCH0008,posted
TXN00001507,ACCT000084,2024-12-03,purchase,-134.36,USD,MERCH0007,posted
TXN00001512,ACCT000084,2024-12-03,purchase,-197.4,USD,MERCH0002,failed
TXN00001549,ACCT000086,2024-12-03,purchase,-389.61,GBP,MERCH0008,failed
TXN00001577,ACCT000087,2024-12-03,fee,-1.88,EUR,,pending
TXN00001918,ACCT000102,2024-12-03,purchase,-225.53,USD,MERCH0006,posted
TXN00001976,ACCT000106,2024-12-03,purchase,-319.7,EUR,MERCH0010,pending
TXN00001977,ACCT000106,2024-12-03,withdrawal,-120.95,EUR,,posted
TXN00002252,ACCT000121,2024-12-03,purchase,-397.68,EUR,MERCH0004,posted
TXN00002405,ACCT000127,2024-12-03,transfer,1848.74,USD,,posted
TXN00002605,ACCT000134,2024-12-03,transfer,-1974.43,GBP,,posted
TXN00002812,ACCT000145,2024-12-03,transfer,-655.01,EUR,,failed
TXN00003126,ACCT000159,2024-12-03,withdrawal,-602.19,USD,,posted
TXN00003175,ACCT000164,2024-12-03,transfer,345.98,USD,,posted
TXN00003178,ACCT000164,2024-12-03,purchase,-217.91,USD,MERCH0004,posted
TXN00003334,ACCT000175,2024-12-03,transfer,-1559.03,USD,,pending
TXN00003459,ACCT000180,2024-12-03,purchase,-95.64,USD,MERCH0002,posted
TXN00003565,ACCT000184,2024-12-03,fee,-14.05,GBP,,posted
TXN00003671,ACCT000192,2024-12-03,refund,80.2,USD,MERCH0001,posted
TXN00003726,ACCT000196,2024-12-03,deposit,495.94,USD,,posted
TXN00003909,ACCT000206,2024-12-03,purchase,-14.32,GBP,MERCH0001,posted
TXN00004158,ACCT000224,2024-12-03,fee,-22.36,EUR,,posted
TXN00004301,ACCT000232,2024-12-03,purchase,-80.64,USD,MERCH0010,pending
TXN00004611,ACCT000246,2024-12-03,withdrawal,-266.02,USD,,posted
TXN00004743,ACCT000253,2024-12-03,transfer,-1290.34,USD,,posted
TXN00004825,ACCT000259,2024-12-03,transfer,-701.74,USD,,pending
TXN00005442,ACCT000293,2024-12-03,purchase,-212.25,GBP,MERCH0002,failed
TXN00005555,ACCT000300,2024-12-03,withdrawal,-257.96,EUR,,failed
TXN00005761,ACCT000312,2024-12-03,transfer,-478.79,EUR,,posted
TXN00005800,ACCT000313,2024-12-03,deposit,2448.14,EUR,,posted
TXN00006013,ACCT000322,2024-12-03,withdrawal,-561.5,EUR,,posted
TXN00006112,ACCT000327,2024-12-03,transfer,217.93,USD,,posted
TXN00006123,ACCT000327,2024-12-03,purchase,-342.86,USD,MERCH0008,posted
TXN00006124,ACCT000327,2024-12-03,deposit,926.38,USD,,pending
TXN00006210,ACCT000332,2024-12-03,fee,-6.39,USD,,posted
TXN00000048,ACCT000004,2024-12-04,refund,81.96,USD,MERCH0010,pending
TXN00000064,ACCT000005,2024-12-04,purchase,-397.74,EUR,MERCH0010,posted
TXN00000631,ACCT000038,2024-12-04,fee,-20.35,EUR,,posted
TXN00001214,ACCT000069,2024-12-04,purchase,-28.84,USD,MERCH0010,failed
TXN00001620,ACCT000088,2024-12-04,fee,-26.29,USD,,posted
TXN00002026,ACCT000108,2024-12-04,transfer,-91.02,EUR,,posted
TXN00002069,ACCT000110,2024-12-04,refund,56.03,GBP,MERCH0006,pending
TXN00002073,ACCT000111,2024-12-04,purchase,-295.04,USD,MERCH0006,pending
TXN00002078,ACCT000111,2024-12-04,purchase,-223.91,USD,MERCH0010,posted
TXN00002309,ACCT000123,2024-12-04,purchase,-253.91,GBP,MERCH0008,posted
TXN00002632,ACCT000135,2024-12-04,purchase,-247.56,USD,MERCH0003,posted
TXN00002641,ACCT000136,2024-12-04,refund,184.13,EUR,MERCH0008,posted
TXN00002647,ACCT000136,2024-12-04,deposit,4712.31,EUR,,posted
TXN00002728,ACCT000140,2024-12-04,purchase,-432.76,EUR,MERCH0006,posted
TXN00002977,ACCT000153,2024-12-04,refund,31.36,USD,MERCH0005,posted
TXN00003693,ACCT000194,2024-12-04,transfer,-809.67,GBP,,pending
TXN00003722,ACCT000196,2024-12-04,purchase,-372.79,USD,MERCH0004,posted
TXN00003799,ACCT000199,2024-12-04,purchase,-355.81,GBP,MERCH0004,posted
TXN00004056,ACCT000217,2024-12-04,refund,166.84,USD,MERCH0002,posted
TXN00006106,ACCT000327,2024-12-04,transfer,-970.44,USD,,posted
TXN00006173,ACCT000330,2024-12-04,refund,184.18,GBP,MERCH0003,pending
TXN00000063,ACCT000005,2024-12-05,purchase,-289.29,EUR,MERCH0003,posted
TXN00000303,ACCT000018,2024-12-05,purchase,-344.72,USD,MERCH0010,posted
TXN00000615,ACCT000038,2024-12-05,purchase,-240.65,EUR,MERCH0004,posted
TXN00000633,ACCT000038,2024-12-05,withdrawal,-49.15,EUR,,pending
TXN00000697,ACCT000042,2024-12-05,refund,145.36,USD,MERCH0002,posted
TXN00000927,ACCT000056,2024-12-05,fee,-10.42,EUR,,posted
TXN00001083,ACCT000063,2024-12-05,purchase,-116.08,EUR,MERCH0004,posted
TXN00001133,ACCT000066,2024-12-05,deposit,2938.56,GBP,,posted
TXN00001358,ACCT000077,2024-12-05,purchase,-230.35,USD,MERCH0003,failed
TXN00001476,ACCT000083,2024-12-05,purchase,-55.18,EUR,MERCH0001,posted
TXN00001796,ACCT000096,2024-12-05,fee,-18.79,USD,,posted
TXN00002091,ACCT000111,2024-12-05,withdrawal,-756.92,USD,,posted
TXN00002398,ACCT000127,2024-12-05,transfer,-657.25,USD,,posted
TXN00002466,ACCT000129,2024-12-05,purchase,-104.12,GBP,MERCH0004,posted
TXN00002636,ACCT000135,2024-12-05,purchase,-346.61,USD,MERCH0007,posted
TXN00002638,ACCT000135,2024-12-05,purchase,-293.04,USD,MERCH0001,posted
TXN00002644,ACCT000136,2024-12-05,purchase,-363.04,EUR,MERCH0007,posted
TXN00002653,ACCT000136,2024-12-05,withdrawal,-186.54,EUR,,posted
TXN00002767,ACCT000142,2024-12-05,withdrawal,-197.37,USD,,posted
TXN00002896,ACCT000148,2024-12-05,deposit,1068.38,USD,,failed
TXN00003181,ACCT000164,2024-12-05,withdrawal,-606.97,USD,,posted
TXN00003698,ACCT000194,2024-12-05,purchase,-107.63,GBP,MERCH0009,posted
TXN00004732,ACCT000252,2024-12-05,deposit,3405.11,USD,,posted
TXN00005549,ACCT000300,2024-12-05,purchase,-78.16,EUR,MERCH0007,posted
TXN00005760,ACCT000312,2024-12-05,fee,-21.4,EUR,,posted
TXN00005788,ACCT000313,2024-12-05,purchase,-381.29,EUR,MERCH0002,pending
TXN00005916,ACCT000319,2024-12-05,purchase,-362.86,USD,MERCH0005,pending
TXN00006010,ACCT000322,2024-12-05,purchase,-58.01,EUR,MERCH0002,posted
TXN00006107,ACCT000327,2024-12-05,fee,-20.51,USD,,failed
TXN00006117,ACCT000327,2024-12-05,deposit,3815.79,USD,,failed
TXN00006126,ACCT000327,2024-12-05,transfer,-1563.37,USD,,posted
TXN00006179,ACCT000330,2024-12-05,purchase,-5.01,GBP,MERCH0008,posted
TXN00000044,ACCT000004,2024-12-06,deposit,2220.35,USD,,posted
TXN00000413,ACCT000025,2024-12-06,purchase,-370.26,USD,MERCH0010,posted
TXN00000440,ACCT000027,2024-12-06,deposit,1353.01,GBP,,failed
TXN00000604,ACCT000037,2024-12-06,fee,-7.46,GBP,,failed
TXN00000984,ACCT000058,2024-12-06,transfer,-222.79,USD,,posted
TXN00001427,ACCT000081,2024-12-06,purchase,-22.67,GBP,MERCH0003,pending
TXN00001450,ACCT000081,2024-12-06,deposit,4017.19,GBP,,failed
TXN00001495,ACCT000084,2024-12-06,purchase,-97.35,USD,MERCH0002,posted
TXN00001528,ACCT000085,2024-12-06,purchase,-146.1,EUR,MERCH0010,pending
TXN00001590,ACCT000087,2024-12-06,purchase,-443.85,EUR,MERCH0008,posted
TXN00001612,ACCT000088,2024-12-06,refund,19.69,USD,MERCH0004,pending
TXN00001618,ACCT000088,2024-12-06,purchase,-397.96,USD,MERCH0006,failed
TXN00001627,ACCT000088,2024-12-06,purchase,-217.65,USD,MERCH0007,posted
TXN00001767,ACCT000094,2024-12-06,fee,-30.03,USD,,posted
TXN00001775,ACCT000094,2024-12-06,purchase,-349.07,USD,MERCH0010,posted
TXN00001802,ACCT000096,2024-12-06,purchase,-228.0,USD,MERCH0008,posted
TXN00001933,ACCT000103,2024-12-06,purchase,-321.8,USD,MERCH0002,posted
TXN00002068,ACCT000110,2024-12-06,purchase,-214.13,GBP,MERCH0010,pending
TXN00002082,ACCT000111,2024-12-06,fee,-31.74,USD,,posted
TXN00002385,ACCT000127,2024-12-06,purchase,-156.07,USD,MERCH0008,failed
TXN00003078,ACCT000158,2024-12-06,purchase,-367.61,EUR,MERCH0005,posted
TXN00003114,ACCT000159,2024-12-06,deposit,2475.07,USD,,posted
TXN00003489,ACCT000181,2024-12-06,purchase,-316.44,USD,MERCH0004,posted
TXN00003723,ACCT000196,2024-12-06,purchase,-75.84,USD,MERCH0009,pending
TXN00003980,ACCT000210,2024-12-06,fee,-17.88,USD,,posted
TXN00004096,ACCT000219,2024-12-06,fee,-8.91,GBP,,posted
TXN00004189,ACCT000225,2024-12-06,withdrawal,-356.95,EUR,,pending
TXN00005007,ACCT000270,2024-12-06,refund,59.28,USD,MERCH0008,posted
TXN00005283,ACCT000286,2024-12-06,transfer,1121.92,EUR,,posted
TXN00005491,ACCT000297,2024-12-06,purchase,-138.97,USD,MERCH0002,failed
TXN00005521,ACCT000298,2024-12-06,transfer,-193.81,GBP,,failed
TXN00005552,ACCT000300,2024-12-06,withdrawal,-567.36,EUR,,pending
TXN00005803,ACCT000313,2024-12-06,purchase,-361.29,EUR,MERCH0006,posted
TXN00005897,ACCT000318,2024-12-06,transfer,1334.01,USD,,posted
TXN00005908,ACCT000319,2024-12-06,transfer,357.59,USD,,posted
TXN00006085,ACCT000326,2024-12-06,purchase,-177.3,USD,MERCH0009,pending
TXN00006166,ACCT000330,2024-12-06,fee,-19.72,GBP,,failed
TXN00006171,ACCT000330,2024-12-06,fee,-33.79,GBP,,posted
TXN00006191,ACCT000331,2024-12-06,transfer,300.68,USD,,posted
TXN00006197,ACCT000331,2024-12-06,purchase,-22.8,USD,MERCH0006,posted
TXN00000139,ACCT000008,2024-12-07,purchase,-8.66,GBP,MERCH0002,posted
TXN00000402,ACCT000024,2024-12-07,deposit,4796.54,USD,,failed
TXN00000629,ACCT000038,2024-12-07,withdrawal,-306.32,EUR,,pending
TXN00000763,ACCT000048,2024-12-07,refund,73.06,USD,MERCH0010,posted
TXN00000866,ACCT000054,2024-12-07,refund,32.34,USD,MERCH0009,pending
TXN00000961,ACCT000058,2024-12-07,refund,35.27,USD,MERCH0005,failed
TXN00000966,ACCT000058,2024-12-07,purchase,-209.57,USD,MERCH0009,pending
TXN00001046,ACCT000062,2024-12-07,transfer,-1237.36,EUR,,posted
TXN00001124,ACCT000065,2024-12-07,withdrawal,-423.24,USD,,posted
TXN00001231,ACCT000069,2024-12-07,purchase,-235.29,USD,MERCH0007,posted
TXN00001907,ACCT000102,2024-12-07,refund,68.81,USD,MERCH0007,posted
TXN00002035,ACCT000108,2024-12-07,purchase,-327.43,EUR,MERCH0006,pending
TXN00002458,ACCT000129,2024-12-07,deposit,506.01,GBP,,posted
TXN00002727,ACCT000140,2024-12-07,fee,-15.79,EUR,,posted
TXN00002922,ACCT000150,2024-12-07,refund,158.55,EUR,MERCH0007,pending
TXN00002976,ACCT000152,2024-12-07,purchase,-420.03,USD,MERCH0003,posted
TXN00003017,ACCT000154,2024-12-07,transfer,-496.55,USD,,posted
TXN00003440,ACCT000179,2024-12-07,refund,182.4,USD,MERCH0009,failed
TXN00003466,ACCT000180,2024-12-07,deposit,233.26,USD,,pending
TXN00003556,ACCT000184,2024-12-07,refund,55.63,GBP,MERCH0001,pending
TXN00003768,ACCT000198,2024-12-07,purchase,-198.67,GBP,MERCH0003,posted
TXN00003931,ACCT000207,2024-12-07,fee,-32.38,EUR,,posted
TXN00003960,ACCT000209,2024-12-07,purchase,-281.37,EUR,MERCH0002,failed
TXN00005178,ACCT000281,2024-12-07,deposit,1723.42,EUR,,pending
TXN00005375,ACCT000291,2024-12-07,purchase,-362.31,USD,MERCH0007,posted
TXN00005925,ACCT000319,2024-12-07,transfer,796.44,USD,,failed
TXN00006176,ACCT000330,2024-12-07,transfer,363.89,GBP,,posted
TXN00006209,ACCT000332,2024-12-07,purchase,-253.9,USD,MERCH0005,posted
TXN00000290,ACCT000017,2024-12-08,deposit,1748.68,USD,,failed
TXN00000297,ACCT000017,2024-12-08,purchase,-400.57,USD,MERCH0008,pending
TXN00000304,ACCT000018,2024-12-08,purchase,-277.67,USD,MERCH0003,failed
TXN00000628,ACCT000038,2024-12-08,purchase,-208.79,EUR,MERCH0001,posted
TXN00000808,ACCT000051,2024-12-08,transfer,718.77,USD,,posted
TXN00002121,ACCT000112,2024-12-08,refund,159.96,EUR,MERCH0008,posted
TXN00002257,ACCT000121,2024-12-08,fee,-29.27,EUR,,failed
TXN00002394,ACCT000127,2024-12-08,refund,86.78,USD,MERCH0005,posted
TXN00002648,ACCT000136,2024-12-08,refund,90.45,EUR,MERCH0008,posted
TXN00003394,ACCT000177,2024-12-08,withdrawal,-442.25,USD,,posted
TXN00003660,ACCT000192,2024-12-08,transfer,-1294.43,USD,,posted
TXN00003725,ACCT000196,2024-12-08,purchase,-310.91,USD,MERCH0003,failed
TXN00004215,ACCT000226,2024-12-08,withdrawal,-152.84,USD,,posted
TXN00004249,ACCT000227,2024-12-08,withdrawal,-503.02,GBP,,failed
TXN00005769,ACCT000312,2024-12-08,deposit,4763.75,EUR,,posted
TXN00006028,ACCT000323,2024-12-08,refund,194.92,USD,MERCH0004,posted
TXN00006088,ACCT000326,2024-12-08,fee,-9.73,USD,,posted
TXN00006094,ACCT000326,2024-12-08,purchase,-204.43,USD,MERCH0010,posted
TXN00006122,ACCT000327,2024-12-08,transfer,1359.12,USD,,failed
TXN00006200,ACCT000331,2024-12-08,purchase,-56.26,USD,MERCH0001,pending
TXN00000041,ACCT000004,2024-12-09,deposit,1663.14,USD,,posted
TXN00000053,ACCT000005,2024-12-09,purchase,-47.08,EUR,MERCH0001,posted
TXN00000317,ACCT000019,2024-12-09,purchase,-447.62,EUR,MERCH0010,failed
TXN00000475,ACCT000029,2024-12-09,purchase,-218.56,GBP,MERCH0002,posted
TXN00000687,ACCT000041,2024-12-09,deposit,3800.99,USD,,posted
TXN00000755,ACCT000047,2024-12-09,purchase,-69.75,EUR,MERCH0005,posted
TXN00000962,ACCT000058,2024-12-09,fee,-5.75,USD,,pending
TXN00002198,ACCT000117,2024-12-09,transfer,443.28,USD,,pending
TXN00002399,ACCT000127,2024-12-09,deposit,3997.5,USD,,pending
TXN00002675,ACCT000138,2024-12-09,transfer,1975.87,USD,,posted
TXN00002692,ACCT000138,2024-12-09,purchase,-388.08,USD,MERCH0006,posted
TXN00003276,ACCT000170,2024-12-09,transfer,-1799.07,EUR,,pending
TXN00003301,ACCT000173,2024-12-09,purchase,-64.33,GBP,MERCH0010,posted
TXN00003518,ACCT000182,2024-12-09,refund,9.32,GBP,MERCH0001,posted
TXN00003656,ACCT000192,2024-12-09,transfer,538.54,USD,,posted
TXN00003719,ACCT000196,2024-12-09,purchase,-11.07,USD,MERCH0010,failed
TXN00003956,ACCT000209,2024-12-09,purchase,-325.24,EUR,MERCH0010,pending
TXN00004252,ACCT000227,2024-12-09,purchase,-25.95,GBP,MERCH0010,posted
TXN00006204,ACCT000332,2024-12-09,purchase,-409.54,USD,MERCH0010,posted
TXN00000080,ACCT000005,2024-12-10,refund,19.29,EUR,MERCH0003,posted
TXN00000387,ACCT000024,2024-12-10,refund,182.56,USD,MERCH0004,failed
TXN00000734,ACCT000047,2024-12-10,refund,160.06,EUR,MERCH0008,failed
TXN00000761,ACCT000048,2024-12-10,purchase,-174.47,USD,MERCH0002,posted
TXN00000806,ACCT000051,2024-12-10,withdrawal,-498.17,USD,,posted
TXN00000811,ACCT000051,2024-12-10,purchase,-26.07,USD,MERCH0010,posted
TXN00000958,ACCT000058,2024-12-10,transfer,758.21,USD,,posted
TXN00001166,ACCT000067,2024-12-10,purchase,-241.87,EUR,MERCH0007,posted
TXN00001293,ACCT000073,2024-12-10,purchase,-437.5,USD,MERCH0006,posted
TXN00001303,ACCT000073,2024-12-10,purchase,-265.91,USD,MERCH0002,failed
TXN00001628,ACCT000088,2024-12-10,purchase,-113.74,USD,MERCH0007,posted
TXN00001809,ACCT000097,2024-12-10,deposit,70.58,USD,,posted
TXN00002029,ACCT000108,2024-12-10,purchase,-127.75,EUR,MERCH0001,pending
TXN00002033,ACCT000108,2024-12-10,purchase,-344.06,EUR,MERCH0009,posted
TXN00002377,ACCT000126,2024-12-10,purchase,-350.5,GBP,MERCH0008,posted
TXN00002499,ACCT000131,2024-12-10,purchase,-201.19,EUR,MERCH0004,failed
TXN00002688,ACCT000138,2024-12-10,withdrawal,-563.55,USD,,posted
TXN00002815,ACCT000145,2024-12-10,refund,83.34,EUR,MERCH0009,posted
TXN00002984,ACCT000153,2024-12-10,refund,18.75,USD,MERCH0002,posted
TXN00003202,ACCT000166,2024-12-10,purchase,-314.4,USD,MERCH0003,pending
TXN00003358,ACCT000176,2024-12-10,purchase,-127.98,USD,MERCH0003,pending
TXN00003532,ACCT000183,2024-12-10,refund,55.44,GBP,MERCH0010,posted
TXN00004715,ACCT000252,2024-12-10,purchase,-56.64,USD,MERCH0008,posted
TXN00005191,ACCT000281,2024-12-10,purchase,-178.96,EUR,MERCH0002,pending
TXN00005269,ACCT000285,2024-12-10,withdrawal,-790.85,EUR,,posted
TXN00005294,ACCT000286,2024-12-10,deposit,2350.06,EUR,,pending
TXN00005764,ACCT000312,2024-12-10,deposit,3928.04,EUR,,posted
TXN00005870,ACCT000317,2024-12-10,purchase,-353.04,USD,MERCH0004,posted
TXN00005928,ACCT000319,2024-12-10,refund,103.21,USD,MERCH0009,pending
TXN00006111,ACCT000327,2024-12-10,transfer,1141.2,USD,,posted
TXN00006185,ACCT000330,2024-12-10,purchase,-27.83,GBP,MERCH0002,posted
TXN00006201,ACCT000331,2024-12-10,transfer,-491.78,USD,,failed
TXN00000059,ACCT000005,2024-12-11,transfer,-614.52,EUR,,failed
TXN00000087,ACCT000005,2024-12-11,withdrawal,-291.89,EUR,,posted
TXN00000616,ACCT000038,2024-12-11,deposit,2871.64,EUR,,posted
TXN00001596,ACCT000087,2024-12-11,purchase,-305.63,EUR,MERCH0007,failed
TXN00001624,ACCT000088,2024-12-11,fee,-5.47,USD,,posted
TXN00001769,ACCT000094,2024-12-11,refund,19.91,USD,MERCH0002,failed
TXN00001798,ACCT000096,2024-12-11,purchase,-197.84,USD,MERCH0009,posted
TXN00002067,ACCT000110,2024-12-11,fee,-19.32,GBP,,posted
TXN00002624,ACCT000135,2024-12-11,deposit,3854.32,USD,,failed
TXN00002642,ACCT000136,2024-12-11,transfer,-305.93,EUR,,failed
TXN00002649,ACCT000136,2024-12-11,transfer,665.5,EUR,,posted
TXN00002925,ACCT000150,2024-12-11,purchase,-377.11,EUR,MERCH0010,failed
TXN00003210,ACCT000166,2024-12-11,transfer,1096.07,USD,,posted
TXN00003305,ACCT000173,2024-12-11,withdrawal,-72.38,GBP,,posted
TXN00003443,ACCT000179,2024-12-11,purchase,-357.58,USD,MERCH0003,posted
TXN00003776,ACCT000198,2024-12-11,transfer,-1828.64,GBP,,failed
TXN00004030,ACCT000215,2024-12-11,fee,-27.57,USD,,pending
TXN00004722,ACCT000252,2024-12-11,deposit,4790.32,USD,,posted
TXN00005147,ACCT000278,2024-12-11,transfer,-353.04,USD,,failed
TXN00005292,ACCT000286,2024-12-11,deposit,161.74,EUR,,posted
TXN00005558,ACCT000300,2024-12-11,transfer,521.24,EUR,,posted
TXN00005763,ACCT000312,2024-12-11,deposit,3063.71,EUR,,posted
TXN00005778,ACCT000312,2024-12-11,purchase,-257.49,EUR,MERCH0004,pending
TXN00006092,ACCT000326,2024-12-11,withdrawal,-640.95,USD,,pending
TXN00006108,ACCT000327,2024-12-11,purchase,-394.61,USD,MERCH0001,failed
TXN00000518,ACCT000032,2024-12-12,refund,4.3,USD,MERCH0010,pending
TXN00000957,ACCT000057,2024-12-12,purchase,-180.71,EUR,MERCH0006,failed
TXN00001013,ACCT000061,2024-12-12,purchase,-67.09,GBP,MERCH0002,posted
TXN00001236,ACCT000069,2024-12-12,fee,-21.0,USD,,pending
TXN00001349,ACCT000077,2024-12-12,purchase,-295.73,USD,MERCH0007,posted
TXN00001591,ACCT000087,2024-12-12,withdrawal,-235.14,EUR,,posted
TXN00002075,ACCT000111,2024-12-12,deposit,3893.42,USD,,posted
TXN00002730,ACCT000140,2024-12-12,refund,85.02,EUR,MERCH0004,posted
TXN00003173,ACCT000164,2024-12-12,purchase,-69.08,USD,MERCH0009,posted
TXN00003778,ACCT000198,2024-12-12,deposit,4850.68,GBP,,failed
TXN00004264,ACCT000228,2024-12-12,purchase,-202.05,EUR,MERCH0002,pending
TXN00004273,ACCT000228,2024-12-12,purchase,-149.66,EUR,MERCH0009,pending
TXN00004452,ACCT000239,2024-12-12,withdrawal,-410.35,USD,,pending
TXN00004632,ACCT000247,2024-12-12,transfer,178.7,EUR,,pending
TXN00004704,ACCT000251,2024-12-12,purchase,-213.42,EUR,MERCH0007,posted
TXN00004713,ACCT000252,2024-12-12,purchase,-88.67,USD,MERCH0008,pending
TXN00005066,ACCT000272,2024-12-12,purchase,-288.55,EUR,MERCH0004,posted
TXN00005548,ACCT000300,2024-12-12,deposit,2069.97,EUR,,posted
TXN00005559,ACCT000300,2024-12-12,withdrawal,-277.64,EUR,,posted
TXN00005563,ACCT000300,2024-12-12,transfer,1267.36,EUR,,posted
TXN00005784,ACCT000313,2024-12-12,fee,-23.68,EUR,,pending
TXN00005786,ACCT000313,2024-12-12,withdrawal,-376.45,EUR,,posted
TXN00005899,ACCT000318,2024-12-12,deposit,3759.1,USD,,posted
TXN00006220,ACCT000334,2024-12-12,purchase,-277.18,USD,MERCH0003,pending
TXN00006239,ACCT000335,2024-12-12,transfer,1375.1,USD,,failed
TXN00000055,ACCT000005,2024-12-13,purchase,-448.97,EUR,MERCH0006,posted
TXN00000671,ACCT000040,2024-12-13,deposit,2115.8,GBP,,pending
TXN00000823,ACCT000052,2024-12-13,deposit,1930.01,USD,,failed
TXN00000830,ACCT000052,2024-12-13,deposit,3684.85,USD,,pending
TXN00000874,ACCT000054,2024-12-13,fee,-12.02,USD,,failed
TXN00001011,ACCT000061,2024-12-13,transfer,-45.32,GBP,,failed
TXN00001334,ACCT000075,2024-12-13,purchase,-109.11,GBP,MERCH0001,pending
TXN00001524,ACCT000085,2024-12-13,purchase,-299.69,EUR,MERCH0009,pending
TXN00001535,ACCT000086,2024-12-13,refund,152.27,GBP,MERCH0006,posted
TXN00001543,ACCT000086,2024-12-13,purchase,-45.93,GBP,MERCH0001,posted
TXN00001616,ACCT000088,2024-12-13,withdrawal,-104.78,USD,,posted
TXN00002030,ACCT000108,2024-12-13,refund,172.97,EUR,MERCH0001,posted
TXN00002299,ACCT000123,2024-12-13,withdrawal,-232.69,GBP,,posted
TXN00002396,ACCT000127,2024-12-13,purchase,-345.87,USD,MERCH0008,posted
TXN00002612,ACCT000135,2024-12-13,fee,-2.42,USD,,posted
TXN00002766,ACCT000142,2024-12-13,purchase,-203.48,USD,MERCH0004,posted
TXN00003006,ACCT000154,2024-12-13,transfer,-100.05,USD,,posted
TXN00003203,ACCT000166,2024-12-13,withdrawal,-586.27,USD,,pending
TXN00003223,ACCT000167,2024-12-13,deposit,2488.28,GBP,,posted
TXN00003310,ACCT000173,2024-12-13,purchase,-272.51,GBP,MERCH0002,posted
TXN00003705,ACCT000194,2024-12-13,purchase,-9.57,GBP,MERCH0007,posted
TXN00003865,ACCT000203,2024-12-13,purchase,-331.52,EUR,MERCH0009,pending
TXN00003901,ACCT000206,2024-12-13,refund,25.15,GBP,MERCH0001,posted
TXN00003930,ACCT000207,2024-12-13,purchase,-433.75,EUR,MERCH0002,posted
TXN00004078,ACCT000218,2024-12-13,transfer,1190.38,USD,,failed
TXN00004245,ACCT000227,2024-12-13,deposit,4171.67,GBP,,failed
TXN00004263,ACCT000228,2024-12-13,purchase,-332.84,EUR,MERCH0001,pending
TXN00004286,ACCT000230,2024-12-13,purchase,-377.73,USD,MERCH0003,posted
TXN00005065,ACCT000272,2024-12-13,refund,90.94,EUR,MERCH0010,posted
TXN00005615,ACCT000304,2024-12-13,purchase,-81.54,GBP,MERCH0009,failed
TXN00005623,ACCT000304,2024-12-13,purchase,-10.06,GBP,MERCH0006,posted
TXN00006034,ACCT000323,2024-12-13,purchase,-341.82,USD,MERCH0001,posted
TXN00006116,ACCT000327,2024-12-13,purchase,-44.67,USD,MERCH0006,posted
TXN00006195,ACCT000331,2024-12-13,purchase,-219.99,USD,MERCH0007,posted
TXN00000136,ACCT000008,2024-12-14,purchase,-315.31,GBP,MERCH0005,failed
TXN00000630,ACCT000038,2024-12-14,deposit,1318.41,EUR,,posted
TXN00001136,ACCT000066,2024-12-14,purchase,-169.98,GBP,MERCH0007,posted
TXN00001281,ACCT000072,2024-12-14,fee,-34.97,USD,,failed
TXN00001297,ACCT000073,2024-12-14,transfer,-198.13,USD,,pending
TXN00001426,ACCT000081,2024-12-14,purchase,-431.56,GBP,MERCH0004,posted
TXN00001527,ACCT000085,2024-12-14,refund,121.49,EUR,MERCH0003,posted
TXN00001592,ACCT000087,2024-12-14,deposit,1560.68,EUR,,posted
TXN00001762,ACCT000093,2024-12-14,purchase,-166.93,USD,MERCH0008,pending
TXN00002036,ACCT000108,2024-12-14,fee,-27.61,EUR,,failed
TXN00002562,ACCT000133,2024-12-14,transfer,-1942.36,USD,,posted
TXN00003035,ACCT000156,2024-12-14,withdrawal,-434.08,USD,,pending
TXN00003097,ACCT000158,2024-12-14,withdrawal,-469.82,EUR,,failed
TXN00003112,ACCT000159,2024-12-14,withdrawal,-365.86,USD,,posted
TXN00003234,ACCT000168,2024-12-14,deposit,1989.22,USD,,pending
TXN00003373,ACCT000176,2024-12-14,withdrawal,-663.39,USD,,posted
TXN00003528,ACCT000183,2024-12-14,deposit,3257.73,GBP,,posted
TXN00003666,ACCT000192,2024-12-14,purchase,-171.45,USD,MERCH0005,posted
TXN00004753,ACCT000253,2024-12-14,refund,19.0,USD,MERCH0001,posted
TXN00004892,ACCT000263,2024-12-14,purchase,-200.22,GBP,MERCH0002,failed
TXN00005399,ACCT000292,2024-12-14,purchase,-89.3,USD,MERCH0004,failed
TXN00005466,ACCT000295,2024-12-14,fee,-18.82,USD,,posted
TXN00005512,ACCT000298,2024-12-14,deposit,3388.0,GBP,,failed
TXN00005551,ACCT000300,2024-12-14,purchase,-294.09,EUR,MERCH0007,posted
TXN00005557,ACCT000300,2024-12-14,purchase,-245.61,EUR,MERCH0007,posted
TXN00005910,ACCT000319,2024-12-14,deposit,3175.56,USD,,posted
TXN00005951,ACCT000320,2024-12-14,fee,-17.49,USD,,posted
TXN00006138,ACCT000328,2024-12-14,purchase,-262.25,USD,MERCH0004,pending
TXN00006182,ACCT000330,2024-12-14,purchase,-39.77,GBP,MERCH0001,posted
TXN00006188,ACCT000330,2024-12-14,refund,57.33,GBP,MERCH0005,posted
TXN00006194,ACCT000331,2024-12-14,transfer,1956.09,USD,,posted
TXN00000439,ACCT000027,2024-12-15,purchase,-386.85,GBP,MERCH0005,posted
TXN00000610,ACCT000038,2024-12-15,purchase,-101.66,EUR,MERCH0006,failed
TXN00001211,ACCT000069,2024-12-15,transfer,-896.31,USD,,posted
TXN00001607,ACCT000088,2024-12-15,fee,-8.39,USD,,posted
TXN00001753,ACCT000093,2024-12-15,fee,-9.13,USD,,pending
TXN00001856,ACCT000099,2024-12-15,fee,-11.8,USD,,posted
TXN00002008,ACCT000107,2024-12-15,purchase,-348.81,USD,MERCH0001,posted
TXN00002031,ACCT000108,2024-12-15,purchase,-94.96,EUR,MERCH0004,posted
TXN00002337,ACCT000124,2024-12-15,fee,-30.48,USD,,posted
TXN00002393,ACCT000127,2024-12-15,purchase,-152.17,USD,MERCH0005,posted
TXN00002798,ACCT000144,2024-12-15,purchase,-81.04,EUR,MERCH0008,posted
TXN00002987,ACCT000153,2024-12-15,withdrawal,-648.83,USD,,posted
TXN00003355,ACCT000176,2024-12-15,deposit,1874.97,USD,,failed
TXN00003363,ACCT000176,2024-12-15,withdrawal,-635.84,USD,,posted
TXN00003405,ACCT000178,2024-12-15,purchase,-138.56,USD,MERCH0005,pending
TXN00003482,ACCT000180,2024-12-15,purchase,-65.96,USD,MERCH0001,posted
TXN00003697,ACCT000194,2024-12-15,fee,-6.42,GBP,,pending
TXN00003711,ACCT000195,2024-12-15,purchase,-44.08,EUR,MERCH0005,failed
TXN00005546,ACCT000300,2024-12-15,purchase,-340.14,EUR,MERCH0010,posted
TXN00005560,ACCT000300,2024-12-15,fee,-23.28,EUR,,pending
TXN00005624,ACCT000304,2024-12-15,purchase,-273.42,GBP,MERCH0008,posted
TXN00005827,ACCT000315,2024-12-15,refund,55.2,EUR,MERCH0008,posted
TXN00005845,ACCT000316,2024-12-15,purchase,-119.32,USD,MERCH0001,posted
TXN00006114,ACCT000327,2024-12-15,refund,178.97,USD,MERCH0001,posted
TXN00006125,ACCT000327,2024-12-15,refund,182.74,USD,MERCH0006,posted
TXN00006206,ACCT000332,2024-12-15,deposit,4020.26,USD,,failed
TXN00000009,ACCT000001,2024-12-16,withdrawal,-721.46,USD,,pending
TXN00000030,ACCT000003,2024-12-16,fee,-6.76,EUR,,posted
TXN00000598,ACCT000037,2024-12-16,refund,114.64,GBP,MERCH0004,pending
TXN00000711,ACCT000044,2024-12-16,purchase,-397.33,USD,MERCH0004,posted
TXN00001156,ACCT000066,2024-12-16,withdrawal,-676.4,GBP,,pending
TXN00001598,ACCT000087,2024-12-16,purchase,-9.21,EUR,MERCH0007,posted
TXN00001694,ACCT000091,2024-12-16,fee,-24.35,EUR,,failed
TXN00002002,ACCT000107,2024-12-16,purchase,-247.55,USD,MERCH0004,failed
TXN00002004,ACCT000107,2024-12-16,transfer,-1900.82,USD,,pending
TXN00002015,ACCT000107,2024-12-16,purchase,-366.24,USD,MERCH0004,posted
TXN00002016,ACCT000107,2024-12-16,purchase,-83.73,USD,MERCH0008,posted
TXN00002028,ACCT000108,2024-12-16,purchase,-127.25,EUR,MERCH0005,posted
TXN00002196,ACCT000117,2024-12-16,purchase,-405.19,USD,MERCH0009,failed
TXN00002378,ACCT000126,2024-12-16,purchase,-340.29,GBP,MERCH0005,pending
TXN00002404,ACCT000127,2024-12-16,purchase,-28.08,USD,MERCH0002,posted
TXN00002595,ACCT000134,2024-12-16,purchase,-374.57,GBP,MERCH0009,posted
TXN00003527,ACCT000183,2024-12-16,fee,-27.63,GBP,,pending
TXN00003716,ACCT000196,2024-12-16,transfer,758.24,USD,,posted
TXN00005116,ACCT000277,2024-12-16,refund,170.61,GBP,MERCH0007,posted
TXN00005554,ACCT000300,2024-12-16,purchase,-224.18,EUR,MERCH0006,failed
TXN00005678,ACCT000308,2024-12-16,withdrawal,-155.81,USD,,failed
TXN00006089,ACCT000326,2024-12-16,withdrawal,-105.17,USD,,pending
TXN00006098,ACCT000326,2024-12-16,withdrawal,-156.62,USD,,posted
TXN00006121,ACCT000327,2024-12-16,purchase,-176.33,USD,MERCH0001,posted
TXN00006151,ACCT000329,2024-12-16,deposit,306.83,USD,,posted
TXN00006207,ACCT000332,2024-12-16,purchase,-271.89,USD,MERCH0005,posted
TXN00006241,ACCT000335,2024-12-16,purchase,-77.28,USD,MERCH0003,posted
TXN00000183,ACCT000010,2024-12-17,purchase,-265.0,EUR,MERCH0010,posted
TXN00000625,ACCT000038,2024-12-17,purchase,-63.38,EUR,MERCH0009,posted
TXN00000751,ACCT000047,2024-12-17,purchase,-211.69,EUR,MERCH0006,posted
TXN00001153,ACCT000066,2024-12-17,purchase,-238.69,GBP,MERCH0008,failed
TXN00001503,ACCT000084,2024-12-17,refund,84.39,USD,MERCH0009,posted
TXN00001700,ACCT000091,2024-12-17,withdrawal,-507.31,EUR,,posted
TXN00001765,ACCT000094,2024-12-17,deposit,3513.74,USD,,pending
TXN00001994,ACCT000107,2024-12-17,purchase,-352.73,USD,MERCH0003,posted
TXN00002005,ACCT000107,2024-12-17,refund,56.29,USD,MERCH0003,posted
TXN00002908,ACCT000149,2024-12-17,fee,-7.97,USD,,failed
TXN00003156,ACCT000163,2024-12-17,fee,-6.23,GBP,,posted
TXN00003369,ACCT000176,2024-12-17,transfer,-462.64,USD,,pending
TXN00003706,ACCT000194,2024-12-17,purchase,-167.74,GBP,MERCH0010,posted
TXN00003729,ACCT000196,2024-12-17,purchase,-54.93,USD,MERCH0002,posted
TXN00003737,ACCT000196,2024-12-17,transfer,469.47,USD,,failed
TXN00003763,ACCT000198,2024-12-17,purchase,-149.85,GBP,MERCH0003,posted
TXN00003772,ACCT000198,2024-12-17,withdrawal,-363.32,GBP,,pending
TXN00003866,ACCT000205,2024-12-17,purchase,-418.85,EUR,MERCH0010,posted
TXN00004723,ACCT000252,2024-12-17,purchase,-129.18,USD,MERCH0002,pending
TXN00005565,ACCT000300,2024-12-17,transfer,-325.43,EUR,,failed
TXN00005574,ACCT000301,2024-12-17,refund,58.23,EUR,MERCH0004,pending
TXN00006208,ACCT000332,2024-12-17,transfer,619.35,USD,,posted
TXN00000015,ACCT000001,2024-12-18,purchase,-336.22,USD,MERCH0009,posted
TXN00000107,ACCT000007,2024-12-18,purchase,-74.06,USD,MERCH0005,posted
TXN00000427,ACCT000026,2024-12-18,withdrawal,-171.57,USD,,posted
TXN00000564,ACCT000035,2024-12-18,refund,62.02,USD,MERCH0008,posted
TXN00000596,ACCT000036,2024-12-18,fee,-13.18,EUR,,posted
TXN00000675,ACCT000040,2024-12-18,purchase,-448.07,GBP,MERCH0007,posted
TXN00000841,ACCT000052,2024-12-18,fee,-24.54,USD,,failed
TXN00000860,ACCT000054,2024-12-18,transfer,188.03,USD,,failed
TXN00001529,ACCT000085,2024-12-18,purchase,-448.59,EUR,MERCH0005,failed
TXN00001570,ACCT000087,2024-12-18,deposit,2979.33,EUR,,posted
TXN00001579,ACCT000087,2024-12-18,fee,-3.24,EUR,,failed
TXN00001632,ACCT000088,2024-12-18,purchase,-446.67,USD,MERCH0004,pending
TXN00001963,ACCT000105,2024-12-18,deposit,2406.98,USD,,posted
TXN00001995,ACCT000107,2024-12-18,purchase,-106.07,USD,MERCH0008,pending
TXN00002000,ACCT000107,2024-12-18,refund,131.69,USD,MERCH0005,posted
TXN00002006,ACCT000107,2024-12-18,purchase,-229.9,USD,MERCH0008,failed
TXN00002143,ACCT000114,2024-12-18,deposit,217.2,USD,,failed
TXN00002604,ACCT000134,2024-12-18,purchase,-5.12,GBP,MERCH0005,posted
TXN00002893,ACCT000148,2024-12-18,withdrawal,-168.17,USD,,failed
TXN00003526,ACCT000183,2024-12-18,purchase,-136.04,GBP,MERCH0010,pending
TXN00003658,ACCT000192,2024-12-18,purchase,-272.44,USD,MERCH0008,posted
TXN00003699,ACCT000194,2024-12-18,purchase,-239.52,GBP,MERCH0008,failed
TXN00004062,ACCT000217,2024-12-18,transfer,800.52,USD,,pending
TXN00004228,ACCT000226,2024-12-18,deposit,1236.25,USD,,failed
TXN00005579,ACCT000301,2024-12-18,fee,-5.68,EUR,,pending
TXN00005755,ACCT000312,2024-12-18,purchase,-409.46,EUR,MERCH0009,posted
TXN00005848,ACCT000316,2024-12-18,fee,-29.34,USD,,posted
TXN00005996,ACCT000322,2024-12-18,withdrawal,-253.17,EUR,,posted
TXN00006120,ACCT000327,2024-12-18,fee,-16.56,USD,,failed
TXN00000054,ACCT000005,2024-12-19,deposit,2256.6,EUR,,posted
TXN00000299,ACCT000018,2024-12-19,purchase,-446.58,USD,MERCH0003,posted
TXN00000622,ACCT000038,2024-12-19,deposit,2837.57,EUR,,posted
TXN00000627,ACCT000038,2024-12-19,purchase,-413.84,EUR,MERCH0005,pending
TXN00000831,ACCT000052,2024-12-19,deposit,2623.76,USD,,failed
TXN00000842,ACCT000052,2024-12-19,transfer,340.69,USD,,posted
TXN00000919,ACCT000056,2024-12-19,purchase,-193.38,EUR,MERCH0005,posted
TXN00001788,ACCT000095,2024-12-19,transfer,-1588.19,GBP,,failed
TXN00001993,ACCT000107,2024-12-19,purchase,-194.1,USD,MERCH0008,posted
TXN00002011,ACCT000107,2024-12-19,purchase,-55.74,USD,MERCH0008,pending
TXN00002093,ACCT000111,2024-12-19,fee,-10.7,USD,,posted
TXN00002163,ACCT000115,2024-12-19,deposit,3787.44,EUR,,posted
TXN00003176,ACCT000164,2024-12-19,purchase,-345.17,USD,MERCH0001,posted
TXN00003875,ACCT000205,2024-12-19,withdrawal,-409.52,EUR,,posted
TXN00003922,ACCT000206,2024-12-19,deposit,3920.2,GBP,,posted
TXN00003935,ACCT000207,2024-12-19,purchase,-428.67,EUR,MERCH0003,failed
TXN00004008,ACCT000212,2024-12-19,purchase,-387.61,EUR,MERCH0002,posted
TXN00004118,ACCT000222,2024-12-19,purchase,-130.09,USD,MERCH0001,pending
TXN00004494,ACCT000241,2024-12-19,purchase,-261.39,USD,MERCH0004,posted
TXN00004998,ACCT000268,2024-12-19,refund,197.61,USD,MERCH0005,posted
TXN00005590,ACCT000301,2024-12-19,fee,-29.58,EUR,,posted
TXN00005688,ACCT000308,2024-12-19,purchase,-260.76,USD,MERCH0006,posted
TXN00006162,ACCT000330,2024-12-19,purchase,-77.52,GBP,MERCH0005,posted
TXN00000426,ACCT000026,2024-12-20,purchase,-85.24,USD,MERCH0003,pending
TXN00000701,ACCT000043,2024-12-20,purchase,-43.76,GBP,MERCH0002,failed
TXN00000709,ACCT000044,2024-12-20,refund,45.72,USD,MERCH0004,failed
TXN00000883,ACCT000054,2024-12-20,purchase,-66.96,USD,MERCH0004,posted
TXN00001608,ACCT000088,2024-12-20,purchase,-401.94,USD,MERCH0008,posted
TXN00001733,ACCT000093,2024-12-20,refund,64.7,USD,MERCH0008,failed
TXN00001837,ACCT000099,2024-12-20,purchase,-125.33,USD,MERCH0005,posted
TXN00001998,ACCT000107,2024-12-20,withdrawal,-78.33,USD,,pending
TXN00002384,ACCT000126,2024-12-20,refund,38.22,GBP,MERCH0003,posted
TXN00002407,ACCT000127,2024-12-20,purchase,-266.64,USD,MERCH0003,pending
TXN00002444,ACCT000129,2024-12-20,withdrawal,-198.9,GBP,,failed
TXN00002622,ACCT000135,2024-12-20,purchase,-197.87,USD,MERCH0004,posted
TXN00003057,ACCT000157,2024-12-20,purchase,-442.32,USD,MERCH0002,posted
TXN00003712,ACCT000195,2024-12-20,fee,-32.96,EUR,,posted
TXN00003913,ACCT000206,2024-12-20,purchase,-344.09,GBP,MERCH0004,pending
TXN00004360,ACCT000235,2024-12-20,transfer,241.65,USD,,posted
TXN00005889,ACCT000318,2024-12-20,deposit,4891.47,USD,,posted
TXN00005913,ACCT000319,2024-12-20,refund,141.58,USD,MERCH0001,posted
TXN00006084,ACCT000326,2024-12-20,fee,-20.07,USD,,failed
TXN00006212,ACCT000334,2024-12-20,purchase,-137.27,USD,MERCH0003,pending
TXN00000069,ACCT000005,2024-12-21,transfer,1230.39,EUR,,pending
TXN00000114,ACCT000007,2024-12-21,purchase,-34.66,USD,MERCH0008,posted
TXN00000308,ACCT000019,2024-12-21,deposit,1170.02,EUR,,posted
TXN00000730,ACCT000046,2024-12-21,withdrawal,-218.45,USD,,posted
TXN00000812,ACCT000051,2024-12-21,purchase,-219.69,USD,MERCH0005,posted
TXN00000971,ACCT000058,2024-12-21,purchase,-189.47,USD,MERCH0005,posted
TXN00001014,ACCT000061,2024-12-21,purchase,-31.93,GBP,MERCH0003,posted
TXN00001617,ACCT000088,2024-12-21,refund,30.56,USD,MERCH0003,failed
TXN00002178,ACCT000116,2024-12-21,purchase,-207.99,USD,MERCH0009,posted
TXN00002395,ACCT000127,2024-12-21,purchase,-27.72,USD,MERCH0007,posted
TXN00002446,ACCT000129,2024-12-21,withdrawal,-589.11,GBP,,posted
TXN00002542,ACCT000132,2024-12-21,deposit,1264.49,USD,,posted
TXN00002611,ACCT000135,2024-12-21,refund,121.23,USD,MERCH0005,failed
TXN00002800,ACCT000144,2024-12-21,withdrawal,-230.65,EUR,,failed
TXN00002829,ACCT000145,2024-12-21,withdrawal,-208.63,EUR,,posted
TXN00003166,ACCT000163,2024-12-21,purchase,-105.69,GBP,MERCH0001,failed
TXN00003368,ACCT000176,2024-12-21,deposit,1749.46,USD,,pending
TXN00003600,ACCT000186,2024-12-21,purchase,-53.68,USD,MERCH0006,posted
TXN00003619,ACCT000189,2024-12-21,fee,-6.45,USD,,posted
TXN00004395,ACCT000237,2024-12-21,withdrawal,-277.19,EUR,,posted
TXN00004538,ACCT000242,2024-12-21,purchase,-234.1,USD,MERCH0005,pending
TXN00004869,ACCT000261,2024-12-21,purchase,-387.23,EUR,MERCH0001,pending
TXN00004908,ACCT000263,2024-12-21,refund,160.85,GBP,MERCH0008,posted
TXN00005430,ACCT000293,2024-12-21,deposit,2444.48,GBP,,posted
TXN00005556,ACCT000300,2024-12-21,fee,-24.06,EUR,,posted
TXN00005569,ACCT000301,2024-12-21,withdrawal,-210.21,EUR,,failed
TXN00005594,ACCT000301,2024-12-21,fee,-34.21,EUR,,pending
TXN00005799,ACCT000313,2024-12-21,transfer,828.89,EUR,,failed
TXN00000043,ACCT000004,2024-12-22,purchase,-15.03,USD,MERCH0009,failed
TXN00000076,ACCT000005,2024-12-22,purchase,-77.59,EUR,MERCH0009,posted
TXN00000082,ACCT000005,2024-12-22,withdrawal,-151.2,EUR,,posted
TXN00000230,ACCT000012,2024-12-22,withdrawal,-535.27,USD,,posted
TXN00000447,ACCT000027,2024-12-22,deposit,4247.51,GBP,,pending
TXN00000613,ACCT000038,2024-12-22,purchase,-121.82,EUR,MERCH0010,posted
TXN00000621,ACCT000038,2024-12-22,fee,-26.98,EUR,,posted
TXN00000859,ACCT000054,2024-12-22,fee,-31.48,USD,,failed
TXN00000912,ACCT000055,2024-12-22,purchase,-224.39,EUR,MERCH0008,posted
TXN00000974,ACCT000058,2024-12-22,purchase,-232.1,USD,MERCH0006,pending
TXN00001172,ACCT000067,2024-12-22,deposit,4302.11,EUR,,posted
TXN00001602,ACCT000088,2024-12-22,deposit,915.33,USD,,posted
TXN00001999,ACCT000107,2024-12-22,withdrawal,-331.39,USD,,posted
TXN00002013,ACCT000107,2024-12-22,deposit,505.35,USD,,posted
TXN00002014,ACCT000107,2024-12-22,fee,-26.41,USD,,pending
TXN00002032,ACCT000108,2024-12-22,fee,-19.1,EUR,,failed
TXN00002126,ACCT000112,2024-12-22,fee,-24.96,EUR,,posted
TXN00002621,ACCT000135,2024-12-22,fee,-7.27,USD,,failed
TXN00002631,ACCT000135,2024-12-22,deposit,3028.22,USD,,posted
TXN00003685,ACCT000194,2024-12-22,transfer,-89.04,GBP,,posted
TXN00003688,ACCT000194,2024-12-22,fee,-15.88,GBP,,posted
TXN00004495,ACCT000241,2024-12-22,purchase,-146.87,USD,MERCH0002,failed
TXN00004840,ACCT000260,2024-12-22,deposit,4341.41,USD,,failed
TXN00005125,ACCT000277,2024-12-22,purchase,-309.93,GBP,MERCH0006,posted
TXN00005240,ACCT000283,2024-12-22,purchase,-98.27,USD,MERCH0010,posted
TXN00005572,ACCT000301,2024-12-22,purchase,-81.17,EUR,MERCH0010,posted
TXN00005580,ACCT000301,2024-12-22,purchase,-20.19,EUR,MERCH0006,posted
TXN00005583,ACCT000301,2024-12-22,deposit,4429.36,EUR,,posted
TXN00005588,ACCT000301,2024-12-22,purchase,-447.21,EUR,MERCH0005,posted
TXN00005695,ACCT000309,2024-12-22,fee,-23.17,GBP,,posted
TXN00005891,ACCT000318,2024-12-22,deposit,1511.2,USD,,posted
TXN00006205,ACCT000332,2024-12-22,transfer,1624.9,USD,,posted
TXN00000038,ACCT000004,2024-12-23,purchase,-146.34,USD,MERCH0005,failed
TXN00000050,ACCT000004,2024-12-23,purchase,-346.72,USD,MERCH0002,failed
TXN00000085,ACCT000005,2024-12-23,purchase,-247.22,EUR,MERCH0008,posted
TXN00000201,ACCT000010,2024-12-23,transfer,-1412.84,EUR,,posted
TXN00000280,ACCT000017,2024-12-23,withdrawal,-350.57,USD,,posted
TXN00000623,ACCT000038,2024-12-23,withdrawal,-300.81,EUR,,posted
TXN00000765,ACCT000049,2024-12-23,refund,92.75,EUR,MERCH0002,failed
TXN00000952,ACCT000057,2024-12-23,purchase,-14.08,EUR,MERCH0005,pending
TXN00001997,ACCT000107,2024-12-23,fee,-24.91,USD,,posted
TXN00002019,ACCT000107,2024-12-23,deposit,2499.9,USD,,failed
TXN00002027,ACCT000108,2024-12-23,refund,190.75,EUR,MERCH0008,posted
TXN00002619,ACCT000135,2024-12-23,refund,28.04,USD,MERCH0004,posted
TXN00002637,ACCT000135,2024-12-23,deposit,3822.77,USD,,posted
TXN00002714,ACCT000139,2024-12-23,purchase,-120.31,USD,MERCH0010,posted
TXN00003004,ACCT000154,2024-12-23,purchase,-3.93,USD,MERCH0001,posted
TXN00003469,ACCT000180,2024-12-23,withdrawal,-625.79,USD,,posted
TXN00003476,ACCT000180,2024-12-23,purchase,-322.91,USD,MERCH0004,pending
TXN00003767,ACCT000198,2024-12-23,purchase,-449.2,GBP,MERCH0003,posted
TXN00003782,ACCT000198,2024-12-23,withdrawal,-70.24,GBP,,pending
TXN00004631,ACCT000247,2024-12-23,purchase,-139.4,EUR,MERCH0006,posted
TXN00004788,ACCT000255,2024-12-23,refund,31.92,EUR,MERCH0007,pending
TXN00004796,ACCT000256,2024-12-23,purchase,-409.14,USD,MERCH0005,posted
TXN00004957,ACCT000266,2024-12-23,purchase,-409.6,USD,MERCH0003,pending
TXN00004964,ACCT000266,2024-12-23,purchase,-314.96,USD,MERCH0004,posted
TXN00005547,ACCT000300,2024-12-23,transfer,-1991.02,EUR,,posted
TXN00005568,ACCT000301,2024-12-23,deposit,3301.59,EUR,,failed
TXN00005570,ACCT000301,2024-12-23,transfer,-724.94,EUR,,failed
TXN00005573,ACCT000301,2024-12-23,refund,147.36,EUR,MERCH0003,posted
TXN00005589,ACCT000301,2024-12-23,transfer,-1772.14,EUR,,posted
TXN00005710,ACCT000309,2024-12-23,purchase,-344.33,GBP,MERCH0002,failed
TXN00005748,ACCT000311,2024-12-23,withdrawal,-362.59,USD,,posted
TXN00005793,ACCT000313,2024-12-23,transfer,-1094.78,EUR,,pending
TXN00006104,ACCT000327,2024-12-23,deposit,3792.23,USD,,posted
TXN00006127,ACCT000327,2024-12-23,withdrawal,-719.59,USD,,posted
TXN00000110,ACCT000007,2024-12-24,deposit,2174.69,USD,,posted
TXN00000388,ACCT000024,2024-12-24,transfer,-1556.77,USD,,posted
TXN00000619,ACCT000038,2024-12-24,transfer,-1077.12,EUR,,pending
TXN00000947,ACCT000056,2024-12-24,purchase,-137.8,EUR,MERCH0009,posted
TXN00001216,ACCT000069,2024-12-24,withdrawal,-582.81,USD,,posted
TXN00001537,ACCT000086,2024-12-24,fee,-4.31,GBP,,posted
TXN00001900,ACCT000102,2024-12-24,fee,-14.32,USD,,posted
TXN00002076,ACCT000111,2024-12-24,purchase,-119.34,USD,MERCH0010,posted
TXN00002400,ACCT000127,2024-12-24,withdrawal,-103.33,USD,,posted
TXN00002652,ACCT000136,2024-12-24,transfer,1105.45,EUR,,posted
TXN00002683,ACCT000138,2024-12-24,withdrawal,-225.23,USD,,posted
TXN00002855,ACCT000146,2024-12-24,purchase,-76.5,GBP,MERCH0002,posted
TXN00003724,ACCT000196,2024-12-24,transfer,30.01,USD,,posted
TXN00003770,ACCT000198,2024-12-24,purchase,-145.82,GBP,MERCH0002,posted
TXN00004121,ACCT000222,2024-12-24,purchase,-213.56,USD,MERCH0002,pending
TXN00004844,ACCT000260,2024-12-24,refund,120.53,USD,MERCH0001,posted
TXN00004956,ACCT000266,2024-12-24,purchase,-309.22,USD,MERCH0003,posted
TXN00005376,ACCT000291,2024-12-24,fee,-14.36,USD,,posted
TXN00005395,ACCT000291,2024-12-24,purchase,-410.09,USD,MERCH0005,posted
TXN00005561,ACCT000300,2024-12-24,transfer,-1339.19,EUR,,posted
TXN00005566,ACCT000301,2024-12-24,refund,106.33,EUR,MERCH0006,posted
TXN00005576,ACCT000301,2024-12-24,refund,183.19,EUR,MERCH0004,posted
TXN00005723,ACCT000310,2024-12-24,purchase,-252.27,GBP,MERCH0006,posted
TXN00005909,ACCT000319,2024-12-24,fee,-33.46,USD,,posted
TXN00006097,ACCT000326,2024-12-24,fee,-16.79,USD,,posted
TXN00006118,ACCT000327,2024-12-24,transfer,-493.35,USD,,posted
TXN00006119,ACCT000327,2024-12-24,withdrawal,-109.94,USD,,pending
TXN00006198,ACCT000331,2024-12-24,fee,-17.88,USD,,posted
TXN00006202,ACCT000332,2024-12-24,refund,166.77,USD,MERCH0001,pending
TXN00000095,ACCT000006,2024-12-25,purchase,-68.37,USD,MERCH0004,posted
TXN00000140,ACCT000008,2024-12-25,purchase,-224.9,GBP,MERCH0003,posted
TXN00000286,ACCT000017,2024-12-25,withdrawal,-166.92,USD,,pending
TXN00000322,ACCT000019,2024-12-25,withdrawal,-505.78,EUR,,failed
TXN00000594,ACCT000036,2024-12-25,purchase,-221.07,EUR,MERCH0003,posted
TXN00000617,ACCT000038,2024-12-25,purchase,-163.01,EUR,MERCH0010,posted
TXN00000920,ACCT000056,2024-12-25,deposit,3949.07,EUR,,posted
TXN00000936,ACCT000056,2024-12-25,purchase,-157.98,EUR,MERCH0008,posted
TXN00001555,ACCT000086,2024-12-25,fee,-11.14,GBP,,posted
TXN00001629,ACCT000088,2024-12-25,purchase,-128.67,USD,MERCH0004,posted
TXN00001745,ACCT000093,2024-12-25,purchase,-185.06,USD,MERCH0006,failed
TXN00001925,ACCT000103,2024-12-25,transfer,-878.25,USD,,posted
TXN00001996,ACCT000107,2024-12-25,purchase,-370.13,USD,MERCH0004,posted
TXN00002001,ACCT000107,2024-12-25,fee,-9.87,USD,,posted
TXN00002003,ACCT000107,2024-12-25,purchase,-223.62,USD,MERCH0004,pending
TXN00002017,ACCT000107,2024-12-25,transfer,-1996.22,USD,,posted
TXN00002552,ACCT000133,2024-12-25,deposit,2353.17,USD,,pending
TXN00002866,ACCT000146,2024-12-25,fee,-1.38,GBP,,posted
TXN00003232,ACCT000168,2024-12-25,refund,146.66,USD,MERCH0005,pending
TXN00003534,ACCT000183,2024-12-25,withdrawal,-474.63,GBP,,posted
TXN00004256,ACCT000227,2024-12-25,withdrawal,-734.41,GBP,,posted
TXN00004635,ACCT000247,2024-12-25,fee,-6.71,EUR,,posted
TXN00005083,ACCT000273,2024-12-25,refund,79.59,USD,MERCH0005,failed
TXN00005534,ACCT000299,2024-12-25,fee,-12.21,GBP,,pending
TXN00005543,ACCT000299,2024-12-25,purchase,-90.69,GBP,MERCH0010,posted
TXN00005544,ACCT000299,2024-12-25,purchase,-286.23,GBP,MERCH0006,posted
TXN00005592,ACCT000301,2024-12-25,transfer,462.42,EUR,,posted
TXN00005593,ACCT000301,2024-12-25,transfer,599.26,EUR,,posted
TXN00005749,ACCT000311,2024-12-25,purchase,-301.73,USD,MERCH0002,pending
TXN00005911,ACCT000319,2024-12-25,purchase,-7.97,USD,MERCH0001,pending
TXN00000083,ACCT000005,2024-12-26,refund,103.63,EUR,MERCH0009,pending
TXN00000111,ACCT000007,2024-12-26,purchase,-98.4,USD,MERCH0001,posted
TXN00000406,ACCT000024,2024-12-26,deposit,1635.55,USD,,posted
TXN00000434,ACCT000027,2024-12-26,purchase,-256.39,GBP,MERCH0010,posted
TXN00000618,ACCT000038,2024-12-26,purchase,-357.23,EUR,MERCH0003,pending
TXN00000712,ACCT000044,2024-12-26,deposit,292.15,USD,,posted
TXN00001291,ACCT000072,2024-12-26,refund,109.01,USD,MERCH0007,failed
TXN00001300,ACCT000073,2024-12-26,deposit,85.32,USD,,failed
TXN00001599,ACCT000088,2024-12-26,purchase,-317.06,USD,MERCH0007,failed
TXN00001806,ACCT000097,2024-12-26,fee,-1.26,USD,,posted
TXN00002007,ACCT000107,2024-12-26,fee,-17.24,USD,,posted
TXN00002012,ACCT000107,2024-12-26,transfer,-699.39,USD,,posted
TXN00002020,ACCT000107,2024-12-26,deposit,2245.53,USD,,posted
TXN00002021,ACCT000107,2024-12-26,withdrawal,-697.8,USD,,posted
TXN00002085,ACCT000111,2024-12-26,purchase,-35.97,USD,MERCH0001,posted
TXN00002146,ACCT000114,2024-12-26,fee,-1.69,USD,,failed
TXN00002205,ACCT000117,2024-12-26,withdrawal,-233.86,USD,,posted
TXN00002635,ACCT000135,2024-12-26,purchase,-5.64,USD,MERCH0004,posted
TXN00002698,ACCT000138,2024-12-26,purchase,-413.35,USD,MERCH0004,posted
TXN00002738,ACCT000140,2024-12-26,deposit,3555.12,EUR,,pending
TXN00002844,ACCT000146,2024-12-26,refund,123.9,GBP,MERCH0004,posted
TXN00003018,ACCT000154,2024-12-26,purchase,-38.52,USD,MERCH0001,pending
TXN00003179,ACCT000164,2024-12-26,transfer,-1579.18,USD,,failed
TXN00003411,ACCT000178,2024-12-26,purchase,-131.7,USD,MERCH0006,posted
TXN00003447,ACCT000179,2024-12-26,transfer,385.62,USD,,failed
TXN00003764,ACCT000198,2024-12-26,refund,13.63,GBP,MERCH0007,failed
TXN00004103,ACCT000219,2024-12-26,purchase,-369.06,GBP,MERCH0002,posted
TXN00004547,ACCT000242,2024-12-26,purchase,-374.53,USD,MERCH0004,pending
TXN00004868,ACCT000261,2024-12-26,fee,-10.04,EUR,,posted
TXN00004954,ACCT000266,2024-12-26,purchase,-150.31,USD,MERCH0002,posted
TXN00005279,ACCT000286,2024-12-26,purchase,-158.12,EUR,MERCH0004,posted
TXN00005523,ACCT000299,2024-12-26,purchase,-196.22,GBP,MERCH0007,posted
TXN00005528,ACCT000299,2024-12-26,transfer,-288.45,GBP,,posted
TXN00005541,ACCT000299,2024-12-26,refund,167.55,GBP,MERCH0009,posted
TXN00005553,ACCT000300,2024-12-26,transfer,-949.76,EUR,,failed
TXN00005586,ACCT000301,2024-12-26,transfer,-175.77,EUR,,failed
TXN00006193,ACCT000331,2024-12-26,purchase,-24.89,USD,MERCH0007,posted
TXN00000034,ACCT000004,2024-12-27,refund,124.48,USD,MERCH0010,posted
TXN00000292,ACCT000017,2024-12-27,purchase,-46.63,USD,MERCH0005,posted
TXN00000425,ACCT000026,2024-12-27,transfer,-837.06,USD,,failed
TXN00000620,ACCT000038,2024-12-27,transfer,1109.16,EUR,,posted
TXN00000624,ACCT000038,2024-12-27,fee,-1.01,EUR,,posted
TXN00000882,ACCT000054,2024-12-27,withdrawal,-344.65,USD,,posted
TXN00001260,ACCT000070,2024-12-27,refund,161.96,USD,MERCH0002,pending
TXN00001781,ACCT000094,2024-12-27,withdrawal,-163.58,USD,,posted
TXN00002009,ACCT000107,2024-12-27,purchase,-218.53,USD,MERCH0009,posted
TXN00002010,ACCT000107,2024-12-27,purchase,-316.5,USD,MERCH0007,pending
TXN00002018,ACCT000107,2024-12-27,refund,132.35,USD,MERCH0002,posted
TXN00002038,ACCT000109,2024-12-27,withdrawal,-689.64,EUR,,pending
TXN00002055,ACCT000109,2024-12-27,transfer,-1209.15,EUR,,posted
TXN00002110,ACCT000112,2024-12-27,transfer,-878.09,EUR,,failed
TXN00004000,ACCT000212,2024-12-27,withdrawal,-235.11,EUR,,posted
TXN00004021,ACCT000215,2024-12-27,transfer,394.52,USD,,failed
TXN00004159,ACCT000224,2024-12-27,refund,177.66,EUR,MERCH0005,pending
TXN00004773,ACCT000255,2024-12-27,purchase,-337.58,EUR,MERCH0003,posted
TXN00004833,ACCT000259,2024-12-27,purchase,-39.4,USD,MERCH0003,pending
TXN00005144,ACCT000278,2024-12-27,deposit,110.58,USD,,posted
TXN00005235,ACCT000282,2024-12-27,purchase,-307.78,USD,MERCH0010,posted
TXN00005530,ACCT000299,2024-12-27,refund,61.39,GBP,MERCH0007,pending
TXN00005539,ACCT000299,2024-12-27,purchase,-324.12,GBP,MERCH0001,posted
TXN00005540,ACCT000299,2024-12-27,withdrawal,-483.61,GBP,,failed
TXN00005542,ACCT000299,2024-12-27,refund,126.41,GBP,MERCH0001,failed
TXN00005582,ACCT000301,2024-12-27,purchase,-45.11,EUR,MERCH0009,posted
TXN00005585,ACCT000301,2024-12-27,deposit,4130.6,EUR,,posted
TXN00005654,ACCT000305,2024-12-27,withdrawal,-525.45,USD,,posted
TXN00006199,ACCT000331,2024-12-27,purchase,-278.99,USD,MERCH0001,posted
TXN00000046,ACCT000004,2024-12-28,withdrawal,-208.78,USD,,failed
TXN00000476,ACCT000029,2024-12-28,purchase,-236.35,GBP,MERCH0007,posted
TXN00000612,ACCT000038,2024-12-28,purchase,-252.43,EUR,MERCH0006,posted
TXN00000690,ACCT000042,2024-12-28,fee,-25.49,USD,,posted
TXN00000693,ACCT000042,2024-12-28,purchase,-176.17,USD,MERCH0009,failed
TXN00000852,ACCT000053,2024-12-28,refund,88.9,EUR,MERCH0008,failed
TXN00000940,ACCT000056,2024-12-28,refund,62.9,EUR,MERCH0008,posted
TXN00000950,ACCT000057,2024-12-28,purchase,-328.66,EUR,MERCH0010,posted
TXN00001820,ACCT000097,2024-12-28,purchase,-173.93,USD,MERCH0010,failed
TXN00002382,ACCT000126,2024-12-28,withdrawal,-508.22,GBP,,posted
TXN00002388,ACCT000127,2024-12-28,purchase,-417.62,USD,MERCH0005,posted
TXN00002391,ACCT000127,2024-12-28,fee,-27.51,USD,,posted
TXN00002402,ACCT000127,2024-12-28,purchase,-310.45,USD,MERCH0007,failed
TXN00002406,ACCT000127,2024-12-28,purchase,-148.07,USD,MERCH0002,failed
TXN00002471,ACCT000129,2024-12-28,purchase,-66.9,GBP,MERCH0001,posted
TXN00002515,ACCT000131,2024-12-28,refund,122.51,EUR,MERCH0009,pending
TXN00002588,ACCT000134,2024-12-28,purchase,-43.66,GBP,MERCH0009,failed
TXN00002616,ACCT000135,2024-12-28,fee,-10.68,USD,,posted
TXN00002639,ACCT000135,2024-12-28,fee,-10.6,USD,,pending
TXN00002643,ACCT000136,2024-12-28,purchase,-449.62,EUR,MERCH0007,posted
TXN00002702,ACCT000138,2024-12-28,refund,142.14,USD,MERCH0010,posted
TXN00003095,ACCT000158,2024-12-28,purchase,-332.82,EUR,MERCH0003,failed
TXN00003413,ACCT000178,2024-12-28,purchase,-88.12,USD,MERCH0003,posted
TXN00004239,ACCT000227,2024-12-28,fee,-21.02,GBP,,posted
TXN00005181,ACCT000281,2024-12-28,fee,-17.79,EUR,,pending
TXN00005253,ACCT000283,2024-12-28,refund,109.93,USD,MERCH0010,failed
TXN00005525,ACCT000299,2024-12-28,fee,-3.91,GBP,,posted
TXN00005581,ACCT000301,2024-12-28,purchase,-446.63,EUR,MERCH0005,posted
TXN00005587,ACCT000301,2024-12-28,purchase,-66.58,EUR,MERCH0002,failed
TXN00006082,ACCT000326,2024-12-28,refund,128.39,USD,MERCH0002,posted
TXN00006192,ACCT000331,2024-12-28,deposit,2019.59,USD,,failed
TXN00006230,ACCT000335,2024-12-28,withdrawal,-739.9,USD,,failed
TXN00000052,ACCT000004,2024-12-29,fee,-33.87,USD,,posted
TXN00000065,ACCT000005,2024-12-29,fee,-14.22,EUR,,failed
TXN00000410,ACCT000025,2024-12-29,fee,-22.98,USD,,posted
TXN00000436,ACCT000027,2024-12-29,fee,-10.41,GBP,,posted
TXN00000662,ACCT000040,2024-12-29,purchase,-219.64,GBP,MERCH0006,pending
TXN00000713,ACCT000045,2024-12-29,transfer,-307.84,USD,,posted
TXN00000723,ACCT000046,2024-12-29,withdrawal,-353.1,USD,,posted
TXN00000985,ACCT000058,2024-12-29,deposit,4166.29,USD,,pending
TXN00001594,ACCT000087,2024-12-29,purchase,-329.29,EUR,MERCH0002,posted
TXN00001625,ACCT000088,2024-12-29,purchase,-72.53,USD,MERCH0003,pending
TXN00001759,ACCT000093,2024-12-29,refund,197.27,USD,MERCH0005,posted
TXN00001776,ACCT000094,2024-12-29,transfer,1957.55,USD,,posted
TXN00001816,ACCT000097,2024-12-29,purchase,-55.91,USD,MERCH0009,pending
TXN00001916,ACCT000102,2024-12-29,transfer,243.27,USD,,failed
TXN00002366,ACCT000126,2024-12-29,purchase,-250.32,GBP,MERCH0005,pending
TXN00003023,ACCT000154,2024-12-29,deposit,4483.17,USD,,failed
TXN00003736,ACCT000196,2024-12-29,purchase,-259.58,USD,MERCH0009,posted
TXN00003997,ACCT000212,2024-12-29,withdrawal,-632.74,EUR,,posted
TXN00004244,ACCT000227,2024-12-29,transfer,471.19,GBP,,posted
TXN00004247,ACCT000227,2024-12-29,fee,-23.56,GBP,,posted
TXN00005247,ACCT000283,2024-12-29,deposit,457.89,USD,,posted
TXN00005524,ACCT000299,2024-12-29,purchase,-315.56,GBP,MERCH0010,posted
TXN00005527,ACCT000299,2024-12-29,purchase,-133.27,GBP,MERCH0008,pending
TXN00005529,ACCT000299,2024-12-29,refund,94.58,GBP,MERCH0008,posted
TXN00005535,ACCT000299,2024-12-29,deposit,2879.7,GBP,,posted
TXN00005536,ACCT000299,2024-12-29,transfer,714.82,GBP,,posted
TXN00005537,ACCT000299,2024-12-29,refund,130.71,GBP,MERCH0002,posted
TXN00005538,ACCT000299,2024-12-29,fee,-2.34,GBP,,failed
TXN00005564,ACCT000300,2024-12-29,deposit,2199.17,EUR,,posted
TXN00005571,ACCT000301,2024-12-29,withdrawal,-268.92,EUR,,posted
TXN00005575,ACCT000301,2024-12-29,deposit,2857.37,EUR,,failed
TXN00005578,ACCT000301,2024-12-29,transfer,-498.54,EUR,,posted
TXN00006190,ACCT000330,2024-12-29,transfer,1475.19,GBP,,posted
TXN00006196,ACCT000331,2024-12-29,transfer,-1249.5,USD,,posted
TXN00006203,ACCT000332,2024-12-29,deposit,3782.06,USD,,pending
TXN00000132,ACCT000008,2024-12-30,fee,-15.4,GBP,,posted
TXN00000164,ACCT000009,2024-12-30,withdrawal,-92.56,EUR,,posted
TXN00000411,ACCT000025,2024-12-30,purchase,-208.27,USD,MERCH0001,posted
TXN00001188,ACCT000068,2024-12-30,fee,-33.63,EUR,,failed
TXN00001508,ACCT000084,2024-12-30,purchase,-394.68,USD,MERCH0009,failed
TXN00001576,ACCT000087,2024-12-30,purchase,-370.24,EUR,MERCH0007,posted
TXN00001623,ACCT000088,2024-12-30,purchase,-338.74,USD,MERCH0006,posted
TXN00001640,ACCT000089,2024-12-30,fee,-9.4,USD,,posted
TXN00002024,ACCT000107,2024-12-30,withdrawal,-81.19,USD,,posted
TXN00002034,ACCT000108,2024-12-30,transfer,1624.28,EUR,,pending
TXN00002275,ACCT000122,2024-12-30,transfer,241.11,USD,,posted
TXN00002304,ACCT000123,2024-12-30,refund,85.89,GBP,MERCH0010,pending
TXN00002403,ACCT000127,2024-12-30,deposit,1436.71,USD,,pending
TXN00002440,ACCT000129,2024-12-30,purchase,-163.86,GBP,MERCH0009,posted
TXN00002563,ACCT000133,2024-12-30,transfer,-1553.75,USD,,posted
TXN00003396,ACCT000178,2024-12-30,withdrawal,-158.66,USD,,posted
TXN00003709,ACCT000195,2024-12-30,purchase,-135.67,EUR,MERCH0008,pending
TXN00003731,ACCT000196,2024-12-30,purchase,-86.11,USD,MERCH0006,posted
TXN00004106,ACCT000219,2024-12-30,transfer,-1742.07,GBP,,pending
TXN00005434,ACCT000293,2024-12-30,deposit,3336.78,GBP,,posted
TXN00005532,ACCT000299,2024-12-30,purchase,-16.11,GBP,MERCH0006,posted
TXN00005533,ACCT000299,2024-12-30,withdrawal,-117.34,GBP,,posted
TXN00005545,ACCT000299,2024-12-30,fee,-29.41,GBP,,posted
TXN00005562,ACCT000300,2024-12-30,deposit,3943.42,EUR,,pending
TXN00005595,ACCT000301,2024-12-30,purchase,-106.77,EUR,MERCH0010,posted
TXN00005643,ACCT000305,2024-12-30,purchase,-355.6,USD,MERCH0004,pending
TXN00005796,ACCT000313,2024-12-30,purchase,-129.99,EUR,MERCH0004,posted
TXN00005856,ACCT000316,2024-12-30,purchase,-183.64,USD,MERCH0006,pending
TXN00005938,ACCT000320,2024-12-30,purchase,-208.44,USD,MERCH0005,pending
TXN00006091,ACCT000326,2024-12-30,deposit,3065.67,USD,,posted
TXN00006219,ACCT000334,2024-12-30,withdrawal,-193.78,USD,,pending
TXN00006231,ACCT000335,2024-12-30,purchase,-306.41,USD,MERCH0002,posted
TXN00000445,ACCT000027,2024-12-31,withdrawal,-124.43,GBP,,pending
TXN00000490,ACCT000030,2024-12-31,purchase,-176.93,GBP,MERCH0003,failed
TXN00000820,ACCT000051,2024-12-31,refund,44.54,USD,MERCH0003,failed
TXN00001096,ACCT000064,2024-12-31,purchase,-309.53,GBP,MERCH0010,posted
TXN00001179,ACCT000068,2024-12-31,fee,-34.3,EUR,,posted
TXN00001215,ACCT000069,2024-12-31,withdrawal,-347.06,USD,,failed
TXN00001601,ACCT000088,2024-12-31,purchase,-203.55,USD,MERCH0010,posted
TXN00002022,ACCT000107,2024-12-31,withdrawal,-268.71,USD,,pending
TXN00002023,ACCT000107,2024-12-31,purchase,-157.95,USD,MERCH0001,posted
TXN00002025,ACCT000107,2024-12-31,deposit,1559.45,USD,,pending
TXN00002209,ACCT000117,2024-12-31,purchase,-392.3,USD,MERCH0003,posted
TXN00002340,ACCT000124,2024-12-31,purchase,-217.92,USD,MERCH0008,failed
TXN00002380,ACCT000126,2024-12-31,withdrawal,-762.12,GBP,,posted
TXN00002602,ACCT000134,2024-12-31,deposit,2501.61,GBP,,pending
TXN00003700,ACCT000194,2024-12-31,refund,17.31,GBP,MERCH0010,posted
TXN00004029,ACCT000215,2024-12-31,fee,-18.15,USD,,failed
TXN00004508,ACCT000241,2024-12-31,deposit,1193.89,USD,,pending
TXN00004620,ACCT000247,2024-12-31,transfer,-1189.59,EUR,,failed
TXN00004905,ACCT000263,2024-12-31,refund,126.56,GBP,MERCH0005,pending
TXN00005526,ACCT000299,2024-12-31,transfer,-390.78,GBP,,failed
TXN00005531,ACCT000299,2024-12-31,deposit,4565.07,GBP,,posted
TXN00005567,ACCT000301,2024-12-31,withdrawal,-210.09,EUR,,failed
TXN00005577,ACCT000301,2024-12-31,purchase,-143.69,EUR,MERCH0010,failed
TXN00005584,ACCT000301,2024-12-31,refund,55.17,EUR,MERCH0010,failed
TXN00005591,ACCT000301,2024-12-31,purchase,-52.62,EUR,MERCH0006,posted
TXN00005807,ACCT000314,2024-12-31,fee,-26.86,USD,,posted
TXN00006172,ACCT000330,2024-12-31,purchase,-365.57,GBP,MERCH0009,pending
TXN00006237,ACCT000335,2024-12-31,transfer,907.78,USD,,posted
